Instance,Terminal,Layer,X location,Y location,Voltage
FILLER_93_553,VPWR,li1,260.1300,263.8400,1.799989
FILLER_93_545,VPWR,li1,258.0600,263.8400,1.799989
FILLER_93_533,VPWR,li1,253.4600,263.8400,1.799989
FILLER_93_529,VPWR,li1,249.5500,263.8400,1.799989
FILLER_93_517,VPWR,li1,246.1000,263.8400,1.799989
FILLER_93_505,VPWR,li1,240.5800,263.8400,1.799989
FILLER_93_501,VPWR,li1,236.6700,263.8400,1.799989
FILLER_93_489,VPWR,li1,233.2200,263.8400,1.799989
FILLER_93_477,VPWR,li1,227.7000,263.8400,1.799989
FILLER_93_473,VPWR,li1,223.7900,263.8400,1.799989
FILLER_93_461,VPWR,li1,220.3400,263.8400,1.799989
FILLER_93_449,VPWR,li1,214.8200,263.8400,1.799989
FILLER_93_445,VPWR,li1,210.9100,263.8400,1.799989
FILLER_93_433,VPWR,li1,207.4600,263.8400,1.799989
FILLER_93_421,VPWR,li1,201.9400,263.8400,1.799989
FILLER_93_417,VPWR,li1,198.0300,263.8400,1.799989
FILLER_93_405,VPWR,li1,194.5800,263.8400,1.799989
FILLER_93_393,VPWR,li1,189.0600,263.8400,1.799989
FILLER_93_391,VPWR,li1,185.6100,263.8400,1.799990
FILLER_93_385,VPWR,li1,183.3100,263.8400,1.799990
FILLER_93_377,VPWR,li1,180.7800,263.8400,1.799990
FILLER_93_365,VPWR,li1,176.1800,263.8400,1.799990
FILLER_93_363,VPWR,li1,172.7300,263.8400,1.799988
FILLER_93_355,VPWR,li1,170.6600,263.8400,1.799985
FILLER_93_343,VPWR,li1,166.0600,263.8400,1.799981
FILLER_93_337,VPWR,li1,161.0000,263.8400,1.799979
FILLER_93_335,VPWR,li1,159.8500,263.8400,1.799978
FILLER_93_328,VPWR,li1,157.3200,263.8400,1.799977
FILLER_93_321,VPWR,li1,154.1000,263.8400,1.799976
FILLER_93_309,VPWR,li1,150.4200,263.8400,1.799975
FILLER_93_307,VPWR,li1,146.9700,263.8400,1.799974
FILLER_93_301,VPWR,li1,145.3600,263.8400,1.799974
FILLER_93_295,VPWR,li1,141.6800,263.8400,1.799972
FILLER_93_287,VPWR,li1,139.3800,263.8400,1.799972
FILLER_93_281,VPWR,li1,135.2400,263.8400,1.799972
FILLER_93_277,VPWR,li1,133.6300,263.8400,1.799972
FILLER_93_265,VPWR,li1,130.1800,263.8400,1.799972
FILLER_93_253,VPWR,li1,124.6600,263.8400,1.799973
FILLER_93_251,VPWR,li1,121.2100,263.8400,1.799974
FILLER_93_244,VPWR,li1,118.6800,263.8400,1.799974
FILLER_93_237,VPWR,li1,115.4600,263.8400,1.799975
FILLER_93_230,VPWR,li1,112.2400,263.8400,1.799975
FILLER_93_225,VPWR,li1,109.4800,263.8400,1.799976
FILLER_93_223,VPWR,li1,108.3300,263.8400,1.799976
FILLER_93_217,VPWR,li1,106.0300,263.8400,1.799976
FILLER_93_209,VPWR,li1,103.5000,263.8400,1.799977
FILLER_93_205,VPWR,li1,100.0500,263.8400,1.799978
FILLER_93_197,VPWR,li1,97.9800,263.8400,1.799978
FILLER_93_193,VPWR,li1,94.9900,263.8400,1.799979
FILLER_93_181,VPWR,li1,91.5400,263.8400,1.799980
FILLER_93_169,VPWR,li1,86.0200,263.8400,1.799981
FILLER_93_165,VPWR,li1,82.1100,263.8400,1.799982
FILLER_93_153,VPWR,li1,78.6600,263.8400,1.799983
FILLER_93_141,VPWR,li1,73.1400,263.8400,1.799984
FILLER_93_137,VPWR,li1,69.2300,263.8400,1.799986
FILLER_93_125,VPWR,li1,65.7800,263.8400,1.799986
FILLER_93_113,VPWR,li1,60.2600,263.8400,1.799988
FILLER_93_109,VPWR,li1,56.3500,263.8400,1.799989
FILLER_93_97,VPWR,li1,52.9000,263.8400,1.799990
FILLER_93_85,VPWR,li1,47.3800,263.8400,1.799991
FILLER_93_81,VPWR,li1,43.4700,263.8400,1.799992
FILLER_93_69,VPWR,li1,40.0200,263.8400,1.799993
FILLER_93_57,VPWR,li1,34.5000,263.8400,1.799994
FILLER_93_53,VPWR,li1,30.5900,263.8400,1.799995
FILLER_93_41,VPWR,li1,27.1400,263.8400,1.799996
FILLER_93_29,VPWR,li1,21.6200,263.8400,1.799997
FILLER_93_27,VPWR,li1,18.1700,263.8400,1.799997
FILLER_93_15,VPWR,li1,15.1800,263.8400,1.799997
FILLER_93_3,VPWR,li1,9.6600,263.8400,1.799997
FILLER_92_553,VPWR,li1,260.1300,263.8400,1.799989
FILLER_92_545,VPWR,li1,258.0600,263.8400,1.799989
FILLER_92_533,VPWR,li1,253.4600,263.8400,1.799989
FILLER_92_531,VPWR,li1,250.0100,263.8400,1.799989
FILLER_92_525,VPWR,li1,248.4000,263.8400,1.799989
FILLER_92_513,VPWR,li1,244.2600,263.8400,1.799989
FILLER_92_501,VPWR,li1,238.7400,263.8400,1.799989
FILLER_92_489,VPWR,li1,233.2200,263.8400,1.799989
FILLER_92_477,VPWR,li1,227.7000,263.8400,1.799989
FILLER_92_475,VPWR,li1,224.2500,263.8400,1.799989
FILLER_92_469,VPWR,li1,222.6400,263.8400,1.799989
FILLER_92_457,VPWR,li1,218.5000,263.8400,1.799989
FILLER_92_445,VPWR,li1,212.9800,263.8400,1.799989
FILLER_92_433,VPWR,li1,207.4600,263.8400,1.799989
FILLER_92_421,VPWR,li1,201.9400,263.8400,1.799989
FILLER_92_419,VPWR,li1,198.4900,263.8400,1.799989
FILLER_92_401,VPWR,li1,191.8200,263.8400,1.799989
FILLER_92_389,VPWR,li1,187.2200,263.8400,1.799990
FILLER_92_377,VPWR,li1,181.7000,263.8400,1.799990
FILLER_92_365,VPWR,li1,176.1800,263.8400,1.799990
FILLER_92_362,VPWR,li1,172.5000,263.8400,1.799988
FILLER_92_350,VPWR,li1,169.2800,263.8400,1.799985
FILLER_92_341,VPWR,li1,162.8400,263.8400,1.799980
FILLER_92_333,VPWR,li1,160.5400,263.8400,1.799978
FILLER_92_321,VPWR,li1,155.9400,263.8400,1.799977
FILLER_92_309,VPWR,li1,150.4200,263.8400,1.799975
FILLER_92_306,VPWR,li1,146.7400,263.8400,1.799974
FILLER_92_294,VPWR,li1,143.5200,263.8400,1.799973
FILLER_92_282,VPWR,li1,138.0000,263.8400,1.799972
FILLER_92_270,VPWR,li1,132.4800,263.8400,1.799972
FILLER_92_258,VPWR,li1,126.9600,263.8400,1.799973
FILLER_92_253,VPWR,li1,122.3600,263.8400,1.799973
FILLER_92_251,VPWR,li1,121.2100,263.8400,1.799974
FILLER_92_245,VPWR,li1,119.6000,263.8400,1.799974
FILLER_92_233,VPWR,li1,115.4600,263.8400,1.799975
FILLER_92_221,VPWR,li1,109.9400,263.8400,1.799976
FILLER_92_209,VPWR,li1,104.4200,263.8400,1.799977
FILLER_92_197,VPWR,li1,98.9000,263.8400,1.799978
FILLER_92_195,VPWR,li1,95.4500,263.8400,1.799979
FILLER_92_189,VPWR,li1,93.8400,263.8400,1.799979
FILLER_92_177,VPWR,li1,89.7000,263.8400,1.799980
FILLER_92_165,VPWR,li1,84.1800,263.8400,1.799982
FILLER_92_153,VPWR,li1,78.6600,263.8400,1.799983
FILLER_92_141,VPWR,li1,73.1400,263.8400,1.799984
FILLER_92_139,VPWR,li1,69.6900,263.8400,1.799986
FILLER_92_133,VPWR,li1,68.0800,263.8400,1.799986
FILLER_92_121,VPWR,li1,63.9400,263.8400,1.799987
FILLER_92_109,VPWR,li1,58.4200,263.8400,1.799988
FILLER_92_97,VPWR,li1,52.9000,263.8400,1.799990
FILLER_92_85,VPWR,li1,47.3800,263.8400,1.799991
FILLER_92_83,VPWR,li1,43.9300,263.8400,1.799992
FILLER_92_77,VPWR,li1,42.3200,263.8400,1.799992
FILLER_92_65,VPWR,li1,38.1800,263.8400,1.799993
FILLER_92_53,VPWR,li1,32.6600,263.8400,1.799995
FILLER_92_41,VPWR,li1,27.1400,263.8400,1.799996
FILLER_92_29,VPWR,li1,21.6200,263.8400,1.799997
FILLER_92_27,VPWR,li1,18.1700,263.8400,1.799997
FILLER_92_15,VPWR,li1,15.1800,263.8400,1.799997
FILLER_92_3,VPWR,li1,9.6600,263.8400,1.799997
FILLER_91_553,VPWR,li1,260.1300,258.4000,1.799933
FILLER_91_541,VPWR,li1,257.1400,258.4000,1.799933
FILLER_91_529,VPWR,li1,251.6200,258.4000,1.799933
FILLER_91_517,VPWR,li1,246.1000,258.4000,1.799933
FILLER_91_505,VPWR,li1,240.5800,258.4000,1.799933
FILLER_91_503,VPWR,li1,237.1300,258.4000,1.799933
FILLER_91_497,VPWR,li1,235.5200,258.4000,1.799933
FILLER_91_485,VPWR,li1,231.3800,258.4000,1.799933
FILLER_91_473,VPWR,li1,225.8600,258.4000,1.799933
FILLER_91_461,VPWR,li1,220.3400,258.4000,1.799933
FILLER_91_449,VPWR,li1,214.8200,258.4000,1.799933
FILLER_91_445,VPWR,li1,210.9100,258.4000,1.799933
FILLER_91_437,VPWR,li1,208.3800,258.4000,1.799933
FILLER_91_425,VPWR,li1,203.7800,258.4000,1.799933
FILLER_91_413,VPWR,li1,195.7300,258.4000,1.799934
FILLER_91_391,VPWR,li1,185.6100,258.4000,1.799937
FILLER_91_385,VPWR,li1,184.0000,258.4000,1.799937
FILLER_91_364,VPWR,li1,173.1900,258.4000,1.799926
FILLER_91_328,VPWR,li1,158.2400,258.4000,1.799877
FILLER_91_305,VPWR,li1,146.5100,258.4000,1.799860
FILLER_91_293,VPWR,li1,143.0600,258.4000,1.799857
FILLER_91_281,VPWR,li1,137.5400,258.4000,1.799853
FILLER_91_278,VPWR,li1,133.8600,258.4000,1.799850
FILLER_91_270,VPWR,li1,131.5600,258.4000,1.799849
FILLER_91_225,VPWR,li1,109.4800,258.4000,1.799862
FILLER_91_223,VPWR,li1,108.3300,258.4000,1.799865
FILLER_91_217,VPWR,li1,106.7200,258.4000,1.799865
FILLER_91_205,VPWR,li1,102.5800,258.4000,1.799871
FILLER_91_193,VPWR,li1,97.0600,258.4000,1.799880
FILLER_91_181,VPWR,li1,91.5400,258.4000,1.799886
FILLER_91_169,VPWR,li1,86.0200,258.4000,1.799894
FILLER_91_167,VPWR,li1,82.5700,258.4000,1.799901
FILLER_91_161,VPWR,li1,80.9600,258.4000,1.799901
FILLER_91_149,VPWR,li1,76.8200,258.4000,1.799907
FILLER_91_137,VPWR,li1,71.3000,258.4000,1.799916
FILLER_91_125,VPWR,li1,65.7800,258.4000,1.799922
FILLER_91_113,VPWR,li1,60.2600,258.4000,1.799930
FILLER_91_111,VPWR,li1,56.8100,258.4000,1.799937
FILLER_91_105,VPWR,li1,55.2000,258.4000,1.799937
FILLER_91_93,VPWR,li1,51.0600,258.4000,1.799943
FILLER_91_81,VPWR,li1,45.5400,258.4000,1.799953
FILLER_91_69,VPWR,li1,40.0200,258.4000,1.799959
FILLER_91_57,VPWR,li1,34.5000,258.4000,1.799966
FILLER_91_55,VPWR,li1,31.0500,258.4000,1.799973
FILLER_91_51,VPWR,li1,29.9000,258.4000,1.799973
FILLER_91_39,VPWR,li1,26.2200,258.4000,1.799978
FILLER_91_27,VPWR,li1,20.7000,258.4000,1.799986
FILLER_91_15,VPWR,li1,15.1800,258.4000,1.799986
FILLER_91_3,VPWR,li1,9.6600,258.4000,1.799986
FILLER_90_553,VPWR,li1,260.1300,258.4000,1.799933
FILLER_90_545,VPWR,li1,258.0600,258.4000,1.799933
FILLER_90_533,VPWR,li1,253.4600,258.4000,1.799933
FILLER_90_531,VPWR,li1,250.0100,258.4000,1.799933
FILLER_90_525,VPWR,li1,248.4000,258.4000,1.799933
FILLER_90_513,VPWR,li1,244.2600,258.4000,1.799933
FILLER_90_501,VPWR,li1,238.7400,258.4000,1.799933
FILLER_90_489,VPWR,li1,233.2200,258.4000,1.799933
FILLER_90_477,VPWR,li1,227.7000,258.4000,1.799933
FILLER_90_464,VPWR,li1,221.7200,258.4000,1.799933
FILLER_90_452,VPWR,li1,216.2000,258.4000,1.799933
FILLER_90_440,VPWR,li1,210.6800,258.4000,1.799933
FILLER_90_428,VPWR,li1,205.1600,258.4000,1.799933
FILLER_90_399,VPWR,li1,190.9000,258.4000,1.799935
FILLER_90_395,VPWR,li1,187.4500,258.4000,1.799936
FILLER_90_383,VPWR,li1,184.4600,258.4000,1.799937
FILLER_90_376,VPWR,li1,178.7100,258.4000,1.799940
FILLER_90_362,VPWR,li1,172.5000,258.4000,1.799926
FILLER_90_325,VPWR,li1,155.2500,258.4000,1.799870
FILLER_90_321,VPWR,li1,154.1000,258.4000,1.799870
FILLER_90_306,VPWR,li1,146.7400,258.4000,1.799860
FILLER_90_297,VPWR,li1,142.8300,258.4000,1.799857
FILLER_90_285,VPWR,li1,139.3800,258.4000,1.799855
FILLER_90_251,VPWR,li1,121.2100,258.4000,1.799848
FILLER_90_245,VPWR,li1,118.9100,258.4000,1.799850
FILLER_90_233,VPWR,li1,115.4600,258.4000,1.799854
FILLER_90_221,VPWR,li1,109.9400,258.4000,1.799862
FILLER_90_209,VPWR,li1,104.4200,258.4000,1.799868
FILLER_90_197,VPWR,li1,98.9000,258.4000,1.799876
FILLER_90_195,VPWR,li1,95.4500,258.4000,1.799883
FILLER_90_189,VPWR,li1,93.8400,258.4000,1.799883
FILLER_90_177,VPWR,li1,89.7000,258.4000,1.799889
FILLER_90_165,VPWR,li1,84.1800,258.4000,1.799898
FILLER_90_153,VPWR,li1,78.6600,258.4000,1.799904
FILLER_90_141,VPWR,li1,73.1400,258.4000,1.799912
FILLER_90_139,VPWR,li1,69.6900,258.4000,1.799919
FILLER_90_133,VPWR,li1,68.0800,258.4000,1.799919
FILLER_90_121,VPWR,li1,63.9400,258.4000,1.799925
FILLER_90_109,VPWR,li1,58.4200,258.4000,1.799934
FILLER_90_97,VPWR,li1,52.9000,258.4000,1.799941
FILLER_90_85,VPWR,li1,47.3800,258.4000,1.799948
FILLER_90_83,VPWR,li1,43.9300,258.4000,1.799955
FILLER_90_77,VPWR,li1,42.3200,258.4000,1.799955
FILLER_90_65,VPWR,li1,38.1800,258.4000,1.799961
FILLER_90_53,VPWR,li1,32.6600,258.4000,1.799969
FILLER_90_41,VPWR,li1,27.1400,258.4000,1.799978
FILLER_90_29,VPWR,li1,21.6200,258.4000,1.799986
FILLER_90_27,VPWR,li1,18.1700,258.4000,1.799986
FILLER_90_15,VPWR,li1,15.1800,258.4000,1.799986
FILLER_90_3,VPWR,li1,9.6600,258.4000,1.799986
FILLER_89_553,VPWR,li1,260.1300,252.9600,1.799927
FILLER_89_541,VPWR,li1,257.1400,252.9600,1.799927
FILLER_89_529,VPWR,li1,251.6200,252.9600,1.799927
FILLER_89_517,VPWR,li1,246.1000,252.9600,1.799927
FILLER_89_505,VPWR,li1,240.5800,252.9600,1.799927
FILLER_89_492,VPWR,li1,234.6000,252.9600,1.799927
FILLER_89_480,VPWR,li1,229.0800,252.9600,1.799927
FILLER_89_468,VPWR,li1,223.5600,252.9600,1.799927
FILLER_89_456,VPWR,li1,218.0400,252.9600,1.799927
FILLER_89_439,VPWR,li1,208.1500,252.9600,1.799931
FILLER_89_432,VPWR,li1,205.1600,252.9600,1.799932
FILLER_89_405,VPWR,li1,192.7400,252.9600,1.799940
FILLER_89_393,VPWR,li1,189.0600,252.9600,1.799944
FILLER_89_391,VPWR,li1,185.6100,252.9600,1.799947
FILLER_89_370,VPWR,li1,175.9500,252.9600,1.799960
FILLER_89_361,VPWR,li1,172.0400,252.9600,1.799949
FILLER_89_344,VPWR,li1,163.9900,252.9600,1.799932
FILLER_89_329,VPWR,li1,157.3200,252.9600,1.799915
FILLER_89_324,VPWR,li1,155.0200,252.9600,1.799910
FILLER_89_315,VPWR,li1,150.8800,252.9600,1.799900
FILLER_89_296,VPWR,li1,141.9100,252.9600,1.799885
FILLER_89_288,VPWR,li1,139.8400,252.9600,1.799881
FILLER_89_261,VPWR,li1,127.4200,252.9600,1.799858
FILLER_89_249,VPWR,li1,122.8200,252.9600,1.799849
FILLER_89_237,VPWR,li1,117.3000,252.9600,1.799839
FILLER_89_225,VPWR,li1,111.7800,252.9600,1.799843
FILLER_89_223,VPWR,li1,108.3300,252.9600,1.799846
FILLER_89_217,VPWR,li1,106.7200,252.9600,1.799848
FILLER_89_205,VPWR,li1,102.5800,252.9600,1.799854
FILLER_89_193,VPWR,li1,97.0600,252.9600,1.799864
FILLER_89_181,VPWR,li1,91.5400,252.9600,1.799871
FILLER_89_169,VPWR,li1,86.0200,252.9600,1.799880
FILLER_89_167,VPWR,li1,82.5700,252.9600,1.799888
FILLER_89_161,VPWR,li1,80.9600,252.9600,1.799888
FILLER_89_149,VPWR,li1,76.8200,252.9600,1.799895
FILLER_89_137,VPWR,li1,71.3000,252.9600,1.799905
FILLER_89_125,VPWR,li1,65.7800,252.9600,1.799912
FILLER_89_113,VPWR,li1,60.2600,252.9600,1.799921
FILLER_89_111,VPWR,li1,56.8100,252.9600,1.799929
FILLER_89_105,VPWR,li1,55.2000,252.9600,1.799929
FILLER_89_93,VPWR,li1,51.0600,252.9600,1.799936
FILLER_89_81,VPWR,li1,45.5400,252.9600,1.799946
FILLER_89_69,VPWR,li1,40.0200,252.9600,1.799953
FILLER_89_57,VPWR,li1,34.5000,252.9600,1.799962
FILLER_89_55,VPWR,li1,31.0500,252.9600,1.799969
FILLER_89_51,VPWR,li1,29.9000,252.9600,1.799969
FILLER_89_39,VPWR,li1,26.2200,252.9600,1.799975
FILLER_89_27,VPWR,li1,20.7000,252.9600,1.799984
FILLER_89_15,VPWR,li1,15.1800,252.9600,1.799984
FILLER_89_3,VPWR,li1,9.6600,252.9600,1.799984
FILLER_88_553,VPWR,li1,260.1300,252.9600,1.799927
FILLER_88_545,VPWR,li1,258.0600,252.9600,1.799927
FILLER_88_533,VPWR,li1,253.4600,252.9600,1.799927
FILLER_88_531,VPWR,li1,250.0100,252.9600,1.799927
FILLER_88_525,VPWR,li1,248.4000,252.9600,1.799927
FILLER_88_513,VPWR,li1,244.2600,252.9600,1.799927
FILLER_88_501,VPWR,li1,238.7400,252.9600,1.799927
FILLER_88_489,VPWR,li1,233.2200,252.9600,1.799927
FILLER_88_477,VPWR,li1,227.7000,252.9600,1.799927
FILLER_88_475,VPWR,li1,224.2500,252.9600,1.799927
FILLER_88_463,VPWR,li1,221.2600,252.9600,1.799927
FILLER_88_457,VPWR,li1,216.4300,252.9600,1.799927
FILLER_88_449,VPWR,li1,213.9000,252.9600,1.799928
FILLER_88_437,VPWR,li1,209.3000,252.9600,1.799931
FILLER_88_425,VPWR,li1,203.7800,252.9600,1.799933
FILLER_88_419,VPWR,li1,198.4900,252.9600,1.799936
FILLER_88_400,VPWR,li1,190.2100,252.9600,1.799943
FILLER_88_365,VPWR,li1,174.8000,252.9600,1.799960
FILLER_88_362,VPWR,li1,172.5000,252.9600,1.799954
FILLER_88_354,VPWR,li1,170.2000,252.9600,1.799944
FILLER_88_337,VPWR,li1,161.0000,252.9600,1.799925
FILLER_88_316,VPWR,li1,151.8000,252.9600,1.799905
FILLER_88_306,VPWR,li1,146.7400,252.9600,1.799892
FILLER_88_296,VPWR,li1,142.1400,252.9600,1.799885
FILLER_88_288,VPWR,li1,139.8400,252.9600,1.799881
FILLER_88_253,VPWR,li1,124.6600,252.9600,1.799854
FILLER_88_251,VPWR,li1,121.2100,252.9600,1.799846
FILLER_88_245,VPWR,li1,119.6000,252.9600,1.799846
FILLER_88_232,VPWR,li1,112.7000,252.9600,1.799843
FILLER_88_197,VPWR,li1,98.9000,252.9600,1.799860
FILLER_88_195,VPWR,li1,95.4500,252.9600,1.799868
FILLER_88_189,VPWR,li1,93.8400,252.9600,1.799868
FILLER_88_177,VPWR,li1,89.7000,252.9600,1.799874
FILLER_88_165,VPWR,li1,84.1800,252.9600,1.799885
FILLER_88_153,VPWR,li1,78.6600,252.9600,1.799892
FILLER_88_141,VPWR,li1,73.1400,252.9600,1.799901
FILLER_88_139,VPWR,li1,69.6900,252.9600,1.799909
FILLER_88_133,VPWR,li1,68.0800,252.9600,1.799909
FILLER_88_121,VPWR,li1,63.9400,252.9600,1.799915
FILLER_88_109,VPWR,li1,58.4200,252.9600,1.799926
FILLER_88_97,VPWR,li1,52.9000,252.9600,1.799933
FILLER_88_85,VPWR,li1,47.3800,252.9600,1.799942
FILLER_88_83,VPWR,li1,43.9300,252.9600,1.799950
FILLER_88_77,VPWR,li1,42.3200,252.9600,1.799950
FILLER_88_65,VPWR,li1,38.1800,252.9600,1.799956
FILLER_88_53,VPWR,li1,32.6600,252.9600,1.799965
FILLER_88_41,VPWR,li1,27.1400,252.9600,1.799975
FILLER_88_29,VPWR,li1,21.6200,252.9600,1.799984
FILLER_88_27,VPWR,li1,18.1700,252.9600,1.799984
FILLER_88_15,VPWR,li1,15.1800,252.9600,1.799984
FILLER_88_3,VPWR,li1,9.6600,252.9600,1.799984
FILLER_87_553,VPWR,li1,260.1300,247.5200,1.799690
FILLER_87_541,VPWR,li1,257.1400,247.5200,1.799690
FILLER_87_529,VPWR,li1,251.6200,247.5200,1.799690
FILLER_87_517,VPWR,li1,246.1000,247.5200,1.799690
FILLER_87_505,VPWR,li1,240.5800,247.5200,1.799690
FILLER_87_503,VPWR,li1,237.1300,247.5200,1.799690
FILLER_87_495,VPWR,li1,235.0600,247.5200,1.799690
FILLER_87_483,VPWR,li1,230.4600,247.5200,1.799690
FILLER_87_471,VPWR,li1,224.9400,247.5200,1.799690
FILLER_87_453,VPWR,li1,214.1300,247.5200,1.799700
FILLER_87_449,VPWR,li1,212.9800,247.5200,1.799706
FILLER_87_436,VPWR,li1,208.8400,247.5200,1.799715
FILLER_87_424,VPWR,li1,203.3200,247.5200,1.799741
FILLER_87_412,VPWR,li1,197.8000,247.5200,1.799781
FILLER_87_401,VPWR,li1,190.4400,247.5200,1.799827
FILLER_87_393,VPWR,li1,188.1400,247.5200,1.799843
FILLER_87_380,VPWR,li1,183.0800,247.5200,1.799886
FILLER_87_372,VPWR,li1,177.1000,247.5200,1.799929
FILLER_87_360,VPWR,li1,173.8800,247.5200,1.799929
FILLER_87_348,VPWR,li1,168.3600,247.5200,1.799927
FILLER_87_337,VPWR,li1,161.4600,247.5200,1.799927
FILLER_87_333,VPWR,li1,159.3900,247.5200,1.799926
FILLER_87_318,VPWR,li1,153.6400,247.5200,1.799926
FILLER_87_306,VPWR,li1,149.0400,247.5200,1.799927
FILLER_87_301,VPWR,li1,144.4400,247.5200,1.799927
FILLER_87_293,VPWR,li1,142.1400,247.5200,1.799927
FILLER_87_281,VPWR,li1,137.5400,247.5200,1.799928
FILLER_87_273,VPWR,li1,131.7900,247.5200,1.799928
FILLER_87_265,VPWR,li1,129.2600,247.5200,1.799929
FILLER_87_253,VPWR,li1,124.6600,247.5200,1.799931
FILLER_87_241,VPWR,li1,119.1400,247.5200,1.799932
FILLER_87_233,VPWR,li1,112.9300,247.5200,1.799934
FILLER_87_225,VPWR,li1,110.8600,247.5200,1.799935
FILLER_87_216,VPWR,li1,106.7200,247.5200,1.799938
FILLER_87_211,VPWR,li1,102.8100,247.5200,1.799941
FILLER_87_205,VPWR,li1,101.2000,247.5200,1.799941
FILLER_87_193,VPWR,li1,97.0600,247.5200,1.799944
FILLER_87_181,VPWR,li1,91.5400,247.5200,1.799947
FILLER_87_169,VPWR,li1,86.0200,247.5200,1.799951
FILLER_87_167,VPWR,li1,82.5700,247.5200,1.799954
FILLER_87_161,VPWR,li1,80.9600,247.5200,1.799954
FILLER_87_149,VPWR,li1,76.8200,247.5200,1.799957
FILLER_87_137,VPWR,li1,71.3000,247.5200,1.799961
FILLER_87_125,VPWR,li1,65.7800,247.5200,1.799964
FILLER_87_113,VPWR,li1,60.2600,247.5200,1.799968
FILLER_87_111,VPWR,li1,56.8100,247.5200,1.799971
FILLER_87_105,VPWR,li1,55.2000,247.5200,1.799971
FILLER_87_93,VPWR,li1,51.0600,247.5200,1.799974
FILLER_87_81,VPWR,li1,45.5400,247.5200,1.799978
FILLER_87_69,VPWR,li1,40.0200,247.5200,1.799981
FILLER_87_57,VPWR,li1,34.5000,247.5200,1.799984
FILLER_87_55,VPWR,li1,31.0500,247.5200,1.799987
FILLER_87_51,VPWR,li1,29.9000,247.5200,1.799987
FILLER_87_39,VPWR,li1,26.2200,247.5200,1.799990
FILLER_87_27,VPWR,li1,20.7000,247.5200,1.799993
FILLER_87_15,VPWR,li1,15.1800,247.5200,1.799993
FILLER_87_3,VPWR,li1,9.6600,247.5200,1.799993
FILLER_86_553,VPWR,li1,260.1300,247.5200,1.799690
FILLER_86_545,VPWR,li1,258.0600,247.5200,1.799690
FILLER_86_533,VPWR,li1,253.4600,247.5200,1.799690
FILLER_86_531,VPWR,li1,250.0100,247.5200,1.799690
FILLER_86_525,VPWR,li1,248.4000,247.5200,1.799690
FILLER_86_513,VPWR,li1,244.2600,247.5200,1.799690
FILLER_86_501,VPWR,li1,238.7400,247.5200,1.799690
FILLER_86_489,VPWR,li1,233.2200,247.5200,1.799690
FILLER_86_477,VPWR,li1,227.7000,247.5200,1.799690
FILLER_86_475,VPWR,li1,224.2500,247.5200,1.799690
FILLER_86_469,VPWR,li1,222.6400,247.5200,1.799690
FILLER_86_458,VPWR,li1,216.4300,247.5200,1.799695
FILLER_86_447,VPWR,li1,212.0600,247.5200,1.799706
FILLER_86_421,VPWR,li1,200.5600,247.5200,1.799759
FILLER_86_419,VPWR,li1,198.4900,247.5200,1.799781
FILLER_86_415,VPWR,li1,197.3400,247.5200,1.799781
FILLER_86_409,VPWR,li1,193.8900,247.5200,1.799804
FILLER_86_401,VPWR,li1,191.8200,247.5200,1.799827
FILLER_86_389,VPWR,li1,187.2200,247.5200,1.799857
FILLER_86_377,VPWR,li1,181.7000,247.5200,1.799886
FILLER_86_365,VPWR,li1,176.1800,247.5200,1.799929
FILLER_86_363,VPWR,li1,172.7300,247.5200,1.799928
FILLER_86_357,VPWR,li1,171.1200,247.5200,1.799928
FILLER_86_345,VPWR,li1,166.9800,247.5200,1.799927
FILLER_86_333,VPWR,li1,161.4600,247.5200,1.799927
FILLER_86_321,VPWR,li1,155.9400,247.5200,1.799926
FILLER_86_309,VPWR,li1,150.4200,247.5200,1.799927
FILLER_86_307,VPWR,li1,146.9700,247.5200,1.799927
FILLER_86_301,VPWR,li1,144.2100,247.5200,1.799927
FILLER_86_295,VPWR,li1,142.6000,247.5200,1.799927
FILLER_86_283,VPWR,li1,138.4600,247.5200,1.799928
FILLER_86_271,VPWR,li1,132.9400,247.5200,1.799928
FILLER_86_261,VPWR,li1,126.2700,247.5200,1.799930
FILLER_86_253,VPWR,li1,123.7400,247.5200,1.799931
FILLER_86_251,VPWR,li1,121.2100,247.5200,1.799931
FILLER_86_245,VPWR,li1,119.6000,247.5200,1.799932
FILLER_86_233,VPWR,li1,115.4600,247.5200,1.799933
FILLER_86_221,VPWR,li1,109.9400,247.5200,1.799936
FILLER_86_209,VPWR,li1,104.4200,247.5200,1.799939
FILLER_86_197,VPWR,li1,98.9000,247.5200,1.799942
FILLER_86_195,VPWR,li1,95.4500,247.5200,1.799946
FILLER_86_189,VPWR,li1,93.8400,247.5200,1.799946
FILLER_86_177,VPWR,li1,89.7000,247.5200,1.799948
FILLER_86_165,VPWR,li1,84.1800,247.5200,1.799953
FILLER_86_153,VPWR,li1,78.6600,247.5200,1.799956
FILLER_86_141,VPWR,li1,73.1400,247.5200,1.799959
FILLER_86_139,VPWR,li1,69.6900,247.5200,1.799962
FILLER_86_133,VPWR,li1,68.0800,247.5200,1.799962
FILLER_86_121,VPWR,li1,63.9400,247.5200,1.799965
FILLER_86_109,VPWR,li1,58.4200,247.5200,1.799970
FILLER_86_97,VPWR,li1,52.9000,247.5200,1.799972
FILLER_86_85,VPWR,li1,47.3800,247.5200,1.799976
FILLER_86_83,VPWR,li1,43.9300,247.5200,1.799979
FILLER_86_77,VPWR,li1,42.3200,247.5200,1.799979
FILLER_86_65,VPWR,li1,38.1800,247.5200,1.799982
FILLER_86_53,VPWR,li1,32.6600,247.5200,1.799986
FILLER_86_41,VPWR,li1,27.1400,247.5200,1.799990
FILLER_86_29,VPWR,li1,21.6200,247.5200,1.799993
FILLER_86_27,VPWR,li1,18.1700,247.5200,1.799993
FILLER_86_15,VPWR,li1,15.1800,247.5200,1.799993
FILLER_86_3,VPWR,li1,9.6600,247.5200,1.799993
FILLER_85_553,VPWR,li1,260.1300,242.0800,1.799740
FILLER_85_541,VPWR,li1,257.1400,242.0800,1.799740
FILLER_85_529,VPWR,li1,251.6200,242.0800,1.799740
FILLER_85_517,VPWR,li1,246.1000,242.0800,1.799740
FILLER_85_505,VPWR,li1,240.5800,242.0800,1.799740
FILLER_85_501,VPWR,li1,236.6700,242.0800,1.799740
FILLER_85_493,VPWR,li1,234.1400,242.0800,1.799740
FILLER_85_481,VPWR,li1,229.5400,242.0800,1.799740
FILLER_85_469,VPWR,li1,224.0200,242.0800,1.799740
FILLER_85_438,VPWR,li1,207.4600,242.0800,1.799764
FILLER_85_430,VPWR,li1,204.0100,242.0800,1.799771
FILLER_85_422,VPWR,li1,201.4800,242.0800,1.799779
FILLER_85_410,VPWR,li1,196.8800,242.0800,1.799794
FILLER_85_398,VPWR,li1,191.3600,242.0800,1.799813
FILLER_85_391,VPWR,li1,185.6100,242.0800,1.799838
FILLER_85_385,VPWR,li1,184.0000,242.0800,1.799850
FILLER_85_373,VPWR,li1,179.8600,242.0800,1.799871
FILLER_85_361,VPWR,li1,174.3400,242.0800,1.799900
FILLER_85_349,VPWR,li1,168.8200,242.0800,1.799893
FILLER_85_337,VPWR,li1,163.3000,242.0800,1.799893
FILLER_85_330,VPWR,li1,158.7000,242.0800,1.799894
FILLER_85_318,VPWR,li1,154.5600,242.0800,1.799895
FILLER_85_297,VPWR,li1,142.3700,242.0800,1.799900
FILLER_85_293,VPWR,li1,141.2200,242.0800,1.799900
FILLER_85_281,VPWR,li1,137.5400,242.0800,1.799902
FILLER_85_279,VPWR,li1,134.0900,242.0800,1.799904
FILLER_85_255,VPWR,li1,123.0500,242.0800,1.799911
FILLER_85_249,VPWR,li1,121.4400,242.0800,1.799913
FILLER_85_237,VPWR,li1,117.3000,242.0800,1.799916
FILLER_85_225,VPWR,li1,111.7800,242.0800,1.799920
FILLER_85_223,VPWR,li1,108.3300,242.0800,1.799924
FILLER_85_217,VPWR,li1,106.7200,242.0800,1.799924
FILLER_85_205,VPWR,li1,102.5800,242.0800,1.799927
FILLER_85_193,VPWR,li1,97.0600,242.0800,1.799932
FILLER_85_181,VPWR,li1,91.5400,242.0800,1.799936
FILLER_85_169,VPWR,li1,86.0200,242.0800,1.799940
FILLER_85_167,VPWR,li1,82.5700,242.0800,1.799944
FILLER_85_161,VPWR,li1,80.9600,242.0800,1.799944
FILLER_85_149,VPWR,li1,76.8200,242.0800,1.799947
FILLER_85_137,VPWR,li1,71.3000,242.0800,1.799953
FILLER_85_125,VPWR,li1,65.7800,242.0800,1.799956
FILLER_85_113,VPWR,li1,60.2600,242.0800,1.799961
FILLER_85_111,VPWR,li1,56.8100,242.0800,1.799965
FILLER_85_105,VPWR,li1,55.2000,242.0800,1.799965
FILLER_85_93,VPWR,li1,51.0600,242.0800,1.799968
FILLER_85_81,VPWR,li1,45.5400,242.0800,1.799973
FILLER_85_69,VPWR,li1,40.0200,242.0800,1.799977
FILLER_85_57,VPWR,li1,34.5000,242.0800,1.799981
FILLER_85_55,VPWR,li1,31.0500,242.0800,1.799985
FILLER_85_51,VPWR,li1,29.9000,242.0800,1.799985
FILLER_85_39,VPWR,li1,26.2200,242.0800,1.799988
FILLER_85_27,VPWR,li1,20.7000,242.0800,1.799992
FILLER_85_15,VPWR,li1,15.1800,242.0800,1.799992
FILLER_85_3,VPWR,li1,9.6600,242.0800,1.799992
FILLER_84_553,VPWR,li1,260.1300,242.0800,1.799740
FILLER_84_545,VPWR,li1,258.0600,242.0800,1.799740
FILLER_84_533,VPWR,li1,253.4600,242.0800,1.799740
FILLER_84_531,VPWR,li1,250.0100,242.0800,1.799740
FILLER_84_525,VPWR,li1,248.4000,242.0800,1.799740
FILLER_84_513,VPWR,li1,244.2600,242.0800,1.799740
FILLER_84_501,VPWR,li1,238.7400,242.0800,1.799740
FILLER_84_489,VPWR,li1,233.2200,242.0800,1.799740
FILLER_84_477,VPWR,li1,227.7000,242.0800,1.799740
FILLER_84_475,VPWR,li1,224.2500,242.0800,1.799740
FILLER_84_469,VPWR,li1,222.6400,242.0800,1.799740
FILLER_84_457,VPWR,li1,218.5000,242.0800,1.799740
FILLER_84_445,VPWR,li1,212.9800,242.0800,1.799748
FILLER_84_433,VPWR,li1,207.4600,242.0800,1.799764
FILLER_84_421,VPWR,li1,201.9400,242.0800,1.799779
FILLER_84_414,VPWR,li1,197.3400,242.0800,1.799794
FILLER_84_397,VPWR,li1,189.0600,242.0800,1.799830
FILLER_84_365,VPWR,li1,174.3400,242.0800,1.799900
FILLER_84_353,VPWR,li1,168.1300,242.0800,1.799893
FILLER_84_345,VPWR,li1,164.4500,242.0800,1.799893
FILLER_84_339,VPWR,li1,162.8400,242.0800,1.799893
FILLER_84_327,VPWR,li1,158.7000,242.0800,1.799894
FILLER_84_315,VPWR,li1,153.1800,242.0800,1.799895
FILLER_84_295,VPWR,li1,141.4500,242.0800,1.799900
FILLER_84_283,VPWR,li1,138.4600,242.0800,1.799902
FILLER_84_271,VPWR,li1,132.9400,242.0800,1.799904
FILLER_84_261,VPWR,li1,126.2700,242.0800,1.799909
FILLER_84_253,VPWR,li1,123.7400,242.0800,1.799911
FILLER_84_251,VPWR,li1,121.2100,242.0800,1.799913
FILLER_84_247,VPWR,li1,120.0600,242.0800,1.799913
FILLER_84_235,VPWR,li1,116.3800,242.0800,1.799916
FILLER_84_229,VPWR,li1,111.5500,242.0800,1.799920
FILLER_84_221,VPWR,li1,109.0200,242.0800,1.799922
FILLER_84_209,VPWR,li1,104.4200,242.0800,1.799926
FILLER_84_197,VPWR,li1,98.9000,242.0800,1.799930
FILLER_84_195,VPWR,li1,95.4500,242.0800,1.799934
FILLER_84_189,VPWR,li1,93.8400,242.0800,1.799934
FILLER_84_177,VPWR,li1,89.7000,242.0800,1.799937
FILLER_84_165,VPWR,li1,84.1800,242.0800,1.799943
FILLER_84_153,VPWR,li1,78.6600,242.0800,1.799946
FILLER_84_141,VPWR,li1,73.1400,242.0800,1.799950
FILLER_84_139,VPWR,li1,69.6900,242.0800,1.799954
FILLER_84_133,VPWR,li1,68.0800,242.0800,1.799954
FILLER_84_121,VPWR,li1,63.9400,242.0800,1.799958
FILLER_84_109,VPWR,li1,58.4200,242.0800,1.799963
FILLER_84_97,VPWR,li1,52.9000,242.0800,1.799966
FILLER_84_85,VPWR,li1,47.3800,242.0800,1.799971
FILLER_84_83,VPWR,li1,43.9300,242.0800,1.799975
FILLER_84_77,VPWR,li1,42.3200,242.0800,1.799975
FILLER_84_65,VPWR,li1,38.1800,242.0800,1.799978
FILLER_84_53,VPWR,li1,32.6600,242.0800,1.799983
FILLER_84_41,VPWR,li1,27.1400,242.0800,1.799988
FILLER_84_29,VPWR,li1,21.6200,242.0800,1.799992
FILLER_84_27,VPWR,li1,18.1700,242.0800,1.799992
FILLER_84_15,VPWR,li1,15.1800,242.0800,1.799992
FILLER_84_3,VPWR,li1,9.6600,242.0800,1.799992
FILLER_83_553,VPWR,li1,260.1300,236.6400,1.799664
FILLER_83_541,VPWR,li1,257.1400,236.6400,1.799664
FILLER_83_529,VPWR,li1,251.6200,236.6400,1.799664
FILLER_83_517,VPWR,li1,246.1000,236.6400,1.799664
FILLER_83_505,VPWR,li1,240.5800,236.6400,1.799664
FILLER_83_503,VPWR,li1,237.1300,236.6400,1.799664
FILLER_83_499,VPWR,li1,235.9800,236.6400,1.799664
FILLER_83_487,VPWR,li1,232.3000,236.6400,1.799664
FILLER_83_475,VPWR,li1,226.7800,236.6400,1.799664
FILLER_83_463,VPWR,li1,221.2600,236.6400,1.799665
FILLER_83_459,VPWR,li1,216.8900,236.6400,1.799669
FILLER_83_455,VPWR,li1,215.0500,236.6400,1.799672
FILLER_83_449,VPWR,li1,213.4400,236.6400,1.799676
FILLER_83_445,VPWR,li1,210.9100,236.6400,1.799680
FILLER_83_437,VPWR,li1,208.3800,236.6400,1.799684
FILLER_83_425,VPWR,li1,203.7800,236.6400,1.799698
FILLER_83_412,VPWR,li1,195.7300,236.6400,1.799730
FILLER_83_400,VPWR,li1,192.2800,236.6400,1.799746
FILLER_83_393,VPWR,li1,186.5300,236.6400,1.799777
FILLER_83_389,VPWR,li1,185.1500,236.6400,1.799792
FILLER_83_379,VPWR,li1,180.0900,236.6400,1.799823
FILLER_83_364,VPWR,li1,173.6500,236.6400,1.799832
FILLER_83_356,VPWR,li1,171.1200,236.6400,1.799818
FILLER_83_337,VPWR,li1,163.3000,236.6400,1.799771
FILLER_83_335,VPWR,li1,159.8500,236.6400,1.799753
FILLER_83_327,VPWR,li1,157.7800,236.6400,1.799743
FILLER_83_321,VPWR,li1,153.4100,236.6400,1.799721
FILLER_83_317,VPWR,li1,152.2600,236.6400,1.799717
FILLER_83_305,VPWR,li1,148.5800,236.6400,1.799710
FILLER_83_293,VPWR,li1,143.0600,236.6400,1.799698
FILLER_83_281,VPWR,li1,137.5400,236.6400,1.799689
FILLER_83_276,VPWR,li1,133.4000,236.6400,1.799682
FILLER_83_264,VPWR,li1,129.7200,236.6400,1.799680
FILLER_83_252,VPWR,li1,124.2000,236.6400,1.799677
FILLER_83_245,VPWR,li1,118.9100,236.6400,1.799676
FILLER_83_223,VPWR,li1,108.3300,236.6400,1.799681
FILLER_83_217,VPWR,li1,106.7200,236.6400,1.799681
FILLER_83_205,VPWR,li1,102.5800,236.6400,1.799686
FILLER_83_193,VPWR,li1,97.0600,236.6400,1.799695
FILLER_83_181,VPWR,li1,91.5400,236.6400,1.799699
FILLER_83_169,VPWR,li1,86.0200,236.6400,1.799720
FILLER_83_167,VPWR,li1,82.5700,236.6400,1.799739
FILLER_83_161,VPWR,li1,80.9600,236.6400,1.799739
FILLER_83_149,VPWR,li1,76.8200,236.6400,1.799754
FILLER_83_137,VPWR,li1,71.3000,236.6400,1.799779
FILLER_83_125,VPWR,li1,65.7800,236.6400,1.799795
FILLER_83_113,VPWR,li1,60.2600,236.6400,1.799816
FILLER_83_111,VPWR,li1,56.8100,236.6400,1.799835
FILLER_83_105,VPWR,li1,55.2000,236.6400,1.799835
FILLER_83_93,VPWR,li1,51.0600,236.6400,1.799850
FILLER_83_81,VPWR,li1,45.5400,236.6400,1.799875
FILLER_83_69,VPWR,li1,40.0200,236.6400,1.799891
FILLER_83_57,VPWR,li1,34.5000,236.6400,1.799912
FILLER_83_55,VPWR,li1,31.0500,236.6400,1.799929
FILLER_83_51,VPWR,li1,29.9000,236.6400,1.799929
FILLER_83_39,VPWR,li1,26.2200,236.6400,1.799942
FILLER_83_27,VPWR,li1,20.7000,236.6400,1.799963
FILLER_83_15,VPWR,li1,15.1800,236.6400,1.799963
FILLER_83_3,VPWR,li1,9.6600,236.6400,1.799963
FILLER_82_553,VPWR,li1,260.1300,236.6400,1.799664
FILLER_82_545,VPWR,li1,258.0600,236.6400,1.799664
FILLER_82_533,VPWR,li1,253.4600,236.6400,1.799664
FILLER_82_531,VPWR,li1,250.0100,236.6400,1.799664
FILLER_82_525,VPWR,li1,248.4000,236.6400,1.799664
FILLER_82_513,VPWR,li1,244.2600,236.6400,1.799664
FILLER_82_501,VPWR,li1,238.7400,236.6400,1.799664
FILLER_82_489,VPWR,li1,233.2200,236.6400,1.799664
FILLER_82_477,VPWR,li1,227.7000,236.6400,1.799664
FILLER_82_473,VPWR,li1,223.7900,236.6400,1.799664
FILLER_82_463,VPWR,li1,218.7300,236.6400,1.799667
FILLER_82_457,VPWR,li1,215.9700,236.6400,1.799669
FILLER_82_448,VPWR,li1,212.0600,236.6400,1.799676
FILLER_82_440,VPWR,li1,209.7600,236.6400,1.799680
FILLER_82_428,VPWR,li1,203.0900,236.6400,1.799698
FILLER_82_419,VPWR,li1,198.4900,236.6400,1.799722
FILLER_82_401,VPWR,li1,190.4400,236.6400,1.799754
FILLER_82_389,VPWR,li1,187.2200,236.6400,1.799777
FILLER_82_377,VPWR,li1,181.7000,236.6400,1.799804
FILLER_82_365,VPWR,li1,176.1800,236.6400,1.799847
FILLER_82_358,VPWR,li1,171.5800,236.6400,1.799818
FILLER_82_346,VPWR,li1,167.4400,236.6400,1.799794
FILLER_82_330,VPWR,li1,158.0100,236.6400,1.799743
FILLER_82_315,VPWR,li1,150.6500,236.6400,1.799717
FILLER_82_309,VPWR,li1,149.0400,236.6400,1.799710
FILLER_82_306,VPWR,li1,146.7400,236.6400,1.799705
FILLER_82_293,VPWR,li1,142.1400,236.6400,1.799698
FILLER_82_272,VPWR,li1,130.8700,236.6400,1.799681
FILLER_82_264,VPWR,li1,128.8000,236.6400,1.799680
FILLER_82_257,VPWR,li1,124.2000,236.6400,1.799677
FILLER_82_240,VPWR,li1,116.8400,236.6400,1.799676
FILLER_82_209,VPWR,li1,103.5000,236.6400,1.799686
FILLER_82_197,VPWR,li1,98.9000,236.6400,1.799691
FILLER_82_195,VPWR,li1,95.4500,236.6400,1.799695
FILLER_82_183,VPWR,li1,89.9300,236.6400,1.799711
FILLER_82_177,VPWR,li1,88.3200,236.6400,1.799711
FILLER_82_165,VPWR,li1,84.1800,236.6400,1.799731
FILLER_82_153,VPWR,li1,78.6600,236.6400,1.799747
FILLER_82_141,VPWR,li1,73.1400,236.6400,1.799768
FILLER_82_139,VPWR,li1,69.6900,236.6400,1.799787
FILLER_82_133,VPWR,li1,68.0800,236.6400,1.799787
FILLER_82_121,VPWR,li1,63.9400,236.6400,1.799802
FILLER_82_109,VPWR,li1,58.4200,236.6400,1.799827
FILLER_82_97,VPWR,li1,52.9000,236.6400,1.799843
FILLER_82_85,VPWR,li1,47.3800,236.6400,1.799864
FILLER_82_83,VPWR,li1,43.9300,236.6400,1.799882
FILLER_82_77,VPWR,li1,42.3200,236.6400,1.799882
FILLER_82_65,VPWR,li1,38.1800,236.6400,1.799898
FILLER_82_53,VPWR,li1,32.6600,236.6400,1.799918
FILLER_82_41,VPWR,li1,27.1400,236.6400,1.799942
FILLER_82_29,VPWR,li1,21.6200,236.6400,1.799963
FILLER_82_27,VPWR,li1,18.1700,236.6400,1.799963
FILLER_82_15,VPWR,li1,15.1800,236.6400,1.799963
FILLER_82_3,VPWR,li1,9.6600,236.6400,1.799963
FILLER_81_553,VPWR,li1,260.1300,231.2000,1.799728
FILLER_81_541,VPWR,li1,257.1400,231.2000,1.799728
FILLER_81_529,VPWR,li1,251.6200,231.2000,1.799728
FILLER_81_517,VPWR,li1,246.1000,231.2000,1.799728
FILLER_81_505,VPWR,li1,240.5800,231.2000,1.799728
FILLER_81_498,VPWR,li1,235.9800,231.2000,1.799728
FILLER_81_486,VPWR,li1,231.8400,231.2000,1.799728
FILLER_81_474,VPWR,li1,226.3200,231.2000,1.799728
FILLER_81_465,VPWR,li1,219.8800,231.2000,1.799733
FILLER_81_449,VPWR,li1,212.5200,231.2000,1.799747
FILLER_81_446,VPWR,li1,211.1400,231.2000,1.799747
FILLER_81_434,VPWR,li1,207.9200,231.2000,1.799755
FILLER_81_422,VPWR,li1,202.4000,231.2000,1.799766
FILLER_81_413,VPWR,li1,195.7300,231.2000,1.799779
FILLER_81_405,VPWR,li1,193.6600,231.2000,1.799784
FILLER_81_393,VPWR,li1,189.0600,231.2000,1.799795
FILLER_81_388,VPWR,li1,184.9200,231.2000,1.799802
FILLER_81_376,VPWR,li1,181.2400,231.2000,1.799810
FILLER_81_364,VPWR,li1,175.7200,231.2000,1.799830
FILLER_81_349,VPWR,li1,166.7500,231.2000,1.799745
FILLER_81_337,VPWR,li1,163.3000,231.2000,1.799718
FILLER_81_328,VPWR,li1,158.2400,231.2000,1.799679
FILLER_81_314,VPWR,li1,151.8000,231.2000,1.799632
FILLER_81_302,VPWR,li1,147.2000,231.2000,1.799607
FILLER_81_292,VPWR,li1,140.7600,231.2000,1.799593
FILLER_81_281,VPWR,li1,135.7000,231.2000,1.799590
FILLER_81_273,VPWR,li1,132.0200,231.2000,1.799591
FILLER_81_257,VPWR,li1,124.2000,231.2000,1.799599
FILLER_81_233,VPWR,li1,113.3900,231.2000,1.799620
FILLER_81_225,VPWR,li1,110.8600,231.2000,1.799627
FILLER_81_223,VPWR,li1,108.3300,231.2000,1.799633
FILLER_81_215,VPWR,li1,106.2600,231.2000,1.799639
FILLER_81_203,VPWR,li1,101.6600,231.2000,1.799651
FILLER_81_191,VPWR,li1,96.1400,231.2000,1.799666
FILLER_81_181,VPWR,li1,89.4700,231.2000,1.799685
FILLER_81_169,VPWR,li1,86.0200,231.2000,1.799695
FILLER_81_162,VPWR,li1,81.4200,231.2000,1.799709
FILLER_81_150,VPWR,li1,77.2800,231.2000,1.799727
FILLER_81_138,VPWR,li1,71.7600,231.2000,1.799750
FILLER_81_125,VPWR,li1,63.4800,231.2000,1.799776
FILLER_81_113,VPWR,li1,60.2600,231.2000,1.799789
FILLER_81_111,VPWR,li1,56.8100,231.2000,1.799802
FILLER_81_105,VPWR,li1,55.2000,231.2000,1.799814
FILLER_81_93,VPWR,li1,51.0600,231.2000,1.799825
FILLER_81_81,VPWR,li1,45.5400,231.2000,1.799848
FILLER_81_69,VPWR,li1,40.0200,231.2000,1.799871
FILLER_81_57,VPWR,li1,34.5000,231.2000,1.799894
FILLER_81_53,VPWR,li1,30.5900,231.2000,1.799911
FILLER_81_47,VPWR,li1,27.3700,231.2000,1.799925
FILLER_81_39,VPWR,li1,25.3000,231.2000,1.799936
FILLER_81_27,VPWR,li1,20.7000,231.2000,1.799954
FILLER_81_15,VPWR,li1,15.1800,231.2000,1.799953
FILLER_81_3,VPWR,li1,9.6600,231.2000,1.799953
FILLER_80_553,VPWR,li1,260.1300,231.2000,1.799728
FILLER_80_545,VPWR,li1,258.0600,231.2000,1.799728
FILLER_80_533,VPWR,li1,253.4600,231.2000,1.799728
FILLER_80_530,VPWR,li1,249.7800,231.2000,1.799728
FILLER_80_518,VPWR,li1,246.5600,231.2000,1.799728
FILLER_80_506,VPWR,li1,241.0400,231.2000,1.799728
FILLER_80_494,VPWR,li1,235.5200,231.2000,1.799728
FILLER_80_482,VPWR,li1,230.0000,231.2000,1.799728
FILLER_80_458,VPWR,li1,216.8900,231.2000,1.799736
FILLER_80_453,VPWR,li1,214.3600,231.2000,1.799741
FILLER_80_445,VPWR,li1,212.0600,231.2000,1.799747
FILLER_80_433,VPWR,li1,207.4600,231.2000,1.799755
FILLER_80_421,VPWR,li1,201.9400,231.2000,1.799766
FILLER_80_417,VPWR,li1,198.0300,231.2000,1.799774
FILLER_80_409,VPWR,li1,195.5000,231.2000,1.799779
FILLER_80_400,VPWR,li1,189.7500,231.2000,1.799791
FILLER_80_392,VPWR,li1,187.6800,231.2000,1.799795
FILLER_80_380,VPWR,li1,183.0800,231.2000,1.799806
FILLER_80_360,VPWR,li1,171.3500,231.2000,1.799789
FILLER_80_356,VPWR,li1,170.2000,231.2000,1.799766
FILLER_80_344,VPWR,li1,166.5200,231.2000,1.799745
FILLER_80_338,VPWR,li1,161.6900,231.2000,1.799696
FILLER_80_326,VPWR,li1,158.2400,231.2000,1.799679
FILLER_80_307,VPWR,li1,146.9700,231.2000,1.799607
FILLER_80_303,VPWR,li1,145.8200,231.2000,1.799607
FILLER_80_294,VPWR,li1,141.2200,231.2000,1.799593
FILLER_80_281,VPWR,li1,136.6200,231.2000,1.799590
FILLER_80_269,VPWR,li1,132.0200,231.2000,1.799591
FILLER_80_257,VPWR,li1,125.1200,231.2000,1.799596
FILLER_80_253,VPWR,li1,122.1300,231.2000,1.799602
FILLER_80_251,VPWR,li1,121.2100,231.2000,1.799602
FILLER_80_233,VPWR,li1,115.4600,231.2000,1.799614
FILLER_80_221,VPWR,li1,109.9400,231.2000,1.799633
FILLER_80_209,VPWR,li1,104.4200,231.2000,1.799644
FILLER_80_197,VPWR,li1,98.9000,231.2000,1.799659
FILLER_80_195,VPWR,li1,95.4500,231.2000,1.799671
FILLER_80_191,VPWR,li1,94.3000,231.2000,1.799671
FILLER_80_179,VPWR,li1,90.6200,231.2000,1.799685
FILLER_80_153,VPWR,li1,76.5900,231.2000,1.799727
FILLER_80_145,VPWR,li1,74.0600,231.2000,1.799736
FILLER_80_107,VPWR,li1,57.5000,231.2000,1.799802
FILLER_80_74,VPWR,li1,40.9400,231.2000,1.799871
FILLER_80_62,VPWR,li1,36.8000,231.2000,1.799884
FILLER_80_41,VPWR,li1,24.8400,231.2000,1.799936
FILLER_80_29,VPWR,li1,21.6200,231.2000,1.799954
FILLER_80_19,VPWR,li1,14.4900,231.2000,1.799953
FILLER_80_15,VPWR,li1,13.3400,231.2000,1.799953
FILLER_80_3,VPWR,li1,9.6600,231.2000,1.799953
FILLER_79_553,VPWR,li1,260.1300,225.7600,1.799047
FILLER_79_541,VPWR,li1,257.1400,225.7600,1.799047
FILLER_79_529,VPWR,li1,251.6200,225.7600,1.799047
FILLER_79_517,VPWR,li1,246.1000,225.7600,1.799047
FILLER_79_505,VPWR,li1,240.5800,225.7600,1.799047
FILLER_79_500,VPWR,li1,236.4400,225.7600,1.799047
FILLER_79_488,VPWR,li1,232.7600,225.7600,1.799047
FILLER_79_476,VPWR,li1,227.2400,225.7600,1.799047
FILLER_79_467,VPWR,li1,220.5700,225.7600,1.799063
FILLER_79_461,VPWR,li1,218.9600,225.7600,1.799063
FILLER_79_449,VPWR,li1,214.8200,225.7600,1.799092
FILLER_79_446,VPWR,li1,211.1400,225.7600,1.799107
FILLER_79_433,VPWR,li1,204.9300,225.7600,1.799178
FILLER_79_429,VPWR,li1,203.7800,225.7600,1.799178
FILLER_79_417,VPWR,li1,200.1000,225.7600,1.799257
FILLER_79_405,VPWR,li1,194.5800,225.7600,1.799319
FILLER_79_393,VPWR,li1,189.0600,225.7600,1.799417
FILLER_79_390,VPWR,li1,185.3800,225.7600,1.799502
FILLER_79_371,VPWR,li1,176.6400,225.7600,1.799708
FILLER_79_363,VPWR,li1,174.3400,225.7600,1.799701
FILLER_79_351,VPWR,li1,169.7400,225.7600,1.799693
FILLER_79_335,VPWR,li1,159.8500,225.7600,1.799672
FILLER_79_329,VPWR,li1,157.5500,225.7600,1.799668
FILLER_79_317,VPWR,li1,154.1000,225.7600,1.799666
FILLER_79_309,VPWR,li1,147.8900,225.7600,1.799664
FILLER_79_305,VPWR,li1,146.7400,225.7600,1.799666
FILLER_79_293,VPWR,li1,143.0600,225.7600,1.799668
FILLER_79_281,VPWR,li1,137.5400,225.7600,1.799673
FILLER_79_279,VPWR,li1,134.0900,225.7600,1.799678
FILLER_79_273,VPWR,li1,132.4800,225.7600,1.799678
FILLER_79_261,VPWR,li1,128.3400,225.7600,1.799682
FILLER_79_249,VPWR,li1,122.8200,225.7600,1.799687
FILLER_79_237,VPWR,li1,117.3000,225.7600,1.799693
FILLER_79_225,VPWR,li1,111.7800,225.7600,1.799700
FILLER_79_223,VPWR,li1,108.3300,225.7600,1.799706
FILLER_79_217,VPWR,li1,106.7200,225.7600,1.799706
FILLER_79_205,VPWR,li1,102.5800,225.7600,1.799712
FILLER_79_193,VPWR,li1,97.0600,225.7600,1.799724
FILLER_79_181,VPWR,li1,91.5400,225.7600,1.799736
FILLER_79_169,VPWR,li1,86.0200,225.7600,1.799747
FILLER_79_167,VPWR,li1,82.5700,225.7600,1.799753
FILLER_79_163,VPWR,li1,81.4200,225.7600,1.799753
FILLER_79_151,VPWR,li1,77.7400,225.7600,1.799760
FILLER_79_139,VPWR,li1,70.1500,225.7600,1.799778
FILLER_79_125,VPWR,li1,63.2500,225.7600,1.799791
FILLER_79_119,VPWR,li1,61.6400,225.7600,1.799797
FILLER_79_106,VPWR,li1,54.7400,225.7600,1.799819
FILLER_79_93,VPWR,li1,50.1400,225.7600,1.799834
FILLER_79_86,VPWR,li1,45.5400,225.7600,1.799848
FILLER_79_81,VPWR,li1,43.2400,225.7600,1.799858
FILLER_79_69,VPWR,li1,40.0200,225.7600,1.799876
FILLER_79_57,VPWR,li1,34.5000,225.7600,1.799894
FILLER_79_33,VPWR,li1,20.9300,225.7600,1.799951
FILLER_79_6,VPWR,li1,8.5100,225.7600,1.799950
FILLER_78_553,VPWR,li1,260.1300,225.7600,1.799047
FILLER_78_545,VPWR,li1,258.0600,225.7600,1.799047
FILLER_78_533,VPWR,li1,253.4600,225.7600,1.799047
FILLER_78_531,VPWR,li1,250.0100,225.7600,1.799047
FILLER_78_519,VPWR,li1,247.0200,225.7600,1.799047
FILLER_78_507,VPWR,li1,241.5000,225.7600,1.799047
FILLER_78_495,VPWR,li1,235.9800,225.7600,1.799047
FILLER_78_483,VPWR,li1,230.4600,225.7600,1.799047
FILLER_78_456,VPWR,li1,216.6600,225.7600,1.799076
FILLER_78_452,VPWR,li1,213.6700,225.7600,1.799092
FILLER_78_425,VPWR,li1,201.2500,225.7600,1.799214
FILLER_78_421,VPWR,li1,200.1000,225.7600,1.799257
FILLER_78_419,VPWR,li1,198.4900,225.7600,1.799257
FILLER_78_411,VPWR,li1,196.4200,225.7600,1.799290
FILLER_78_399,VPWR,li1,191.8200,225.7600,1.799363
FILLER_78_377,VPWR,li1,180.7800,225.7600,1.799571
FILLER_78_365,VPWR,li1,176.1800,225.7600,1.799708
FILLER_78_363,VPWR,li1,172.7300,225.7600,1.799701
FILLER_78_351,VPWR,li1,169.7400,225.7600,1.799693
FILLER_78_339,VPWR,li1,161.6900,225.7600,1.799675
FILLER_78_333,VPWR,li1,160.0800,225.7600,1.799672
FILLER_78_321,VPWR,li1,155.9400,225.7600,1.799668
FILLER_78_309,VPWR,li1,150.4200,225.7600,1.799662
FILLER_78_307,VPWR,li1,146.9700,225.7600,1.799666
FILLER_78_301,VPWR,li1,145.3600,225.7600,1.799666
FILLER_78_289,VPWR,li1,141.2200,225.7600,1.799670
FILLER_78_277,VPWR,li1,135.7000,225.7600,1.799676
FILLER_78_265,VPWR,li1,130.1800,225.7600,1.799680
FILLER_78_253,VPWR,li1,124.6600,225.7600,1.799686
FILLER_78_249,VPWR,li1,120.7500,225.7600,1.799689
FILLER_78_241,VPWR,li1,116.6100,225.7600,1.799695
FILLER_78_229,VPWR,li1,112.7000,225.7600,1.799700
FILLER_78_217,VPWR,li1,108.1000,225.7600,1.799706
FILLER_78_190,VPWR,li1,93.6100,225.7600,1.799729
FILLER_78_178,VPWR,li1,90.1600,225.7600,1.799736
FILLER_78_166,VPWR,li1,84.6400,225.7600,1.799747
FILLER_78_154,VPWR,li1,79.1200,225.7600,1.799760
FILLER_78_138,VPWR,li1,69.4600,225.7600,1.799778
FILLER_78_126,VPWR,li1,66.2400,225.7600,1.799785
FILLER_78_114,VPWR,li1,60.7200,225.7600,1.799797
FILLER_78_106,VPWR,li1,54.9700,225.7600,1.799812
FILLER_78_93,VPWR,li1,48.9900,225.7600,1.799834
FILLER_78_85,VPWR,li1,46.4600,225.7600,1.799848
FILLER_78_82,VPWR,li1,43.7000,225.7600,1.799858
FILLER_78_74,VPWR,li1,41.4000,225.7600,1.799865
FILLER_78_60,VPWR,li1,34.0400,225.7600,1.799903
FILLER_78_41,VPWR,li1,25.3000,225.7600,1.799937
FILLER_78_29,VPWR,li1,21.6200,225.7600,1.799951
FILLER_78_27,VPWR,li1,18.1700,225.7600,1.799950
FILLER_78_15,VPWR,li1,13.1100,225.7600,1.799950
FILLER_78_3,VPWR,li1,9.6600,225.7600,1.799950
FILLER_77_553,VPWR,li1,260.1300,220.3200,1.798732
FILLER_77_541,VPWR,li1,257.1400,220.3200,1.798732
FILLER_77_529,VPWR,li1,251.6200,220.3200,1.798732
FILLER_77_517,VPWR,li1,246.1000,220.3200,1.798732
FILLER_77_505,VPWR,li1,240.5800,220.3200,1.798732
FILLER_77_496,VPWR,li1,235.5200,220.3200,1.798732
FILLER_77_484,VPWR,li1,230.9200,220.3200,1.798732
FILLER_77_468,VPWR,li1,221.0300,220.3200,1.798759
FILLER_77_461,VPWR,li1,218.0400,220.3200,1.798779
FILLER_77_449,VPWR,li1,214.8200,220.3200,1.798807
FILLER_77_447,VPWR,li1,211.3700,220.3200,1.798836
FILLER_77_431,VPWR,li1,204.2400,220.3200,1.798939
FILLER_77_423,VPWR,li1,201.9400,220.3200,1.798984
FILLER_77_408,VPWR,li1,193.6600,220.3200,1.799145
FILLER_77_400,VPWR,li1,191.3600,220.3200,1.799190
FILLER_77_380,VPWR,li1,183.0800,220.3200,1.799419
FILLER_77_365,VPWR,li1,174.1100,220.3200,1.799597
FILLER_77_353,VPWR,li1,170.6600,220.3200,1.799572
FILLER_77_331,VPWR,li1,158.2400,220.3200,1.799492
FILLER_77_319,VPWR,li1,155.0200,220.3200,1.799466
FILLER_77_307,VPWR,li1,149.5000,220.3200,1.799439
FILLER_77_295,VPWR,li1,143.9800,220.3200,1.799413
FILLER_77_281,VPWR,li1,136.6200,220.3200,1.799397
FILLER_77_276,VPWR,li1,133.4000,220.3200,1.799393
FILLER_77_253,VPWR,li1,123.2800,220.3200,1.799382
FILLER_77_225,VPWR,li1,109.7100,220.3200,1.799386
FILLER_77_223,VPWR,li1,108.3300,220.3200,1.799386
FILLER_77_211,VPWR,li1,105.3400,220.3200,1.799390
FILLER_77_181,VPWR,li1,89.7000,220.3200,1.799424
FILLER_77_169,VPWR,li1,86.0200,220.3200,1.799435
FILLER_77_166,VPWR,li1,82.3400,220.3200,1.799450
FILLER_77_148,VPWR,li1,74.5200,220.3200,1.799476
FILLER_77_137,VPWR,li1,69.9200,220.3200,1.799499
FILLER_77_125,VPWR,li1,65.7800,220.3200,1.799518
FILLER_77_113,VPWR,li1,60.2600,220.3200,1.799545
FILLER_77_111,VPWR,li1,56.8100,220.3200,1.799577
FILLER_77_105,VPWR,li1,55.2000,220.3200,1.799577
FILLER_77_92,VPWR,li1,49.6800,220.3200,1.799620
FILLER_77_75,VPWR,li1,40.7100,220.3200,1.799708
FILLER_77_69,VPWR,li1,37.9500,220.3200,1.799734
FILLER_77_57,VPWR,li1,34.5000,220.3200,1.799754
FILLER_77_55,VPWR,li1,31.0500,220.3200,1.799800
FILLER_77_51,VPWR,li1,29.9000,220.3200,1.799800
FILLER_77_39,VPWR,li1,26.2200,220.3200,1.799837
FILLER_77_27,VPWR,li1,20.7000,220.3200,1.799893
FILLER_77_16,VPWR,li1,13.1100,220.3200,1.799887
FILLER_77_12,VPWR,li1,11.9600,220.3200,1.799887
FILLER_76_553,VPWR,li1,260.1300,220.3200,1.798732
FILLER_76_545,VPWR,li1,258.0600,220.3200,1.798732
FILLER_76_533,VPWR,li1,253.4600,220.3200,1.798732
FILLER_76_520,VPWR,li1,247.4800,220.3200,1.798732
FILLER_76_508,VPWR,li1,241.9600,220.3200,1.798732
FILLER_76_496,VPWR,li1,236.4400,220.3200,1.798732
FILLER_76_484,VPWR,li1,230.9200,220.3200,1.798732
FILLER_76_469,VPWR,li1,222.1800,220.3200,1.798759
FILLER_76_457,VPWR,li1,218.5000,220.3200,1.798779
FILLER_76_445,VPWR,li1,212.9800,220.3200,1.798836
FILLER_76_433,VPWR,li1,207.4600,220.3200,1.798899
FILLER_76_421,VPWR,li1,201.9400,220.3200,1.798984
FILLER_76_418,VPWR,li1,198.2600,220.3200,1.799055
FILLER_76_398,VPWR,li1,189.5200,220.3200,1.799258
FILLER_76_377,VPWR,li1,179.4000,220.3200,1.799507
FILLER_76_365,VPWR,li1,176.1800,220.3200,1.799619
FILLER_76_362,VPWR,li1,172.5000,220.3200,1.799597
FILLER_76_350,VPWR,li1,169.2800,220.3200,1.799572
FILLER_76_338,VPWR,li1,163.7600,220.3200,1.799519
FILLER_76_326,VPWR,li1,158.2400,220.3200,1.799492
FILLER_76_314,VPWR,li1,150.8800,220.3200,1.799439
FILLER_76_296,VPWR,li1,142.1400,220.3200,1.799408
FILLER_76_253,VPWR,li1,122.8200,220.3200,1.799382
FILLER_76_246,VPWR,li1,120.0600,220.3200,1.799380
FILLER_76_229,VPWR,li1,111.7800,220.3200,1.799384
FILLER_76_205,VPWR,li1,100.0500,220.3200,1.799399
FILLER_76_197,VPWR,li1,97.9800,220.3200,1.799403
FILLER_76_188,VPWR,li1,93.8400,220.3200,1.799412
FILLER_76_176,VPWR,li1,89.2400,220.3200,1.799424
FILLER_76_157,VPWR,li1,77.9700,220.3200,1.799468
FILLER_76_149,VPWR,li1,74.7500,220.3200,1.799476
FILLER_76_141,VPWR,li1,70.6100,220.3200,1.799499
FILLER_76_139,VPWR,li1,69.6900,220.3200,1.799499
FILLER_76_127,VPWR,li1,66.7000,220.3200,1.799518
FILLER_76_97,VPWR,li1,50.6000,220.3200,1.799620
FILLER_76_85,VPWR,li1,47.3800,220.3200,1.799644
FILLER_76_79,VPWR,li1,42.3200,220.3200,1.799681
FILLER_76_71,VPWR,li1,40.0200,220.3200,1.799708
FILLER_76_63,VPWR,li1,34.7300,220.3200,1.799754
FILLER_76_55,VPWR,li1,32.6600,220.3200,1.799773
FILLER_76_37,VPWR,li1,24.3800,220.3200,1.799855
FILLER_76_27,VPWR,li1,18.1700,220.3200,1.799890
FILLER_76_21,VPWR,li1,16.5600,220.3200,1.799890
FILLER_76_3,VPWR,li1,7.1300,220.3200,1.799886
FILLER_75_553,VPWR,li1,260.1300,214.8800,1.799754
FILLER_75_541,VPWR,li1,257.1400,214.8800,1.799754
FILLER_75_529,VPWR,li1,251.6200,214.8800,1.799754
FILLER_75_517,VPWR,li1,246.1000,214.8800,1.799754
FILLER_75_505,VPWR,li1,240.5800,214.8800,1.799754
FILLER_75_503,VPWR,li1,237.1300,214.8800,1.799754
FILLER_75_499,VPWR,li1,235.9800,214.8800,1.799754
FILLER_75_487,VPWR,li1,232.3000,214.8800,1.799754
FILLER_75_475,VPWR,li1,226.7800,214.8800,1.799754
FILLER_75_461,VPWR,li1,218.0400,214.8800,1.799759
FILLER_75_449,VPWR,li1,214.8200,214.8800,1.799764
FILLER_75_447,VPWR,li1,211.3700,214.8800,1.799769
FILLER_75_441,VPWR,li1,209.7600,214.8800,1.799772
FILLER_75_429,VPWR,li1,205.6200,214.8800,1.799777
FILLER_75_416,VPWR,li1,197.1100,214.8800,1.799792
FILLER_75_405,VPWR,li1,192.5100,214.8800,1.799805
FILLER_75_393,VPWR,li1,189.0600,214.8800,1.799809
FILLER_75_391,VPWR,li1,185.6100,214.8800,1.799819
FILLER_75_387,VPWR,li1,184.4600,214.8800,1.799819
FILLER_75_375,VPWR,li1,180.7800,214.8800,1.799826
FILLER_75_360,VPWR,li1,172.9600,214.8800,1.799811
FILLER_75_342,VPWR,li1,164.6800,214.8800,1.799703
FILLER_75_334,VPWR,li1,159.6200,214.8800,1.799642
FILLER_75_327,VPWR,li1,156.1700,214.8800,1.799605
FILLER_75_319,VPWR,li1,154.1000,214.8800,1.799589
FILLER_75_303,VPWR,li1,146.2800,214.8800,1.799520
FILLER_75_296,VPWR,li1,142.6000,214.8800,1.799502
FILLER_75_288,VPWR,li1,138.2300,214.8800,1.799476
FILLER_75_277,VPWR,li1,133.6300,214.8800,1.799448
FILLER_75_239,VPWR,li1,116.1500,214.8800,1.799399
FILLER_75_233,VPWR,li1,113.3900,214.8800,1.799395
FILLER_75_225,VPWR,li1,110.8600,214.8800,1.799390
FILLER_75_218,VPWR,li1,107.1800,214.8800,1.799385
FILLER_75_206,VPWR,li1,103.0400,214.8800,1.799379
FILLER_75_194,VPWR,li1,97.5200,214.8800,1.799368
FILLER_75_182,VPWR,li1,92.0000,214.8800,1.799361
FILLER_75_160,VPWR,li1,80.9600,214.8800,1.799364
FILLER_75_147,VPWR,li1,74.5200,214.8800,1.799386
FILLER_75_135,VPWR,li1,70.3800,214.8800,1.799405
FILLER_75_113,VPWR,li1,57.7300,214.8800,1.799476
FILLER_75_105,VPWR,li1,54.2800,214.8800,1.799500
FILLER_75_98,VPWR,li1,51.0600,214.8800,1.799533
FILLER_75_90,VPWR,li1,48.7600,214.8800,1.799573
FILLER_75_78,VPWR,li1,44.1600,214.8800,1.799613
FILLER_75_63,VPWR,li1,34.7300,214.8800,1.799714
FILLER_75_57,VPWR,li1,33.1200,214.8800,1.799753
FILLER_75_44,VPWR,li1,28.5200,214.8800,1.799806
FILLER_75_32,VPWR,li1,23.0000,214.8800,1.799872
FILLER_75_3,VPWR,li1,7.1300,214.8800,1.799867
FILLER_74_553,VPWR,li1,260.1300,214.8800,1.799754
FILLER_74_545,VPWR,li1,258.0600,214.8800,1.799754
FILLER_74_533,VPWR,li1,253.4600,214.8800,1.799754
FILLER_74_531,VPWR,li1,250.0100,214.8800,1.799754
FILLER_74_525,VPWR,li1,248.4000,214.8800,1.799754
FILLER_74_513,VPWR,li1,244.2600,214.8800,1.799754
FILLER_74_501,VPWR,li1,238.7400,214.8800,1.799754
FILLER_74_489,VPWR,li1,233.2200,214.8800,1.799754
FILLER_74_477,VPWR,li1,227.7000,214.8800,1.799754
FILLER_74_473,VPWR,li1,223.7900,214.8800,1.799754
FILLER_74_459,VPWR,li1,217.1200,214.8800,1.799759
FILLER_74_447,VPWR,li1,213.9000,214.8800,1.799764
FILLER_74_443,VPWR,li1,209.5300,214.8800,1.799772
FILLER_74_439,VPWR,li1,208.3800,214.8800,1.799772
FILLER_74_424,VPWR,li1,202.4000,214.8800,1.799783
FILLER_74_405,VPWR,li1,192.0500,214.8800,1.799805
FILLER_74_401,VPWR,li1,190.9000,214.8800,1.799805
FILLER_74_389,VPWR,li1,187.2200,214.8800,1.799813
FILLER_74_377,VPWR,li1,181.7000,214.8800,1.799826
FILLER_74_357,VPWR,li1,170.4300,214.8800,1.799778
FILLER_74_345,VPWR,li1,166.9800,214.8800,1.799732
FILLER_74_333,VPWR,li1,161.4600,214.8800,1.799662
FILLER_74_321,VPWR,li1,155.9400,214.8800,1.799605
FILLER_74_309,VPWR,li1,150.4200,214.8800,1.799546
FILLER_74_307,VPWR,li1,146.9700,214.8800,1.799520
FILLER_74_301,VPWR,li1,145.3600,214.8800,1.799520
FILLER_74_289,VPWR,li1,141.2200,214.8800,1.799486
FILLER_74_277,VPWR,li1,135.7000,214.8800,1.799458
FILLER_74_265,VPWR,li1,130.1800,214.8800,1.799439
FILLER_74_253,VPWR,li1,124.6600,214.8800,1.799416
FILLER_74_248,VPWR,li1,120.5200,214.8800,1.799406
FILLER_74_239,VPWR,li1,115.9200,214.8800,1.799399
FILLER_74_233,VPWR,li1,113.3900,214.8800,1.799395
FILLER_74_221,VPWR,li1,109.9400,214.8800,1.799390
FILLER_74_209,VPWR,li1,104.4200,214.8800,1.799379
FILLER_74_197,VPWR,li1,98.9000,214.8800,1.799372
FILLER_74_188,VPWR,li1,93.8400,214.8800,1.799364
FILLER_74_176,VPWR,li1,89.2400,214.8800,1.799357
FILLER_74_164,VPWR,li1,82.3400,214.8800,1.799364
FILLER_74_152,VPWR,li1,78.2000,214.8800,1.799375
FILLER_74_141,VPWR,li1,72.2200,214.8800,1.799395
FILLER_74_138,VPWR,li1,69.4600,214.8800,1.799405
FILLER_74_126,VPWR,li1,66.2400,214.8800,1.799417
FILLER_74_111,VPWR,li1,56.8100,214.8800,1.799476
FILLER_74_105,VPWR,li1,54.5100,214.8800,1.799500
FILLER_74_97,VPWR,li1,51.9800,214.8800,1.799533
FILLER_74_85,VPWR,li1,47.3800,214.8800,1.799573
FILLER_74_82,VPWR,li1,43.7000,214.8800,1.799613
FILLER_74_74,VPWR,li1,41.4000,214.8800,1.799637
FILLER_74_65,VPWR,li1,36.8000,214.8800,1.799691
FILLER_74_53,VPWR,li1,32.6600,214.8800,1.799753
FILLER_74_41,VPWR,li1,27.1400,214.8800,1.799806
FILLER_74_29,VPWR,li1,21.6200,214.8800,1.799872
FILLER_74_25,VPWR,li1,17.7100,214.8800,1.799870
FILLER_74_15,VPWR,li1,13.1100,214.8800,1.799868
FILLER_73_553,VPWR,li1,260.1300,209.4400,1.799766
FILLER_73_541,VPWR,li1,257.1400,209.4400,1.799766
FILLER_73_529,VPWR,li1,251.6200,209.4400,1.799766
FILLER_73_517,VPWR,li1,246.1000,209.4400,1.799766
FILLER_73_505,VPWR,li1,240.5800,209.4400,1.799766
FILLER_73_501,VPWR,li1,236.6700,209.4400,1.799766
FILLER_73_489,VPWR,li1,233.2200,209.4400,1.799766
FILLER_73_477,VPWR,li1,227.7000,209.4400,1.799766
FILLER_73_449,VPWR,li1,213.9000,209.4400,1.799775
FILLER_73_447,VPWR,li1,211.3700,209.4400,1.799778
FILLER_73_439,VPWR,li1,209.3000,209.4400,1.799781
FILLER_73_432,VPWR,li1,204.7000,209.4400,1.799787
FILLER_73_420,VPWR,li1,201.4800,209.4400,1.799792
FILLER_73_412,VPWR,li1,195.2700,209.4400,1.799803
FILLER_73_393,VPWR,li1,187.2200,209.4400,1.799816
FILLER_73_391,VPWR,li1,185.6100,209.4400,1.799816
FILLER_73_387,VPWR,li1,184.4600,209.4400,1.799819
FILLER_73_375,VPWR,li1,180.7800,209.4400,1.799825
FILLER_73_366,VPWR,li1,175.2600,209.4400,1.799838
FILLER_73_362,VPWR,li1,172.2700,209.4400,1.799776
FILLER_73_356,VPWR,li1,170.6600,209.4400,1.799776
FILLER_73_344,VPWR,li1,166.5200,209.4400,1.799721
FILLER_73_332,VPWR,li1,159.1600,209.4400,1.799635
FILLER_73_313,VPWR,li1,150.8800,209.4400,1.799567
FILLER_73_301,VPWR,li1,146.7400,209.4400,1.799544
FILLER_73_295,VPWR,li1,141.9100,209.4400,1.799513
FILLER_73_287,VPWR,li1,139.3800,209.4400,1.799502
FILLER_73_279,VPWR,li1,134.0900,209.4400,1.799482
FILLER_73_271,VPWR,li1,132.0200,209.4400,1.799472
FILLER_73_264,VPWR,li1,127.8800,209.4400,1.799468
FILLER_73_252,VPWR,li1,124.2000,209.4400,1.799462
FILLER_73_233,VPWR,li1,112.9300,209.4400,1.799447
FILLER_73_225,VPWR,li1,110.8600,209.4400,1.799445
FILLER_73_223,VPWR,li1,108.3300,209.4400,1.799442
FILLER_73_211,VPWR,li1,105.3400,209.4400,1.799439
FILLER_73_199,VPWR,li1,97.2900,209.4400,1.799437
FILLER_73_193,VPWR,li1,95.6800,209.4400,1.799441
FILLER_73_181,VPWR,li1,91.5400,209.4400,1.799448
FILLER_73_169,VPWR,li1,86.0200,209.4400,1.799458
FILLER_73_167,VPWR,li1,82.5700,209.4400,1.799466
FILLER_73_163,VPWR,li1,81.4200,209.4400,1.799472
FILLER_73_157,VPWR,li1,77.9700,209.4400,1.799482
FILLER_73_151,VPWR,li1,76.3600,209.4400,1.799482
FILLER_73_139,VPWR,li1,72.2200,209.4400,1.799494
FILLER_73_135,VPWR,li1,67.8500,209.4400,1.799508
FILLER_73_123,VPWR,li1,64.8600,209.4400,1.799522
FILLER_73_113,VPWR,li1,58.1900,209.4400,1.799559
FILLER_73_108,VPWR,li1,56.1200,209.4400,1.799580
FILLER_73_96,VPWR,li1,52.4400,209.4400,1.799597
FILLER_73_84,VPWR,li1,46.9200,209.4400,1.799646
FILLER_73_69,VPWR,li1,40.0200,209.4400,1.799694
FILLER_73_57,VPWR,li1,34.5000,209.4400,1.799751
FILLER_73_54,VPWR,li1,30.8200,209.4400,1.799787
FILLER_73_32,VPWR,li1,23.0000,209.4400,1.799854
FILLER_73_20,VPWR,li1,17.4800,209.4400,1.799880
FILLER_73_14,VPWR,li1,12.4200,209.4400,1.799880
FILLER_73_6,VPWR,li1,10.1200,209.4400,1.799879
FILLER_72_553,VPWR,li1,260.1300,209.4400,1.799766
FILLER_72_545,VPWR,li1,258.0600,209.4400,1.799766
FILLER_72_533,VPWR,li1,253.4600,209.4400,1.799766
FILLER_72_531,VPWR,li1,250.0100,209.4400,1.799766
FILLER_72_525,VPWR,li1,248.4000,209.4400,1.799766
FILLER_72_513,VPWR,li1,244.2600,209.4400,1.799766
FILLER_72_501,VPWR,li1,238.7400,209.4400,1.799766
FILLER_72_489,VPWR,li1,233.2200,209.4400,1.799766
FILLER_72_477,VPWR,li1,227.7000,209.4400,1.799766
FILLER_72_468,VPWR,li1,222.6400,209.4400,1.799766
FILLER_72_463,VPWR,li1,218.7300,209.4400,1.799770
FILLER_72_457,VPWR,li1,217.1200,209.4400,1.799770
FILLER_72_445,VPWR,li1,212.9800,209.4400,1.799778
FILLER_72_433,VPWR,li1,207.4600,209.4400,1.799783
FILLER_72_421,VPWR,li1,201.9400,209.4400,1.799792
FILLER_72_419,VPWR,li1,198.4900,209.4400,1.799798
FILLER_72_413,VPWR,li1,196.8800,209.4400,1.799798
FILLER_72_398,VPWR,li1,190.4400,209.4400,1.799811
FILLER_72_373,VPWR,li1,177.5600,209.4400,1.799834
FILLER_72_365,VPWR,li1,173.6500,209.4400,1.799810
FILLER_72_337,VPWR,li1,161.4600,209.4400,1.799656
FILLER_72_325,VPWR,li1,157.7800,209.4400,1.799614
FILLER_72_321,VPWR,li1,153.4100,209.4400,1.799585
FILLER_72_309,VPWR,li1,150.4200,209.4400,1.799567
FILLER_72_307,VPWR,li1,146.9700,209.4400,1.799544
FILLER_72_299,VPWR,li1,144.9000,209.4400,1.799523
FILLER_72_288,VPWR,li1,138.9200,209.4400,1.799502
FILLER_72_278,VPWR,li1,134.3200,209.4400,1.799482
FILLER_72_253,VPWR,li1,124.6600,209.4400,1.799462
FILLER_72_244,VPWR,li1,119.6000,209.4400,1.799455
FILLER_72_231,VPWR,li1,113.1600,209.4400,1.799447
FILLER_72_219,VPWR,li1,109.0200,209.4400,1.799442
FILLER_72_207,VPWR,li1,103.5000,209.4400,1.799437
FILLER_72_197,VPWR,li1,96.8300,209.4400,1.799437
FILLER_72_192,VPWR,li1,94.7600,209.4400,1.799441
FILLER_72_180,VPWR,li1,91.0800,209.4400,1.799448
FILLER_72_161,VPWR,li1,80.2700,209.4400,1.799472
FILLER_72_154,VPWR,li1,76.8200,209.4400,1.799482
FILLER_72_146,VPWR,li1,74.5200,209.4400,1.799488
FILLER_72_121,VPWR,li1,63.9400,209.4400,1.799522
FILLER_72_109,VPWR,li1,58.4200,209.4400,1.799559
FILLER_72_91,VPWR,li1,48.3000,209.4400,1.799628
FILLER_72_83,VPWR,li1,43.9300,209.4400,1.799662
FILLER_72_75,VPWR,li1,40.2500,209.4400,1.799694
FILLER_72_67,VPWR,li1,38.1800,209.4400,1.799710
FILLER_72_36,VPWR,li1,23.0000,209.4400,1.799854
FILLER_72_6,VPWR,li1,11.0400,209.4400,1.799879
FILLER_71_553,VPWR,li1,260.1300,204.0000,1.799464
FILLER_71_541,VPWR,li1,257.1400,204.0000,1.799464
FILLER_71_529,VPWR,li1,251.6200,204.0000,1.799464
FILLER_71_517,VPWR,li1,246.1000,204.0000,1.799464
FILLER_71_505,VPWR,li1,240.5800,204.0000,1.799464
FILLER_71_502,VPWR,li1,236.9000,204.0000,1.799464
FILLER_71_490,VPWR,li1,233.6800,204.0000,1.799464
FILLER_71_478,VPWR,li1,228.1600,204.0000,1.799464
FILLER_71_449,VPWR,li1,212.9800,204.0000,1.799509
FILLER_71_447,VPWR,li1,211.3700,204.0000,1.799509
FILLER_71_435,VPWR,li1,208.3800,204.0000,1.799526
FILLER_71_419,VPWR,li1,199.1800,204.0000,1.799588
FILLER_71_413,VPWR,li1,196.1900,204.0000,1.799607
FILLER_71_405,VPWR,li1,193.6600,204.0000,1.799626
FILLER_71_393,VPWR,li1,189.0600,204.0000,1.799659
FILLER_71_389,VPWR,li1,185.1500,204.0000,1.799698
FILLER_71_383,VPWR,li1,182.3900,204.0000,1.799713
FILLER_71_361,VPWR,li1,171.8100,204.0000,1.799687
FILLER_71_355,VPWR,li1,170.2000,204.0000,1.799687
FILLER_71_349,VPWR,li1,166.7500,204.0000,1.799630
FILLER_71_337,VPWR,li1,163.3000,204.0000,1.799592
FILLER_71_335,VPWR,li1,159.8500,204.0000,1.799545
FILLER_71_324,VPWR,li1,155.4800,204.0000,1.799486
FILLER_71_312,VPWR,li1,151.8000,204.0000,1.799450
FILLER_71_281,VPWR,li1,135.0100,204.0000,1.799328
FILLER_71_274,VPWR,li1,132.9400,204.0000,1.799328
FILLER_71_266,VPWR,li1,128.1100,204.0000,1.799327
FILLER_71_258,VPWR,li1,126.0400,204.0000,1.799328
FILLER_71_241,VPWR,li1,119.1400,204.0000,1.799333
FILLER_71_237,VPWR,li1,114.7700,204.0000,1.799338
FILLER_71_225,VPWR,li1,111.7800,204.0000,1.799340
FILLER_71_221,VPWR,li1,107.8700,204.0000,1.799345
FILLER_71_213,VPWR,li1,105.3400,204.0000,1.799348
FILLER_71_201,VPWR,li1,100.7400,204.0000,1.799357
FILLER_71_189,VPWR,li1,95.2200,204.0000,1.799369
FILLER_71_169,VPWR,li1,83.7200,204.0000,1.799413
FILLER_71_160,VPWR,li1,79.8100,204.0000,1.799441
FILLER_71_143,VPWR,li1,71.5300,204.0000,1.799482
FILLER_71_137,VPWR,li1,69.9200,204.0000,1.799495
FILLER_71_125,VPWR,li1,63.9400,204.0000,1.799541
FILLER_71_113,VPWR,li1,60.2600,204.0000,1.799557
FILLER_71_110,VPWR,li1,56.5800,204.0000,1.799592
FILLER_71_92,VPWR,li1,48.0700,204.0000,1.799655
FILLER_71_73,VPWR,li1,39.7900,204.0000,1.799707
FILLER_71_65,VPWR,li1,37.2600,204.0000,1.799726
FILLER_71_57,VPWR,li1,32.4300,204.0000,1.799771
FILLER_71_53,VPWR,li1,30.5900,204.0000,1.799791
FILLER_71_41,VPWR,li1,24.6100,204.0000,1.799865
FILLER_71_28,VPWR,li1,18.6300,204.0000,1.799893
FILLER_71_10,VPWR,li1,10.3500,204.0000,1.799892
FILLER_71_6,VPWR,li1,9.2000,204.0000,1.799892
FILLER_70_553,VPWR,li1,260.1300,204.0000,1.799464
FILLER_70_545,VPWR,li1,258.0600,204.0000,1.799464
FILLER_70_533,VPWR,li1,253.4600,204.0000,1.799464
FILLER_70_531,VPWR,li1,250.0100,204.0000,1.799464
FILLER_70_525,VPWR,li1,248.4000,204.0000,1.799464
FILLER_70_513,VPWR,li1,244.2600,204.0000,1.799464
FILLER_70_501,VPWR,li1,238.7400,204.0000,1.799464
FILLER_70_489,VPWR,li1,233.2200,204.0000,1.799464
FILLER_70_477,VPWR,li1,227.7000,204.0000,1.799464
FILLER_70_474,VPWR,li1,224.0200,204.0000,1.799464
FILLER_70_463,VPWR,li1,219.4200,204.0000,1.799477
FILLER_70_434,VPWR,li1,205.3900,204.0000,1.799554
FILLER_70_407,VPWR,li1,192.9700,204.0000,1.799642
FILLER_70_401,VPWR,li1,191.3600,204.0000,1.799642
FILLER_70_389,VPWR,li1,187.2200,204.0000,1.799681
FILLER_70_377,VPWR,li1,181.7000,204.0000,1.799713
FILLER_70_365,VPWR,li1,173.6500,204.0000,1.799721
FILLER_70_363,VPWR,li1,172.7300,204.0000,1.799721
FILLER_70_355,VPWR,li1,170.6600,204.0000,1.799687
FILLER_70_343,VPWR,li1,166.0600,204.0000,1.799630
FILLER_70_331,VPWR,li1,160.5400,204.0000,1.799545
FILLER_70_319,VPWR,li1,155.0200,204.0000,1.799486
FILLER_70_300,VPWR,li1,145.3600,204.0000,1.799379
FILLER_70_273,VPWR,li1,132.9400,204.0000,1.799328
FILLER_70_253,VPWR,li1,122.8200,204.0000,1.799329
FILLER_70_243,VPWR,li1,117.9900,204.0000,1.799333
FILLER_70_231,VPWR,li1,113.6200,204.0000,1.799338
FILLER_70_209,VPWR,li1,102.1200,204.0000,1.799357
FILLER_70_197,VPWR,li1,98.9000,204.0000,1.799360
FILLER_70_195,VPWR,li1,95.4500,204.0000,1.799369
FILLER_70_189,VPWR,li1,93.8400,204.0000,1.799369
FILLER_70_174,VPWR,li1,85.7900,204.0000,1.799403
FILLER_70_170,VPWR,li1,83.9500,204.0000,1.799413
FILLER_70_158,VPWR,li1,80.9600,204.0000,1.799425
FILLER_70_141,VPWR,li1,73.1400,204.0000,1.799482
FILLER_70_138,VPWR,li1,69.4600,204.0000,1.799495
FILLER_70_122,VPWR,li1,62.5600,204.0000,1.799541
FILLER_70_110,VPWR,li1,58.8800,204.0000,1.799578
FILLER_70_101,VPWR,li1,52.2100,204.0000,1.799623
FILLER_70_93,VPWR,li1,48.9900,204.0000,1.799636
FILLER_70_85,VPWR,li1,46.4600,204.0000,1.799655
FILLER_70_76,VPWR,li1,42.3200,204.0000,1.799693
FILLER_70_53,VPWR,li1,30.3600,204.0000,1.799791
FILLER_70_47,VPWR,li1,27.3700,204.0000,1.799837
FILLER_70_41,VPWR,li1,25.7600,204.0000,1.799837
FILLER_70_29,VPWR,li1,21.6200,204.0000,1.799893
FILLER_70_26,VPWR,li1,17.9400,204.0000,1.799893
FILLER_70_18,VPWR,li1,15.6400,204.0000,1.799892
FILLER_70_6,VPWR,li1,11.0400,204.0000,1.799892
FILLER_69_553,VPWR,li1,260.1300,198.5600,1.799453
FILLER_69_541,VPWR,li1,257.1400,198.5600,1.799453
FILLER_69_529,VPWR,li1,251.6200,198.5600,1.799453
FILLER_69_517,VPWR,li1,246.1000,198.5600,1.799453
FILLER_69_505,VPWR,li1,240.5800,198.5600,1.799453
FILLER_69_482,VPWR,li1,228.6200,198.5600,1.799457
FILLER_69_473,VPWR,li1,223.5600,198.5600,1.799475
FILLER_69_461,VPWR,li1,220.3400,198.5600,1.799491
FILLER_69_449,VPWR,li1,214.8200,198.5600,1.799517
FILLER_69_444,VPWR,li1,210.6800,198.5600,1.799545
FILLER_69_433,VPWR,li1,205.6200,198.5600,1.799581
FILLER_69_420,VPWR,li1,200.1000,198.5600,1.799630
FILLER_69_416,VPWR,li1,197.1100,198.5600,1.799645
FILLER_69_408,VPWR,li1,195.0400,198.5600,1.799665
FILLER_69_396,VPWR,li1,190.4400,198.5600,1.799699
FILLER_69_391,VPWR,li1,185.6100,198.5600,1.799739
FILLER_69_365,VPWR,li1,174.8000,198.5600,1.799846
FILLER_69_353,VPWR,li1,170.6600,198.5600,1.799821
FILLER_69_341,VPWR,li1,165.1400,198.5600,1.799796
FILLER_69_337,VPWR,li1,160.7700,198.5600,1.799779
FILLER_69_335,VPWR,li1,159.8500,198.5600,1.799779
FILLER_69_323,VPWR,li1,156.8600,198.5600,1.799766
FILLER_69_311,VPWR,li1,151.3400,198.5600,1.799747
FILLER_69_301,VPWR,li1,144.6700,198.5600,1.799721
FILLER_69_289,VPWR,li1,139.1500,198.5600,1.799714
FILLER_69_281,VPWR,li1,136.6200,198.5600,1.799710
FILLER_69_279,VPWR,li1,134.0900,198.5600,1.799705
FILLER_69_275,VPWR,li1,132.9400,198.5600,1.799705
FILLER_69_263,VPWR,li1,129.2600,198.5600,1.799699
FILLER_69_254,VPWR,li1,122.8200,198.5600,1.799694
FILLER_69_241,VPWR,li1,117.0700,198.5600,1.799692
FILLER_69_237,VPWR,li1,114.7700,198.5600,1.799693
FILLER_69_231,VPWR,li1,113.1600,198.5600,1.799693
FILLER_69_218,VPWR,li1,106.4900,198.5600,1.799697
FILLER_69_210,VPWR,li1,103.9600,198.5600,1.799699
FILLER_69_198,VPWR,li1,99.3600,198.5600,1.799702
FILLER_69_186,VPWR,li1,93.8400,198.5600,1.799705
FILLER_69_178,VPWR,li1,87.6300,198.5600,1.799710
FILLER_69_169,VPWR,li1,83.7200,198.5600,1.799716
FILLER_69_167,VPWR,li1,82.5700,198.5600,1.799720
FILLER_69_161,VPWR,li1,80.9600,198.5600,1.799720
FILLER_69_150,VPWR,li1,74.7500,198.5600,1.799732
FILLER_69_144,VPWR,li1,73.1400,198.5600,1.799732
FILLER_69_132,VPWR,li1,69.0000,198.5600,1.799739
FILLER_69_125,VPWR,li1,63.4800,198.5600,1.799749
FILLER_69_113,VPWR,li1,60.2600,198.5600,1.799754
FILLER_69_111,VPWR,li1,56.8100,198.5600,1.799760
FILLER_69_101,VPWR,li1,52.6700,198.5600,1.799784
FILLER_69_93,VPWR,li1,50.1400,198.5600,1.799795
FILLER_69_81,VPWR,li1,45.5400,198.5600,1.799822
FILLER_69_69,VPWR,li1,40.0200,198.5600,1.799843
FILLER_69_57,VPWR,li1,34.5000,198.5600,1.799873
FILLER_69_54,VPWR,li1,30.8200,198.5600,1.799893
FILLER_69_42,VPWR,li1,27.6000,198.5600,1.799918
FILLER_69_30,VPWR,li1,22.0800,198.5600,1.799942
FILLER_69_18,VPWR,li1,16.5600,198.5600,1.799940
FILLER_69_6,VPWR,li1,11.0400,198.5600,1.799939
FILLER_68_553,VPWR,li1,260.1300,198.5600,1.799453
FILLER_68_545,VPWR,li1,258.0600,198.5600,1.799453
FILLER_68_533,VPWR,li1,253.4600,198.5600,1.799453
FILLER_68_528,VPWR,li1,249.3200,198.5600,1.799453
FILLER_68_516,VPWR,li1,245.6400,198.5600,1.799453
FILLER_68_504,VPWR,li1,240.1200,198.5600,1.799453
FILLER_68_477,VPWR,li1,225.1700,198.5600,1.799467
FILLER_68_468,VPWR,li1,221.0300,198.5600,1.799491
FILLER_68_464,VPWR,li1,219.8800,198.5600,1.799491
FILLER_68_452,VPWR,li1,216.2000,198.5600,1.799517
FILLER_68_444,VPWR,li1,209.9900,198.5600,1.799545
FILLER_68_440,VPWR,li1,208.8400,198.5600,1.799558
FILLER_68_428,VPWR,li1,205.1600,198.5600,1.799581
FILLER_68_417,VPWR,li1,198.0300,198.5600,1.799645
FILLER_68_405,VPWR,li1,194.5800,198.5600,1.799665
FILLER_68_358,VPWR,li1,171.5800,198.5600,1.799831
FILLER_68_317,VPWR,li1,151.8000,198.5600,1.799747
FILLER_68_309,VPWR,li1,149.5000,198.5600,1.799741
FILLER_68_307,VPWR,li1,146.9700,198.5600,1.799728
FILLER_68_285,VPWR,li1,137.0800,198.5600,1.799710
FILLER_68_273,VPWR,li1,133.8600,198.5600,1.799705
FILLER_68_269,VPWR,li1,129.4900,198.5600,1.799699
FILLER_68_265,VPWR,li1,128.3400,198.5600,1.799699
FILLER_68_253,VPWR,li1,124.6600,198.5600,1.799695
FILLER_68_250,VPWR,li1,120.9800,198.5600,1.799693
FILLER_68_244,VPWR,li1,117.9900,198.5600,1.799692
FILLER_68_233,VPWR,li1,113.6200,198.5600,1.799693
FILLER_68_221,VPWR,li1,109.9400,198.5600,1.799695
FILLER_68_209,VPWR,li1,104.4200,198.5600,1.799699
FILLER_68_197,VPWR,li1,98.9000,198.5600,1.799702
FILLER_68_195,VPWR,li1,95.4500,198.5600,1.799705
FILLER_68_189,VPWR,li1,93.8400,198.5600,1.799705
FILLER_68_177,VPWR,li1,89.7000,198.5600,1.799708
FILLER_68_173,VPWR,li1,85.3300,198.5600,1.799713
FILLER_68_165,VPWR,li1,83.2600,198.5600,1.799716
FILLER_68_153,VPWR,li1,78.6600,198.5600,1.799723
FILLER_68_141,VPWR,li1,73.1400,198.5600,1.799732
FILLER_68_138,VPWR,li1,69.4600,198.5600,1.799739
FILLER_68_126,VPWR,li1,66.2400,198.5600,1.799744
FILLER_68_114,VPWR,li1,60.7200,198.5600,1.799754
FILLER_68_102,VPWR,li1,55.2000,198.5600,1.799763
FILLER_68_93,VPWR,li1,48.9900,198.5600,1.799795
FILLER_68_85,VPWR,li1,46.4600,198.5600,1.799809
FILLER_68_83,VPWR,li1,43.9300,198.5600,1.799822
FILLER_68_75,VPWR,li1,41.8600,198.5600,1.799833
FILLER_68_63,VPWR,li1,37.2600,198.5600,1.799858
FILLER_68_51,VPWR,li1,31.7400,198.5600,1.799893
FILLER_68_39,VPWR,li1,26.2200,198.5600,1.799918
FILLER_68_20,VPWR,li1,16.5600,198.5600,1.799940
FILLER_68_6,VPWR,li1,9.6600,198.5600,1.799939
FILLER_67_553,VPWR,li1,260.1300,193.1200,1.799514
FILLER_67_541,VPWR,li1,257.1400,193.1200,1.799514
FILLER_67_529,VPWR,li1,251.6200,193.1200,1.799514
FILLER_67_517,VPWR,li1,246.1000,193.1200,1.799514
FILLER_67_505,VPWR,li1,240.5800,193.1200,1.799514
FILLER_67_503,VPWR,li1,237.1300,193.1200,1.799514
FILLER_67_473,VPWR,li1,223.3300,193.1200,1.799527
FILLER_67_461,VPWR,li1,220.3400,193.1200,1.799533
FILLER_67_449,VPWR,li1,214.8200,193.1200,1.799545
FILLER_67_445,VPWR,li1,210.9100,193.1200,1.799554
FILLER_67_433,VPWR,li1,207.4600,193.1200,1.799561
FILLER_67_421,VPWR,li1,201.9400,193.1200,1.799575
FILLER_67_409,VPWR,li1,196.4200,193.1200,1.799591
FILLER_67_401,VPWR,li1,190.2100,193.1200,1.799619
FILLER_67_391,VPWR,li1,185.6100,193.1200,1.799651
FILLER_67_305,VPWR,li1,146.7400,193.1200,1.799555
FILLER_67_294,VPWR,li1,141.4500,193.1200,1.799543
FILLER_67_272,VPWR,li1,132.4800,193.1200,1.799540
FILLER_67_260,VPWR,li1,127.8800,193.1200,1.799542
FILLER_67_248,VPWR,li1,122.3600,193.1200,1.799548
FILLER_67_243,VPWR,li1,117.5300,193.1200,1.799551
FILLER_67_237,VPWR,li1,115.9200,193.1200,1.799553
FILLER_67_225,VPWR,li1,111.7800,193.1200,1.799559
FILLER_67_220,VPWR,li1,107.6400,193.1200,1.799566
FILLER_67_208,VPWR,li1,103.9600,193.1200,1.799573
FILLER_67_193,VPWR,li1,97.0600,193.1200,1.799591
FILLER_67_181,VPWR,li1,91.5400,193.1200,1.799602
FILLER_67_169,VPWR,li1,86.0200,193.1200,1.799611
FILLER_67_167,VPWR,li1,82.5700,193.1200,1.799622
FILLER_67_161,VPWR,li1,80.9600,193.1200,1.799622
FILLER_67_150,VPWR,li1,75.9000,193.1200,1.799633
FILLER_67_138,VPWR,li1,71.7600,193.1200,1.799645
FILLER_67_113,VPWR,li1,59.3400,193.1200,1.799675
FILLER_67_108,VPWR,li1,56.1200,193.1200,1.799682
FILLER_67_88,VPWR,li1,47.3800,193.1200,1.799709
FILLER_67_76,VPWR,li1,43.2400,193.1200,1.799722
FILLER_67_69,VPWR,li1,37.4900,193.1200,1.799736
FILLER_67_57,VPWR,li1,34.5000,193.1200,1.799761
FILLER_67_54,VPWR,li1,30.8200,193.1200,1.799796
FILLER_67_46,VPWR,li1,28.5200,193.1200,1.799819
FILLER_67_26,VPWR,li1,17.9400,193.1200,1.799884
FILLER_66_553,VPWR,li1,260.1300,193.1200,1.799514
FILLER_66_545,VPWR,li1,258.0600,193.1200,1.799514
FILLER_66_533,VPWR,li1,253.4600,193.1200,1.799514
FILLER_66_530,VPWR,li1,249.7800,193.1200,1.799514
FILLER_66_522,VPWR,li1,247.4800,193.1200,1.799514
FILLER_66_510,VPWR,li1,242.8800,193.1200,1.799514
FILLER_66_498,VPWR,li1,237.3600,193.1200,1.799514
FILLER_66_486,VPWR,li1,231.8400,193.1200,1.799514
FILLER_66_477,VPWR,li1,225.4000,193.1200,1.799523
FILLER_66_469,VPWR,li1,221.4900,193.1200,1.799533
FILLER_66_465,VPWR,li1,220.3400,193.1200,1.799533
FILLER_66_453,VPWR,li1,216.6600,193.1200,1.799541
FILLER_66_441,VPWR,li1,211.1400,193.1200,1.799554
FILLER_66_429,VPWR,li1,205.6200,193.1200,1.799565
FILLER_66_419,VPWR,li1,198.4900,193.1200,1.799585
FILLER_66_415,VPWR,li1,197.3400,193.1200,1.799585
FILLER_66_365,VPWR,li1,175.2600,193.1200,1.799760
FILLER_66_350,VPWR,li1,167.2100,193.1200,1.799670
FILLER_66_340,VPWR,li1,162.6100,193.1200,1.799629
FILLER_66_312,VPWR,li1,150.8800,193.1200,1.799561
FILLER_66_273,VPWR,li1,133.8600,193.1200,1.799540
FILLER_66_265,VPWR,li1,127.6500,193.1200,1.799542
FILLER_66_253,VPWR,li1,124.6600,193.1200,1.799545
FILLER_66_236,VPWR,li1,115.4600,193.1200,1.799553
FILLER_66_212,VPWR,li1,103.9600,193.1200,1.799573
FILLER_66_200,VPWR,li1,100.2800,193.1200,1.799581
FILLER_66_195,VPWR,li1,95.4500,193.1200,1.799591
FILLER_66_187,VPWR,li1,93.3800,193.1200,1.799595
FILLER_66_169,VPWR,li1,86.0200,193.1200,1.799611
FILLER_66_141,VPWR,li1,71.3000,193.1200,1.799645
FILLER_66_115,VPWR,li1,58.6500,193.1200,1.799675
FILLER_66_89,VPWR,li1,46.6900,193.1200,1.799709
FILLER_66_85,VPWR,li1,45.5400,193.1200,1.799716
FILLER_66_76,VPWR,li1,42.3200,193.1200,1.799722
FILLER_66_54,VPWR,li1,31.0500,193.1200,1.799796
FILLER_66_38,VPWR,li1,23.4600,193.1200,1.799887
FILLER_66_27,VPWR,li1,18.1700,193.1200,1.799884
FILLER_66_21,VPWR,li1,16.5600,193.1200,1.799884
FILLER_66_13,VPWR,li1,11.7300,193.1200,1.799883
FILLER_66_6,VPWR,li1,8.7400,193.1200,1.799882
FILLER_65_552,VPWR,li1,259.9000,187.6800,1.798914
FILLER_65_540,VPWR,li1,256.6800,187.6800,1.798914
FILLER_65_528,VPWR,li1,251.1600,187.6800,1.798914
FILLER_65_516,VPWR,li1,245.6400,187.6800,1.798914
FILLER_65_502,VPWR,li1,236.9000,187.6800,1.798924
FILLER_65_461,VPWR,li1,218.0400,187.6800,1.799076
FILLER_65_393,VPWR,li1,187.6800,187.6800,1.799537
FILLER_65_391,VPWR,li1,185.6100,187.6800,1.799592
FILLER_65_387,VPWR,li1,184.4600,187.6800,1.799592
FILLER_65_375,VPWR,li1,180.7800,187.6800,1.799682
FILLER_65_363,VPWR,li1,175.2600,187.6800,1.799748
FILLER_65_351,VPWR,li1,169.7400,187.6800,1.799703
FILLER_65_334,VPWR,li1,159.6200,187.6800,1.799635
FILLER_65_325,VPWR,li1,155.2500,187.6800,1.799614
FILLER_65_313,VPWR,li1,152.2600,187.6800,1.799595
FILLER_65_301,VPWR,li1,146.7400,187.6800,1.799580
FILLER_65_274,VPWR,li1,132.9400,187.6800,1.799543
FILLER_65_262,VPWR,li1,128.8000,187.6800,1.799537
FILLER_65_254,VPWR,li1,122.8200,187.6800,1.799535
FILLER_65_242,VPWR,li1,119.6000,187.6800,1.799535
FILLER_65_235,VPWR,li1,113.8500,187.6800,1.799537
FILLER_65_229,VPWR,li1,112.2400,187.6800,1.799537
FILLER_65_225,VPWR,li1,109.2500,187.6800,1.799542
FILLER_65_220,VPWR,li1,107.6400,187.6800,1.799542
FILLER_65_208,VPWR,li1,103.9600,187.6800,1.799545
FILLER_65_181,VPWR,li1,89.0100,187.6800,1.799564
FILLER_65_173,VPWR,li1,85.3300,187.6800,1.799572
FILLER_65_169,VPWR,li1,84.1800,187.6800,1.799572
FILLER_65_143,VPWR,li1,71.9900,187.6800,1.799597
FILLER_65_131,VPWR,li1,66.2400,187.6800,1.799609
FILLER_65_121,VPWR,li1,61.8700,187.6800,1.799618
FILLER_65_113,VPWR,li1,59.3400,187.6800,1.799624
FILLER_65_111,VPWR,li1,56.8100,187.6800,1.799629
FILLER_65_93,VPWR,li1,50.1400,187.6800,1.799648
FILLER_65_81,VPWR,li1,45.5400,187.6800,1.799660
FILLER_65_44,VPWR,li1,28.5200,187.6800,1.799791
FILLER_65_38,VPWR,li1,23.4600,187.6800,1.799851
FILLER_65_30,VPWR,li1,21.1600,187.6800,1.799878
FILLER_65_18,VPWR,li1,16.5600,187.6800,1.799877
FILLER_65_6,VPWR,li1,11.0400,187.6800,1.799877
FILLER_64_553,VPWR,li1,260.1300,187.6800,1.798914
FILLER_64_545,VPWR,li1,258.0600,187.6800,1.798914
FILLER_64_533,VPWR,li1,253.4600,187.6800,1.798914
FILLER_64_524,VPWR,li1,248.4000,187.6800,1.798914
FILLER_64_473,VPWR,li1,223.7900,187.6800,1.798986
FILLER_64_421,VPWR,li1,201.9400,187.6800,1.799295
FILLER_64_416,VPWR,li1,197.8000,187.6800,1.799392
FILLER_64_408,VPWR,li1,193.6600,187.6800,1.799435
FILLER_64_396,VPWR,li1,190.4400,187.6800,1.799490
FILLER_64_384,VPWR,li1,184.9200,187.6800,1.799592
FILLER_64_377,VPWR,li1,179.1700,187.6800,1.799682
FILLER_64_365,VPWR,li1,176.1800,187.6800,1.799748
FILLER_64_363,VPWR,li1,172.7300,187.6800,1.799718
FILLER_64_359,VPWR,li1,171.5800,187.6800,1.799718
FILLER_64_352,VPWR,li1,167.6700,187.6800,1.799686
FILLER_64_343,VPWR,li1,163.5300,187.6800,1.799651
FILLER_64_331,VPWR,li1,160.5400,187.6800,1.799635
FILLER_64_319,VPWR,li1,155.0200,187.6800,1.799614
FILLER_64_309,VPWR,li1,148.3500,187.6800,1.799580
FILLER_64_307,VPWR,li1,146.9700,187.6800,1.799580
FILLER_64_299,VPWR,li1,144.9000,187.6800,1.799573
FILLER_64_291,VPWR,li1,140.0700,187.6800,1.799551
FILLER_64_282,VPWR,li1,135.4700,187.6800,1.799546
FILLER_64_276,VPWR,li1,133.8600,187.6800,1.799543
FILLER_64_251,VPWR,li1,121.2100,187.6800,1.799535
FILLER_64_245,VPWR,li1,119.6000,187.6800,1.799535
FILLER_64_221,VPWR,li1,108.1000,187.6800,1.799542
FILLER_64_209,VPWR,li1,104.4200,187.6800,1.799545
FILLER_64_197,VPWR,li1,98.9000,187.6800,1.799550
FILLER_64_193,VPWR,li1,94.9900,187.6800,1.799555
FILLER_64_171,VPWR,li1,86.0200,187.6800,1.799569
FILLER_64_153,VPWR,li1,77.7400,187.6800,1.799587
FILLER_64_141,VPWR,li1,73.1400,187.6800,1.799597
FILLER_64_132,VPWR,li1,68.0800,187.6800,1.799605
FILLER_64_120,VPWR,li1,63.4800,187.6800,1.799618
FILLER_64_108,VPWR,li1,57.9600,187.6800,1.799629
FILLER_64_89,VPWR,li1,46.6900,187.6800,1.799653
FILLER_64_85,VPWR,li1,45.5400,187.6800,1.799660
FILLER_64_83,VPWR,li1,43.9300,187.6800,1.799660
FILLER_64_66,VPWR,li1,36.3400,187.6800,1.799707
FILLER_64_58,VPWR,li1,34.0400,187.6800,1.799730
FILLER_64_41,VPWR,li1,26.2200,187.6800,1.799818
FILLER_64_29,VPWR,li1,21.6200,187.6800,1.799878
FILLER_64_27,VPWR,li1,18.1700,187.6800,1.799878
FILLER_64_15,VPWR,li1,15.1800,187.6800,1.799877
FILLER_64_9,VPWR,li1,10.1200,187.6800,1.799877
FILLER_63_547,VPWR,li1,257.8300,182.2400,1.799454
FILLER_63_535,VPWR,li1,254.3800,182.2400,1.799455
FILLER_63_523,VPWR,li1,248.8600,182.2400,1.799457
FILLER_63_511,VPWR,li1,243.3400,182.2400,1.799458
FILLER_63_460,VPWR,li1,217.3500,182.2400,1.799510
FILLER_63_435,VPWR,li1,206.3100,182.2400,1.799560
FILLER_63_427,VPWR,li1,203.7800,182.2400,1.799576
FILLER_63_415,VPWR,li1,199.1800,182.2400,1.799616
FILLER_63_409,VPWR,li1,194.1200,182.2400,1.799644
FILLER_63_393,VPWR,li1,188.1400,182.2400,1.799699
FILLER_63_391,VPWR,li1,185.6100,182.2400,1.799725
FILLER_63_387,VPWR,li1,184.4600,182.2400,1.799725
FILLER_63_378,VPWR,li1,179.6300,182.2400,1.799780
FILLER_63_374,VPWR,li1,178.4800,182.2400,1.799780
FILLER_63_365,VPWR,li1,173.6500,182.2400,1.799798
FILLER_63_361,VPWR,li1,172.5000,182.2400,1.799798
FILLER_63_334,VPWR,li1,159.6200,182.2400,1.799709
FILLER_63_301,VPWR,li1,144.4400,182.2400,1.799642
FILLER_63_293,VPWR,li1,142.1400,182.2400,1.799637
FILLER_63_281,VPWR,li1,137.5400,182.2400,1.799628
FILLER_63_278,VPWR,li1,133.8600,182.2400,1.799618
FILLER_63_272,VPWR,li1,131.3300,182.2400,1.799614
FILLER_63_264,VPWR,li1,128.8000,182.2400,1.799610
FILLER_63_238,VPWR,li1,116.3800,182.2400,1.799599
FILLER_63_233,VPWR,li1,113.1600,182.2400,1.799606
FILLER_63_225,VPWR,li1,110.8600,182.2400,1.799613
FILLER_63_210,VPWR,li1,102.3500,182.2400,1.799629
FILLER_63_206,VPWR,li1,101.2000,182.2400,1.799635
FILLER_63_194,VPWR,li1,97.5200,182.2400,1.799641
FILLER_63_187,VPWR,li1,91.7700,182.2400,1.799657
FILLER_63_181,VPWR,li1,89.0100,182.2400,1.799662
FILLER_63_169,VPWR,li1,86.0200,182.2400,1.799671
FILLER_63_167,VPWR,li1,82.5700,182.2400,1.799682
FILLER_63_155,VPWR,li1,79.5800,182.2400,1.799691
FILLER_63_143,VPWR,li1,74.0600,182.2400,1.799705
FILLER_63_113,VPWR,li1,59.3400,182.2400,1.799751
FILLER_63_111,VPWR,li1,56.8100,182.2400,1.799764
FILLER_63_98,VPWR,li1,51.2900,182.2400,1.799780
FILLER_63_86,VPWR,li1,47.8400,182.2400,1.799795
FILLER_63_74,VPWR,li1,42.3200,182.2400,1.799814
FILLER_63_67,VPWR,li1,37.2600,182.2400,1.799833
FILLER_63_54,VPWR,li1,30.8200,182.2400,1.799870
FILLER_63_33,VPWR,li1,23.4600,182.2400,1.799907
FILLER_63_21,VPWR,li1,17.9400,182.2400,1.799923
FILLER_63_3,VPWR,li1,7.1300,182.2400,1.799918
FILLER_62_545,VPWR,li1,256.4500,182.2400,1.799454
FILLER_62_533,VPWR,li1,253.4600,182.2400,1.799455
FILLER_62_526,VPWR,li1,248.8600,182.2400,1.799457
FILLER_62_514,VPWR,li1,244.7200,182.2400,1.799458
FILLER_62_502,VPWR,li1,239.2000,182.2400,1.799460
FILLER_62_498,VPWR,li1,234.8300,182.2400,1.799461
FILLER_62_492,VPWR,li1,233.2200,182.2400,1.799462
FILLER_62_470,VPWR,li1,223.1000,182.2400,1.799485
FILLER_62_458,VPWR,li1,218.9600,182.2400,1.799499
FILLER_62_446,VPWR,li1,213.4400,182.2400,1.799522
FILLER_62_436,VPWR,li1,206.7700,182.2400,1.799560
FILLER_62_421,VPWR,li1,199.4100,182.2400,1.799616
FILLER_62_417,VPWR,li1,198.0300,182.2400,1.799616
FILLER_62_404,VPWR,li1,192.2800,182.2400,1.799662
FILLER_62_394,VPWR,li1,187.4500,182.2400,1.799699
FILLER_62_362,VPWR,li1,172.5000,182.2400,1.799798
FILLER_62_297,VPWR,li1,143.0600,182.2400,1.799637
FILLER_62_285,VPWR,li1,139.3800,182.2400,1.799632
FILLER_62_281,VPWR,li1,135.0100,182.2400,1.799622
FILLER_62_261,VPWR,li1,127.4200,182.2400,1.799610
FILLER_62_248,VPWR,li1,120.5200,182.2400,1.799602
FILLER_62_231,VPWR,li1,113.1600,182.2400,1.799606
FILLER_62_209,VPWR,li1,102.5800,182.2400,1.799629
FILLER_62_201,VPWR,li1,98.2100,182.2400,1.799641
FILLER_62_197,VPWR,li1,97.0600,182.2400,1.799646
FILLER_62_195,VPWR,li1,95.4500,182.2400,1.799646
FILLER_62_187,VPWR,li1,93.3800,182.2400,1.799652
FILLER_62_168,VPWR,li1,83.2600,182.2400,1.799677
FILLER_62_150,VPWR,li1,75.4400,182.2400,1.799699
FILLER_62_134,VPWR,li1,68.5400,182.2400,1.799720
FILLER_62_124,VPWR,li1,62.7900,182.2400,1.799741
FILLER_62_109,VPWR,li1,57.5000,182.2400,1.799757
FILLER_62_97,VPWR,li1,52.9000,182.2400,1.799780
FILLER_62_85,VPWR,li1,47.3800,182.2400,1.799795
FILLER_62_81,VPWR,li1,43.4700,182.2400,1.799814
FILLER_62_69,VPWR,li1,40.0200,182.2400,1.799823
FILLER_62_57,VPWR,li1,34.5000,182.2400,1.799847
FILLER_62_41,VPWR,li1,26.2200,182.2400,1.799889
FILLER_62_22,VPWR,li1,15.8700,182.2400,1.799921
FILLER_62_3,VPWR,li1,7.1300,182.2400,1.799918
FILLER_61_548,VPWR,li1,258.0600,176.8000,1.799248
FILLER_61_529,VPWR,li1,250.7000,176.8000,1.799255
FILLER_61_517,VPWR,li1,246.1000,176.8000,1.799258
FILLER_61_505,VPWR,li1,240.5800,176.8000,1.799264
FILLER_61_503,VPWR,li1,237.1300,176.8000,1.799268
FILLER_61_495,VPWR,li1,235.0600,176.8000,1.799270
FILLER_61_483,VPWR,li1,230.4600,176.8000,1.799275
FILLER_61_471,VPWR,li1,224.9400,176.8000,1.799283
FILLER_61_459,VPWR,li1,219.4200,176.8000,1.799294
FILLER_61_444,VPWR,li1,210.6800,176.8000,1.799324
FILLER_61_390,VPWR,li1,185.3800,176.8000,1.799599
FILLER_61_358,VPWR,li1,171.1200,176.8000,1.799752
FILLER_61_337,VPWR,li1,160.7700,176.8000,1.799718
FILLER_61_324,VPWR,li1,157.3200,176.8000,1.799711
FILLER_61_303,VPWR,li1,145.1300,176.8000,1.799683
FILLER_61_293,VPWR,li1,141.2200,176.8000,1.799680
FILLER_61_281,VPWR,li1,137.5400,176.8000,1.799676
FILLER_61_279,VPWR,li1,134.0900,176.8000,1.799671
FILLER_61_275,VPWR,li1,132.9400,176.8000,1.799671
FILLER_61_256,VPWR,li1,126.0400,176.8000,1.799665
FILLER_61_244,VPWR,li1,120.5200,176.8000,1.799663
FILLER_61_235,VPWR,li1,114.0800,176.8000,1.799660
FILLER_61_221,VPWR,li1,107.8700,176.8000,1.799661
FILLER_61_209,VPWR,li1,104.4200,176.8000,1.799661
FILLER_61_198,VPWR,li1,98.4400,176.8000,1.799664
FILLER_61_186,VPWR,li1,93.8400,176.8000,1.799666
FILLER_61_181,VPWR,li1,89.2400,176.8000,1.799671
FILLER_61_169,VPWR,li1,86.0200,176.8000,1.799674
FILLER_61_165,VPWR,li1,82.1100,176.8000,1.799680
FILLER_61_160,VPWR,li1,79.3500,176.8000,1.799687
FILLER_61_154,VPWR,li1,77.7400,176.8000,1.799687
FILLER_61_144,VPWR,li1,71.9900,176.8000,1.799697
FILLER_61_135,VPWR,li1,68.0800,176.8000,1.799707
FILLER_61_123,VPWR,li1,64.8600,176.8000,1.799716
FILLER_61_113,VPWR,li1,58.8800,176.8000,1.799727
FILLER_61_99,VPWR,li1,51.7500,176.8000,1.799751
FILLER_61_91,VPWR,li1,49.2200,176.8000,1.799763
FILLER_61_79,VPWR,li1,44.6200,176.8000,1.799785
FILLER_61_67,VPWR,li1,39.1000,176.8000,1.799807
FILLER_61_47,VPWR,li1,27.6000,176.8000,1.799873
FILLER_61_39,VPWR,li1,25.3000,176.8000,1.799899
FILLER_61_26,VPWR,li1,18.1700,176.8000,1.799910
FILLER_61_3,VPWR,li1,7.3600,176.8000,1.799906
FILLER_60_553,VPWR,li1,260.1300,176.8000,1.799248
FILLER_60_529,VPWR,li1,249.5500,176.8000,1.799255
FILLER_60_521,VPWR,li1,247.0200,176.8000,1.799258
FILLER_60_509,VPWR,li1,242.4200,176.8000,1.799262
FILLER_60_497,VPWR,li1,236.9000,176.8000,1.799268
FILLER_60_485,VPWR,li1,231.3800,176.8000,1.799275
FILLER_60_462,VPWR,li1,218.9600,176.8000,1.799294
FILLER_60_445,VPWR,li1,210.4500,176.8000,1.799324
FILLER_60_418,VPWR,li1,198.2600,176.8000,1.799417
FILLER_60_412,VPWR,li1,195.7300,176.8000,1.799440
FILLER_60_362,VPWR,li1,172.5000,176.8000,1.799752
FILLER_60_350,VPWR,li1,169.2800,176.8000,1.799746
FILLER_60_344,VPWR,li1,164.4500,176.8000,1.799725
FILLER_60_333,VPWR,li1,158.9300,176.8000,1.799711
FILLER_60_329,VPWR,li1,157.7800,176.8000,1.799711
FILLER_60_317,VPWR,li1,154.1000,176.8000,1.799702
FILLER_60_277,VPWR,li1,134.7800,176.8000,1.799673
FILLER_60_265,VPWR,li1,130.1800,176.8000,1.799668
FILLER_60_253,VPWR,li1,124.6600,176.8000,1.799665
FILLER_60_249,VPWR,li1,120.7500,176.8000,1.799663
FILLER_60_241,VPWR,li1,118.2200,176.8000,1.799662
FILLER_60_229,VPWR,li1,113.6200,176.8000,1.799660
FILLER_60_217,VPWR,li1,108.1000,176.8000,1.799661
FILLER_60_205,VPWR,li1,100.0500,176.8000,1.799663
FILLER_60_197,VPWR,li1,97.9800,176.8000,1.799664
FILLER_60_195,VPWR,li1,95.4500,176.8000,1.799666
FILLER_60_167,VPWR,li1,83.7200,176.8000,1.799680
FILLER_60_155,VPWR,li1,79.5800,176.8000,1.799684
FILLER_60_136,VPWR,li1,68.3100,176.8000,1.799707
FILLER_60_132,VPWR,li1,67.1600,176.8000,1.799707
FILLER_60_120,VPWR,li1,63.4800,176.8000,1.799716
FILLER_60_103,VPWR,li1,53.5900,176.8000,1.799743
FILLER_60_89,VPWR,li1,46.6900,176.8000,1.799777
FILLER_60_85,VPWR,li1,45.5400,176.8000,1.799777
FILLER_60_82,VPWR,li1,43.7000,176.8000,1.799785
FILLER_60_70,VPWR,li1,40.4800,176.8000,1.799807
FILLER_60_46,VPWR,li1,28.0600,176.8000,1.799873
FILLER_60_34,VPWR,li1,23.9200,176.8000,1.799899
FILLER_60_26,VPWR,li1,17.9400,176.8000,1.799910
FILLER_60_10,VPWR,li1,10.3500,176.8000,1.799907
FILLER_60_6,VPWR,li1,9.2000,176.8000,1.799906
FILLER_59_519,VPWR,li1,244.9500,171.3600,1.799349
FILLER_59_511,VPWR,li1,242.4200,171.3600,1.799354
FILLER_59_502,VPWR,li1,236.9000,171.3600,1.799368
FILLER_59_461,VPWR,li1,217.8100,171.3600,1.799466
FILLER_59_412,VPWR,li1,197.8000,171.3600,1.799627
FILLER_59_400,VPWR,li1,192.2800,171.3600,1.799694
FILLER_59_393,VPWR,li1,186.5300,171.3600,1.799749
FILLER_59_389,VPWR,li1,185.1500,171.3600,1.799749
FILLER_59_381,VPWR,li1,182.6200,171.3600,1.799783
FILLER_59_370,VPWR,li1,176.4100,171.3600,1.799849
FILLER_59_366,VPWR,li1,174.1100,171.3600,1.799836
FILLER_59_354,VPWR,li1,171.1200,171.3600,1.799825
FILLER_59_332,VPWR,li1,158.4700,171.3600,1.799758
FILLER_59_326,VPWR,li1,156.8600,171.3600,1.799758
FILLER_59_314,VPWR,li1,152.7200,171.3600,1.799741
FILLER_59_302,VPWR,li1,147.2000,171.3600,1.799716
FILLER_59_291,VPWR,li1,139.8400,171.3600,1.799689
FILLER_59_273,VPWR,li1,131.3300,171.3600,1.799662
FILLER_59_269,VPWR,li1,130.1800,171.3600,1.799662
FILLER_59_248,VPWR,li1,120.0600,171.3600,1.799647
FILLER_59_240,VPWR,li1,117.7600,171.3600,1.799644
FILLER_59_225,VPWR,li1,109.4800,171.3600,1.799635
FILLER_59_204,VPWR,li1,99.8200,171.3600,1.799633
FILLER_59_196,VPWR,li1,97.5200,171.3600,1.799633
FILLER_59_191,VPWR,li1,93.6100,171.3600,1.799634
FILLER_59_181,VPWR,li1,89.0100,171.3600,1.799637
FILLER_59_177,VPWR,li1,87.8600,171.3600,1.799639
FILLER_59_160,VPWR,li1,79.5800,171.3600,1.799653
FILLER_59_148,VPWR,li1,76.3600,171.3600,1.799658
FILLER_59_125,VPWR,li1,65.7800,171.3600,1.799681
FILLER_59_113,VPWR,li1,60.2600,171.3600,1.799697
FILLER_59_111,VPWR,li1,56.8100,171.3600,1.799704
FILLER_59_99,VPWR,li1,53.8200,171.3600,1.799712
FILLER_59_87,VPWR,li1,48.3000,171.3600,1.799732
FILLER_59_75,VPWR,li1,42.7800,171.3600,1.799758
FILLER_59_54,VPWR,li1,30.8200,171.3600,1.799835
FILLER_59_42,VPWR,li1,27.6000,171.3600,1.799875
FILLER_59_30,VPWR,li1,22.0800,171.3600,1.799914
FILLER_59_18,VPWR,li1,16.5600,171.3600,1.799913
FILLER_59_6,VPWR,li1,11.0400,171.3600,1.799913
FILLER_58_488,VPWR,li1,230.9200,171.3600,1.799396
FILLER_58_474,VPWR,li1,224.0200,171.3600,1.799422
FILLER_58_457,VPWR,li1,217.5800,171.3600,1.799466
FILLER_58_433,VPWR,li1,205.6200,171.3600,1.799552
FILLER_58_421,VPWR,li1,201.9400,171.3600,1.799592
FILLER_58_408,VPWR,li1,195.9600,171.3600,1.799645
FILLER_58_401,VPWR,li1,190.9000,171.3600,1.799694
FILLER_58_389,VPWR,li1,185.3800,171.3600,1.799749
FILLER_58_377,VPWR,li1,181.7000,171.3600,1.799783
FILLER_58_365,VPWR,li1,175.2600,171.3600,1.799849
FILLER_58_362,VPWR,li1,172.5000,171.3600,1.799836
FILLER_58_354,VPWR,li1,170.2000,171.3600,1.799825
FILLER_58_342,VPWR,li1,165.6000,171.3600,1.799801
FILLER_58_321,VPWR,li1,153.4100,171.3600,1.799741
FILLER_58_309,VPWR,li1,150.4200,171.3600,1.799732
FILLER_58_305,VPWR,li1,146.5100,171.3600,1.799716
FILLER_58_283,VPWR,li1,135.9300,171.3600,1.799677
FILLER_58_262,VPWR,li1,126.2700,171.3600,1.799656
FILLER_58_248,VPWR,li1,119.8300,171.3600,1.799647
FILLER_58_242,VPWR,li1,118.2200,171.3600,1.799644
FILLER_58_230,VPWR,li1,114.0800,171.3600,1.799640
FILLER_58_226,VPWR,li1,109.7100,171.3600,1.799635
FILLER_58_220,VPWR,li1,108.1000,171.3600,1.799635
FILLER_58_214,VPWR,li1,104.1900,171.3600,1.799633
FILLER_58_202,VPWR,li1,101.2000,171.3600,1.799633
FILLER_58_193,VPWR,li1,94.9900,171.3600,1.799633
FILLER_58_179,VPWR,li1,89.7000,171.3600,1.799637
FILLER_58_169,VPWR,li1,83.4900,171.3600,1.799644
FILLER_58_165,VPWR,li1,82.3400,171.3600,1.799648
FILLER_58_153,VPWR,li1,78.6600,171.3600,1.799653
FILLER_58_141,VPWR,li1,73.1400,171.3600,1.799665
FILLER_58_132,VPWR,li1,68.0800,171.3600,1.799676
FILLER_58_120,VPWR,li1,63.4800,171.3600,1.799687
FILLER_58_110,VPWR,li1,56.8100,171.3600,1.799704
FILLER_58_85,VPWR,li1,45.0800,171.3600,1.799747
FILLER_58_69,VPWR,li1,40.0200,171.3600,1.799777
FILLER_58_62,VPWR,li1,34.2700,171.3600,1.799816
FILLER_58_49,VPWR,li1,28.7500,171.3600,1.799853
FILLER_58_41,VPWR,li1,26.2200,171.3600,1.799875
FILLER_58_29,VPWR,li1,21.6200,171.3600,1.799914
FILLER_58_27,VPWR,li1,18.1700,171.3600,1.799914
FILLER_58_15,VPWR,li1,15.1800,171.3600,1.799913
FILLER_58_3,VPWR,li1,9.6600,171.3600,1.799913
FILLER_57_533,VPWR,li1,250.9300,165.9200,1.799346
FILLER_57_527,VPWR,li1,249.3200,165.9200,1.799346
FILLER_57_515,VPWR,li1,245.1800,165.9200,1.799350
FILLER_57_505,VPWR,li1,238.0500,165.9200,1.799363
FILLER_57_474,VPWR,li1,225.4000,165.9200,1.799418
FILLER_57_461,VPWR,li1,218.9600,165.9200,1.799441
FILLER_57_449,VPWR,li1,214.8200,165.9200,1.799462
FILLER_57_446,VPWR,li1,211.1400,165.9200,1.799480
FILLER_57_437,VPWR,li1,207.2300,165.9200,1.799509
FILLER_57_431,VPWR,li1,204.4700,165.9200,1.799522
FILLER_57_423,VPWR,li1,201.9400,165.9200,1.799536
FILLER_57_393,VPWR,li1,186.5300,165.9200,1.799693
FILLER_57_390,VPWR,li1,185.3800,165.9200,1.799693
FILLER_57_382,VPWR,li1,183.0800,165.9200,1.799720
FILLER_57_366,VPWR,li1,174.3400,165.9200,1.799798
FILLER_57_358,VPWR,li1,172.0400,165.9200,1.799785
FILLER_57_346,VPWR,li1,167.4400,165.9200,1.799763
FILLER_57_328,VPWR,li1,156.6300,165.9200,1.799695
FILLER_57_322,VPWR,li1,155.0200,165.9200,1.799695
FILLER_57_310,VPWR,li1,150.8800,165.9200,1.799673
FILLER_57_300,VPWR,li1,144.4400,165.9200,1.799646
FILLER_57_288,VPWR,li1,138.2300,165.9200,1.799628
FILLER_57_267,VPWR,li1,128.5700,165.9200,1.799601
FILLER_57_261,VPWR,li1,126.9600,165.9200,1.799601
FILLER_57_237,VPWR,li1,115.4600,165.9200,1.799586
FILLER_57_225,VPWR,li1,111.7800,165.9200,1.799583
FILLER_57_216,VPWR,li1,105.1100,165.9200,1.799578
FILLER_57_204,VPWR,li1,102.1200,165.9200,1.799578
FILLER_57_192,VPWR,li1,94.0700,165.9200,1.799577
FILLER_57_184,VPWR,li1,92.0000,165.9200,1.799579
FILLER_57_165,VPWR,li1,82.1100,165.9200,1.799594
FILLER_57_157,VPWR,li1,79.5800,165.9200,1.799600
FILLER_57_147,VPWR,li1,73.3700,165.9200,1.799613
FILLER_57_135,VPWR,li1,70.3800,165.9200,1.799621
FILLER_57_128,VPWR,li1,64.8600,165.9200,1.799634
FILLER_57_110,VPWR,li1,56.5800,165.9200,1.799662
FILLER_57_102,VPWR,li1,52.6700,165.9200,1.799677
FILLER_57_98,VPWR,li1,51.5200,165.9200,1.799677
FILLER_57_89,VPWR,li1,47.1500,165.9200,1.799697
FILLER_57_81,VPWR,li1,44.6200,165.9200,1.799712
FILLER_57_69,VPWR,li1,40.0200,165.9200,1.799740
FILLER_57_57,VPWR,li1,32.6600,165.9200,1.799786
FILLER_57_53,VPWR,li1,30.5900,165.9200,1.799804
FILLER_57_45,VPWR,li1,28.0600,165.9200,1.799826
FILLER_57_33,VPWR,li1,23.4600,165.9200,1.799878
FILLER_57_21,VPWR,li1,17.9400,165.9200,1.799892
FILLER_57_7,VPWR,li1,8.9700,165.9200,1.799887
FILLER_56_536,VPWR,li1,252.5400,165.9200,1.799344
FILLER_56_500,VPWR,li1,238.2800,165.9200,1.799363
FILLER_56_485,VPWR,li1,229.0800,165.9200,1.799393
FILLER_56_477,VPWR,li1,226.7800,165.9200,1.799404
FILLER_56_473,VPWR,li1,223.7900,165.9200,1.799418
FILLER_56_465,VPWR,li1,221.2600,165.9200,1.799429
FILLER_56_453,VPWR,li1,216.6600,165.9200,1.799452
FILLER_56_444,VPWR,li1,209.9900,165.9200,1.799490
FILLER_56_432,VPWR,li1,207.0000,165.9200,1.799509
FILLER_56_428,VPWR,li1,202.6300,165.9200,1.799536
FILLER_56_421,VPWR,li1,199.4100,165.9200,1.799563
FILLER_56_419,VPWR,li1,198.4900,165.9200,1.799563
FILLER_56_415,VPWR,li1,197.3400,165.9200,1.799584
FILLER_56_348,VPWR,li1,167.4400,165.9200,1.799763
FILLER_56_318,VPWR,li1,152.7200,165.9200,1.799685
FILLER_56_305,VPWR,li1,146.5100,165.9200,1.799660
FILLER_56_290,VPWR,li1,140.7600,165.9200,1.799636
FILLER_56_269,VPWR,li1,129.4900,165.9200,1.799605
FILLER_56_265,VPWR,li1,128.3400,165.9200,1.799601
FILLER_56_253,VPWR,li1,124.6600,165.9200,1.799597
FILLER_56_251,VPWR,li1,121.2100,165.9200,1.799589
FILLER_56_245,VPWR,li1,119.6000,165.9200,1.799589
FILLER_56_233,VPWR,li1,115.4600,165.9200,1.799586
FILLER_56_221,VPWR,li1,109.9400,165.9200,1.799580
FILLER_56_209,VPWR,li1,104.4200,165.9200,1.799578
FILLER_56_197,VPWR,li1,98.9000,165.9200,1.799577
FILLER_56_193,VPWR,li1,94.9900,165.9200,1.799577
FILLER_56_185,VPWR,li1,92.4600,165.9200,1.799579
FILLER_56_173,VPWR,li1,87.8600,165.9200,1.799584
FILLER_56_161,VPWR,li1,82.3400,165.9200,1.799594
FILLER_56_139,VPWR,li1,69.6900,165.9200,1.799626
FILLER_56_132,VPWR,li1,66.4700,165.9200,1.799634
FILLER_56_122,VPWR,li1,63.0200,165.9200,1.799642
FILLER_56_110,VPWR,li1,58.8800,165.9200,1.799656
FILLER_56_98,VPWR,li1,53.3600,165.9200,1.799670
FILLER_56_85,VPWR,li1,45.0800,165.9200,1.799712
FILLER_56_83,VPWR,li1,43.9300,165.9200,1.799724
FILLER_56_77,VPWR,li1,42.3200,165.9200,1.799724
FILLER_56_70,VPWR,li1,37.9500,165.9200,1.799758
FILLER_56_66,VPWR,li1,36.8000,165.9200,1.799758
FILLER_56_56,VPWR,li1,31.9700,165.9200,1.799804
FILLER_56_44,VPWR,li1,28.5200,165.9200,1.799826
FILLER_56_32,VPWR,li1,20.4700,165.9200,1.799895
FILLER_56_26,VPWR,li1,17.9400,165.9200,1.799892
FILLER_56_15,VPWR,li1,13.3400,165.9200,1.799889
FILLER_55_543,VPWR,li1,255.9900,160.4800,1.799320
FILLER_55_513,VPWR,li1,241.9600,160.4800,1.799332
FILLER_55_505,VPWR,li1,239.6600,160.4800,1.799343
FILLER_55_502,VPWR,li1,236.9000,160.4800,1.799354
FILLER_55_490,VPWR,li1,233.6800,160.4800,1.799364
FILLER_55_478,VPWR,li1,228.1600,160.4800,1.799394
FILLER_55_466,VPWR,li1,222.6400,160.4800,1.799414
FILLER_55_461,VPWR,li1,218.0400,160.4800,1.799433
FILLER_55_449,VPWR,li1,212.9800,160.4800,1.799459
FILLER_55_447,VPWR,li1,211.3700,160.4800,1.799471
FILLER_55_416,VPWR,li1,197.3400,160.4800,1.799567
FILLER_55_404,VPWR,li1,194.1200,160.4800,1.799586
FILLER_55_393,VPWR,li1,186.7600,160.4800,1.799653
FILLER_55_377,VPWR,li1,180.7800,160.4800,1.799716
FILLER_55_358,VPWR,li1,170.4300,160.4800,1.799734
FILLER_55_346,VPWR,li1,167.4400,160.4800,1.799703
FILLER_55_335,VPWR,li1,159.8500,160.4800,1.799643
FILLER_55_324,VPWR,li1,154.7900,160.4800,1.799610
FILLER_55_312,VPWR,li1,151.8000,160.4800,1.799592
FILLER_55_292,VPWR,li1,140.0700,160.4800,1.799531
FILLER_55_279,VPWR,li1,134.0900,160.4800,1.799510
FILLER_55_267,VPWR,li1,131.1000,160.4800,1.799500
FILLER_55_255,VPWR,li1,125.5800,160.4800,1.799484
FILLER_55_243,VPWR,li1,120.0600,160.4800,1.799471
FILLER_55_233,VPWR,li1,113.3900,160.4800,1.799456
FILLER_55_225,VPWR,li1,109.2500,160.4800,1.799452
FILLER_55_222,VPWR,li1,108.1000,160.4800,1.799452
FILLER_55_210,VPWR,li1,104.8800,160.4800,1.799452
FILLER_55_198,VPWR,li1,99.3600,160.4800,1.799452
FILLER_55_180,VPWR,li1,89.0100,160.4800,1.799465
FILLER_55_169,VPWR,li1,85.1000,160.4800,1.799473
FILLER_55_167,VPWR,li1,82.5700,160.4800,1.799481
FILLER_55_161,VPWR,li1,80.9600,160.4800,1.799491
FILLER_55_137,VPWR,li1,69.4600,160.4800,1.799528
FILLER_55_125,VPWR,li1,65.7800,160.4800,1.799542
FILLER_55_113,VPWR,li1,60.2600,160.4800,1.799564
FILLER_55_93,VPWR,li1,48.5300,160.4800,1.799617
FILLER_55_89,VPWR,li1,47.3800,160.4800,1.799636
FILLER_55_77,VPWR,li1,43.7000,160.4800,1.799650
FILLER_55_73,VPWR,li1,39.3300,160.4800,1.799682
FILLER_55_69,VPWR,li1,38.1800,160.4800,1.799703
FILLER_55_61,VPWR,li1,33.8100,160.4800,1.799733
FILLER_55_57,VPWR,li1,32.6600,160.4800,1.799759
FILLER_55_48,VPWR,li1,29.4400,160.4800,1.799782
FILLER_55_21,VPWR,li1,17.9400,160.4800,1.799874
FILLER_55_11,VPWR,li1,11.2700,160.4800,1.799872
FILLER_55_3,VPWR,li1,8.7400,160.4800,1.799872
FILLER_54_548,VPWR,li1,258.0600,160.4800,1.799320
FILLER_54_533,VPWR,li1,252.0800,160.4800,1.799322
FILLER_54_524,VPWR,li1,248.4000,160.4800,1.799323
FILLER_54_512,VPWR,li1,243.8000,160.4800,1.799325
FILLER_54_485,VPWR,li1,228.8500,160.4800,1.799385
FILLER_54_477,VPWR,li1,226.7800,160.4800,1.799394
FILLER_54_475,VPWR,li1,224.2500,160.4800,1.799406
FILLER_54_459,VPWR,li1,216.8900,160.4800,1.799444
FILLER_54_455,VPWR,li1,215.7400,160.4800,1.799444
FILLER_54_445,VPWR,li1,210.6800,160.4800,1.799471
FILLER_54_421,VPWR,li1,199.4100,160.4800,1.799551
FILLER_54_419,VPWR,li1,198.4900,160.4800,1.799551
FILLER_54_411,VPWR,li1,196.4200,160.4800,1.799567
FILLER_54_399,VPWR,li1,191.8200,160.4800,1.799605
FILLER_54_383,VPWR,li1,183.5400,160.4800,1.799683
FILLER_54_350,VPWR,li1,166.9800,160.4800,1.799703
FILLER_54_342,VPWR,li1,164.6800,160.4800,1.799677
FILLER_54_318,VPWR,li1,152.7200,160.4800,1.799592
FILLER_54_307,VPWR,li1,146.9700,160.4800,1.799564
FILLER_54_286,VPWR,li1,137.3100,160.4800,1.799516
FILLER_54_277,VPWR,li1,133.6300,160.4800,1.799510
FILLER_54_265,VPWR,li1,130.1800,160.4800,1.799500
FILLER_54_253,VPWR,li1,124.6600,160.4800,1.799484
FILLER_54_251,VPWR,li1,121.2100,160.4800,1.799471
FILLER_54_247,VPWR,li1,120.0600,160.4800,1.799471
FILLER_54_230,VPWR,li1,111.7800,160.4800,1.799453
FILLER_54_216,VPWR,li1,106.7200,160.4800,1.799452
FILLER_54_204,VPWR,li1,102.1200,160.4800,1.799452
FILLER_54_195,VPWR,li1,95.4500,160.4800,1.799455
FILLER_54_191,VPWR,li1,94.3000,160.4800,1.799455
FILLER_54_184,VPWR,li1,90.8500,160.4800,1.799458
FILLER_54_175,VPWR,li1,86.4800,160.4800,1.799473
FILLER_54_167,VPWR,li1,84.1800,160.4800,1.799481
FILLER_54_155,VPWR,li1,79.5800,160.4800,1.799491
FILLER_54_144,VPWR,li1,73.6000,160.4800,1.799510
FILLER_54_136,VPWR,li1,69.0000,160.4800,1.799528
FILLER_54_124,VPWR,li1,65.3200,160.4800,1.799542
FILLER_54_112,VPWR,li1,59.8000,160.4800,1.799564
FILLER_54_85,VPWR,li1,44.8500,160.4800,1.799650
FILLER_54_72,VPWR,li1,41.4000,160.4800,1.799667
FILLER_54_57,VPWR,li1,31.9700,160.4800,1.799759
FILLER_54_53,VPWR,li1,30.8200,160.4800,1.799782
FILLER_54_41,VPWR,li1,27.1400,160.4800,1.799817
FILLER_54_29,VPWR,li1,21.6200,160.4800,1.799876
FILLER_54_27,VPWR,li1,18.1700,160.4800,1.799874
FILLER_54_15,VPWR,li1,15.1800,160.4800,1.799872
FILLER_54_3,VPWR,li1,9.6600,160.4800,1.799872
FILLER_53_533,VPWR,li1,250.9300,155.0400,1.798962
FILLER_53_529,VPWR,li1,249.7800,155.0400,1.798962
FILLER_53_520,VPWR,li1,245.4100,155.0400,1.798967
FILLER_53_503,VPWR,li1,237.1300,155.0400,1.798984
FILLER_53_473,VPWR,li1,224.0200,155.0400,1.799044
FILLER_53_449,VPWR,li1,212.9800,155.0400,1.799127
FILLER_53_445,VPWR,li1,210.9100,155.0400,1.799146
FILLER_53_432,VPWR,li1,204.7000,155.0400,1.799211
FILLER_53_404,VPWR,li1,192.0500,155.0400,1.799397
FILLER_53_400,VPWR,li1,189.7500,155.0400,1.799435
FILLER_53_396,VPWR,li1,188.6000,155.0400,1.799485
FILLER_53_386,VPWR,li1,184.4600,155.0400,1.799531
FILLER_53_374,VPWR,li1,180.3200,155.0400,1.799617
FILLER_53_345,VPWR,li1,164.6800,155.0400,1.799603
FILLER_53_337,VPWR,li1,162.3800,155.0400,1.799589
FILLER_53_335,VPWR,li1,159.8500,155.0400,1.799573
FILLER_53_318,VPWR,li1,153.6400,155.0400,1.799536
FILLER_53_309,VPWR,li1,148.5800,155.0400,1.799500
FILLER_53_285,VPWR,li1,136.8500,155.0400,1.799450
FILLER_53_281,VPWR,li1,135.7000,155.0400,1.799440
FILLER_53_246,VPWR,li1,119.1400,155.0400,1.799395
FILLER_53_238,VPWR,li1,116.8400,155.0400,1.799393
FILLER_53_225,VPWR,li1,109.9400,155.0400,1.799388
FILLER_53_222,VPWR,li1,108.1000,155.0400,1.799387
FILLER_53_209,VPWR,li1,101.8900,155.0400,1.799387
FILLER_53_205,VPWR,li1,100.7400,155.0400,1.799387
FILLER_53_193,VPWR,li1,97.0600,155.0400,1.799389
FILLER_53_181,VPWR,li1,91.5400,155.0400,1.799391
FILLER_53_169,VPWR,li1,86.0200,155.0400,1.799400
FILLER_53_167,VPWR,li1,82.5700,155.0400,1.799408
FILLER_53_163,VPWR,li1,81.4200,155.0400,1.799408
FILLER_53_133,VPWR,li1,67.1600,155.0400,1.799448
FILLER_53_125,VPWR,li1,64.8600,155.0400,1.799459
FILLER_53_113,VPWR,li1,60.2600,155.0400,1.799485
FILLER_53_111,VPWR,li1,56.8100,155.0400,1.799503
FILLER_53_99,VPWR,li1,53.8200,155.0400,1.799528
FILLER_53_81,VPWR,li1,43.7000,155.0400,1.799604
FILLER_53_69,VPWR,li1,40.0200,155.0400,1.799642
FILLER_53_57,VPWR,li1,34.5000,155.0400,1.799698
FILLER_53_54,VPWR,li1,30.8200,155.0400,1.799736
FILLER_53_46,VPWR,li1,28.5200,155.0400,1.799771
FILLER_53_27,VPWR,li1,20.7000,155.0400,1.799856
FILLER_53_15,VPWR,li1,15.1800,155.0400,1.799853
FILLER_53_3,VPWR,li1,9.6600,155.0400,1.799853
FILLER_52_547,VPWR,li1,257.8300,155.0400,1.798956
FILLER_52_509,VPWR,li1,240.3500,155.0400,1.798979
FILLER_52_475,VPWR,li1,224.2500,155.0400,1.799044
FILLER_52_442,VPWR,li1,209.0700,155.0400,1.799164
FILLER_52_421,VPWR,li1,199.4100,155.0400,1.799294
FILLER_52_416,VPWR,li1,197.8000,155.0400,1.799294
FILLER_52_401,VPWR,li1,190.2100,155.0400,1.799435
FILLER_52_377,VPWR,li1,179.8600,155.0400,1.799617
FILLER_52_365,VPWR,li1,176.1800,155.0400,1.799701
FILLER_52_360,VPWR,li1,172.0400,155.0400,1.799663
FILLER_52_343,VPWR,li1,164.6800,155.0400,1.799603
FILLER_52_331,VPWR,li1,160.5400,155.0400,1.799573
FILLER_52_321,VPWR,li1,153.4100,155.0400,1.799536
FILLER_52_309,VPWR,li1,150.4200,155.0400,1.799519
FILLER_52_307,VPWR,li1,146.9700,155.0400,1.799500
FILLER_52_299,VPWR,li1,144.9000,155.0400,1.799489
FILLER_52_295,VPWR,li1,141.4500,155.0400,1.799463
FILLER_52_289,VPWR,li1,139.8400,155.0400,1.799463
FILLER_52_277,VPWR,li1,135.7000,155.0400,1.799440
FILLER_52_253,VPWR,li1,122.1300,155.0400,1.799398
FILLER_52_242,VPWR,li1,117.5300,155.0400,1.799393
FILLER_52_234,VPWR,li1,115.0000,155.0400,1.799390
FILLER_52_217,VPWR,li1,106.2600,155.0400,1.799386
FILLER_52_209,VPWR,li1,101.8900,155.0400,1.799387
FILLER_52_197,VPWR,li1,98.9000,155.0400,1.799388
FILLER_52_194,VPWR,li1,95.2200,155.0400,1.799390
FILLER_52_174,VPWR,li1,85.7900,155.0400,1.799403
FILLER_52_168,VPWR,li1,84.1800,155.0400,1.799403
FILLER_52_117,VPWR,li1,59.5700,155.0400,1.799485
FILLER_52_109,VPWR,li1,57.5000,155.0400,1.799503
FILLER_52_97,VPWR,li1,52.9000,155.0400,1.799528
FILLER_52_85,VPWR,li1,47.3800,155.0400,1.799578
FILLER_52_83,VPWR,li1,43.9300,155.0400,1.799604
FILLER_52_71,VPWR,li1,40.9400,155.0400,1.799642
FILLER_52_59,VPWR,li1,35.4200,155.0400,1.799698
FILLER_52_38,VPWR,li1,24.3800,155.0400,1.799807
FILLER_52_11,VPWR,li1,10.8100,155.0400,1.799853
FILLER_52_3,VPWR,li1,8.7400,155.0400,1.799853
FILLER_51_546,VPWR,li1,257.6000,149.6000,1.799576
FILLER_51_542,VPWR,li1,255.0700,149.6000,1.799578
FILLER_51_536,VPWR,li1,253.4600,149.6000,1.799578
FILLER_51_532,VPWR,li1,250.4700,149.6000,1.799580
FILLER_51_528,VPWR,li1,249.3200,149.6000,1.799580
FILLER_51_517,VPWR,li1,243.8000,149.6000,1.799585
FILLER_51_505,VPWR,li1,240.5800,149.6000,1.799590
FILLER_51_502,VPWR,li1,236.9000,149.6000,1.799594
FILLER_51_494,VPWR,li1,234.6000,149.6000,1.799599
FILLER_51_487,VPWR,li1,229.7700,149.6000,1.799604
FILLER_51_479,VPWR,li1,227.7000,149.6000,1.799607
FILLER_51_467,VPWR,li1,221.0300,149.6000,1.799619
FILLER_51_459,VPWR,li1,218.5000,149.6000,1.799623
FILLER_51_444,VPWR,li1,210.6800,149.6000,1.799638
FILLER_51_432,VPWR,li1,204.4700,149.6000,1.799659
FILLER_51_419,VPWR,li1,199.1800,149.6000,1.799691
FILLER_51_408,VPWR,li1,193.6600,149.6000,1.799728
FILLER_51_393,VPWR,li1,186.5300,149.6000,1.799766
FILLER_51_391,VPWR,li1,185.6100,149.6000,1.799766
FILLER_51_383,VPWR,li1,183.5400,149.6000,1.799778
FILLER_51_371,VPWR,li1,178.9400,149.6000,1.799808
FILLER_51_362,VPWR,li1,172.2700,149.6000,1.799814
FILLER_51_356,VPWR,li1,170.6600,149.6000,1.799796
FILLER_51_337,VPWR,li1,163.3000,149.6000,1.799730
FILLER_51_332,VPWR,li1,159.1600,149.6000,1.799682
FILLER_51_317,VPWR,li1,151.5700,149.6000,1.799615
FILLER_51_311,VPWR,li1,149.9600,149.6000,1.799615
FILLER_51_305,VPWR,li1,146.0500,149.6000,1.799577
FILLER_51_293,VPWR,li1,143.0600,149.6000,1.799557
FILLER_51_281,VPWR,li1,137.5400,149.6000,1.799514
FILLER_51_279,VPWR,li1,134.0900,149.6000,1.799486
FILLER_51_271,VPWR,li1,132.0200,149.6000,1.799471
FILLER_51_259,VPWR,li1,127.4200,149.6000,1.799437
FILLER_51_250,VPWR,li1,120.9800,149.6000,1.799389
FILLER_51_242,VPWR,li1,118.6800,149.6000,1.799373
FILLER_51_220,VPWR,li1,107.6400,149.6000,1.799301
FILLER_51_210,VPWR,li1,102.5800,149.6000,1.799274
FILLER_51_198,VPWR,li1,97.2900,149.6000,1.799251
FILLER_51_169,VPWR,li1,83.7200,149.6000,1.799232
FILLER_51_164,VPWR,li1,81.8800,149.6000,1.799232
FILLER_51_157,VPWR,li1,77.9700,149.6000,1.799231
FILLER_51_122,VPWR,li1,62.5600,149.6000,1.799286
FILLER_51_113,VPWR,li1,57.7300,149.6000,1.799324
FILLER_51_110,VPWR,li1,56.5800,149.6000,1.799324
FILLER_51_95,VPWR,li1,51.0600,149.6000,1.799374
FILLER_51_68,VPWR,li1,37.2600,149.6000,1.799536
FILLER_51_60,VPWR,li1,34.9600,149.6000,1.799569
FILLER_51_11,VPWR,li1,11.0400,149.6000,1.799758
FILLER_51_3,VPWR,li1,8.7400,149.6000,1.799758
FILLER_50_541,VPWR,li1,254.6100,149.6000,1.799578
FILLER_50_509,VPWR,li1,240.3500,149.6000,1.799590
FILLER_50_501,VPWR,li1,237.8200,149.6000,1.799594
FILLER_50_489,VPWR,li1,233.2200,149.6000,1.799599
FILLER_50_477,VPWR,li1,227.7000,149.6000,1.799607
FILLER_50_474,VPWR,li1,224.0200,149.6000,1.799613
FILLER_50_462,VPWR,li1,220.8000,149.6000,1.799619
FILLER_50_457,VPWR,li1,215.9700,149.6000,1.799629
FILLER_50_445,VPWR,li1,212.9800,149.6000,1.799634
FILLER_50_433,VPWR,li1,207.4600,149.6000,1.799645
FILLER_50_421,VPWR,li1,201.9400,149.6000,1.799672
FILLER_50_419,VPWR,li1,198.4900,149.6000,1.799691
FILLER_50_396,VPWR,li1,188.3700,149.6000,1.799749
FILLER_50_378,VPWR,li1,179.8600,149.6000,1.799808
FILLER_50_373,VPWR,li1,177.5600,149.6000,1.799824
FILLER_50_362,VPWR,li1,172.5000,149.6000,1.799814
FILLER_50_354,VPWR,li1,168.5900,149.6000,1.799770
FILLER_50_342,VPWR,li1,165.6000,149.6000,1.799751
FILLER_50_309,VPWR,li1,148.1200,149.6000,1.799594
FILLER_50_307,VPWR,li1,146.9700,149.6000,1.799577
FILLER_50_300,VPWR,li1,143.7500,149.6000,1.799557
FILLER_50_296,VPWR,li1,141.9100,149.6000,1.799542
FILLER_50_265,VPWR,li1,129.2600,149.6000,1.799450
FILLER_50_253,VPWR,li1,124.6600,149.6000,1.799404
FILLER_50_251,VPWR,li1,121.2100,149.6000,1.799389
FILLER_50_230,VPWR,li1,111.5500,149.6000,1.799314
FILLER_50_194,VPWR,li1,95.2200,149.6000,1.799245
FILLER_50_167,VPWR,li1,83.2600,149.6000,1.799232
FILLER_50_155,VPWR,li1,79.5800,149.6000,1.799231
FILLER_50_141,VPWR,li1,70.6100,149.6000,1.799248
FILLER_50_94,VPWR,li1,50.1400,149.6000,1.799400
FILLER_50_56,VPWR,li1,33.1200,149.6000,1.799619
FILLER_50_26,VPWR,li1,17.9400,149.6000,1.799765
FILLER_50_3,VPWR,li1,7.5900,149.6000,1.799758
FILLER_49_533,VPWR,li1,250.9300,144.1600,1.799393
FILLER_49_529,VPWR,li1,249.7800,144.1600,1.799393
FILLER_49_517,VPWR,li1,244.0300,144.1600,1.799400
FILLER_49_505,VPWR,li1,240.5800,144.1600,1.799403
FILLER_49_503,VPWR,li1,237.1300,144.1600,1.799410
FILLER_49_490,VPWR,li1,231.3800,144.1600,1.799427
FILLER_49_475,VPWR,li1,226.7800,144.1600,1.799440
FILLER_49_458,VPWR,li1,216.8900,144.1600,1.799477
FILLER_49_447,VPWR,li1,211.3700,144.1600,1.799511
FILLER_49_443,VPWR,li1,210.2200,144.1600,1.799511
FILLER_49_431,VPWR,li1,206.5400,144.1600,1.799533
FILLER_49_422,VPWR,li1,201.0200,144.1600,1.799581
FILLER_49_377,VPWR,li1,179.1700,144.1600,1.799765
FILLER_49_371,VPWR,li1,177.5600,144.1600,1.799765
FILLER_49_349,VPWR,li1,166.7500,144.1600,1.799685
FILLER_49_332,VPWR,li1,159.1600,144.1600,1.799602
FILLER_49_311,VPWR,li1,148.8100,144.1600,1.799488
FILLER_49_307,VPWR,li1,147.6600,144.1600,1.799488
FILLER_49_285,VPWR,li1,136.8500,144.1600,1.799394
FILLER_49_281,VPWR,li1,135.7000,144.1600,1.799375
FILLER_49_225,VPWR,li1,109.9400,144.1600,1.799315
FILLER_49_223,VPWR,li1,108.3300,144.1600,1.799315
FILLER_49_197,VPWR,li1,97.5200,144.1600,1.799346
FILLER_49_185,VPWR,li1,93.3800,144.1600,1.799362
FILLER_49_173,VPWR,li1,87.8600,144.1600,1.799385
FILLER_49_162,VPWR,li1,81.4200,144.1600,1.799405
FILLER_49_150,VPWR,li1,77.2800,144.1600,1.799430
FILLER_49_144,VPWR,li1,72.2200,144.1600,1.799469
FILLER_49_135,VPWR,li1,69.0000,144.1600,1.799480
FILLER_49_113,VPWR,li1,57.9600,144.1600,1.799552
FILLER_49_101,VPWR,li1,52.2100,144.1600,1.799590
FILLER_49_93,VPWR,li1,50.1400,144.1600,1.799607
FILLER_49_69,VPWR,li1,37.4900,144.1600,1.799713
FILLER_49_57,VPWR,li1,34.5000,144.1600,1.799740
FILLER_49_54,VPWR,li1,30.8200,144.1600,1.799774
FILLER_49_47,VPWR,li1,27.3700,144.1600,1.799816
FILLER_49_43,VPWR,li1,26.2200,144.1600,1.799816
FILLER_49_3,VPWR,li1,7.5900,144.1600,1.799858
FILLER_48_548,VPWR,li1,258.0600,144.1600,1.799387
FILLER_48_533,VPWR,li1,251.6200,144.1600,1.799391
FILLER_48_531,VPWR,li1,250.0100,144.1600,1.799393
FILLER_48_523,VPWR,li1,247.9400,144.1600,1.799396
FILLER_48_511,VPWR,li1,243.3400,144.1600,1.799400
FILLER_48_481,VPWR,li1,227.0100,144.1600,1.799440
FILLER_48_477,VPWR,li1,225.8600,144.1600,1.799448
FILLER_48_475,VPWR,li1,224.2500,144.1600,1.799448
FILLER_48_471,VPWR,li1,223.1000,144.1600,1.799457
FILLER_48_427,VPWR,li1,203.3200,144.1600,1.799558
FILLER_48_417,VPWR,li1,198.0300,144.1600,1.799595
FILLER_48_409,VPWR,li1,195.5000,144.1600,1.799614
FILLER_48_377,VPWR,li1,179.8600,144.1600,1.799744
FILLER_48_365,VPWR,li1,176.1800,144.1600,1.799786
FILLER_48_362,VPWR,li1,172.5000,144.1600,1.799739
FILLER_48_358,VPWR,li1,170.4300,144.1600,1.799715
FILLER_48_335,VPWR,li1,162.3800,144.1600,1.799633
FILLER_48_309,VPWR,li1,148.3500,144.1600,1.799488
FILLER_48_307,VPWR,li1,146.9700,144.1600,1.799469
FILLER_48_301,VPWR,li1,145.3600,144.1600,1.799469
FILLER_48_277,VPWR,li1,133.1700,144.1600,1.799354
FILLER_48_273,VPWR,li1,132.0200,144.1600,1.799354
FILLER_48_247,VPWR,li1,119.3700,144.1600,1.799312
FILLER_48_221,VPWR,li1,108.5600,144.1600,1.799315
FILLER_48_209,VPWR,li1,103.0400,144.1600,1.799327
FILLER_48_197,VPWR,li1,98.9000,144.1600,1.799346
FILLER_48_194,VPWR,li1,95.2200,144.1600,1.799354
FILLER_48_186,VPWR,li1,92.9200,144.1600,1.799362
FILLER_48_169,VPWR,li1,83.7200,144.1600,1.799396
FILLER_48_158,VPWR,li1,79.1200,144.1600,1.799419
FILLER_48_146,VPWR,li1,75.4400,144.1600,1.799441
FILLER_48_141,VPWR,li1,70.8400,144.1600,1.799469
FILLER_48_134,VPWR,li1,68.5400,144.1600,1.799492
FILLER_48_122,VPWR,li1,64.4000,144.1600,1.799508
FILLER_48_101,VPWR,li1,52.2100,144.1600,1.799590
FILLER_48_97,VPWR,li1,51.0600,144.1600,1.799607
FILLER_48_85,VPWR,li1,47.3800,144.1600,1.799629
FILLER_48_83,VPWR,li1,43.9300,144.1600,1.799669
FILLER_48_71,VPWR,li1,39.5600,144.1600,1.799694
FILLER_48_59,VPWR,li1,35.4200,144.1600,1.799740
FILLER_48_47,VPWR,li1,29.9000,144.1600,1.799791
FILLER_48_35,VPWR,li1,24.3800,144.1600,1.799839
FILLER_48_29,VPWR,li1,19.5500,144.1600,1.799870
FILLER_48_20,VPWR,li1,16.5600,144.1600,1.799866
FILLER_48_3,VPWR,li1,8.2800,144.1600,1.799858
FILLER_47_530,VPWR,li1,250.2400,138.7200,1.799544
FILLER_47_519,VPWR,li1,244.7200,138.7200,1.799552
FILLER_47_505,VPWR,li1,238.2800,138.7200,1.799560
FILLER_47_481,VPWR,li1,227.4700,138.7200,1.799593
FILLER_47_469,VPWR,li1,224.0200,138.7200,1.799607
FILLER_47_442,VPWR,li1,210.2200,138.7200,1.799665
FILLER_47_429,VPWR,li1,204.7000,138.7200,1.799694
FILLER_47_405,VPWR,li1,192.7400,138.7200,1.799759
FILLER_47_393,VPWR,li1,189.0600,138.7200,1.799781
FILLER_47_390,VPWR,li1,185.3800,138.7200,1.799802
FILLER_47_382,VPWR,li1,183.0800,138.7200,1.799816
FILLER_47_370,VPWR,li1,178.4800,138.7200,1.799843
FILLER_47_351,VPWR,li1,167.2100,138.7200,1.799818
FILLER_47_343,VPWR,li1,163.5300,138.7200,1.799798
FILLER_47_337,VPWR,li1,161.9200,138.7200,1.799787
FILLER_47_335,VPWR,li1,159.8500,138.7200,1.799773
FILLER_47_331,VPWR,li1,158.7000,138.7200,1.799773
FILLER_47_315,VPWR,li1,150.6500,138.7200,1.799732
FILLER_47_303,VPWR,li1,147.6600,138.7200,1.799716
FILLER_47_291,VPWR,li1,142.1400,138.7200,1.799695
FILLER_47_287,VPWR,li1,137.7700,138.7200,1.799669
FILLER_47_281,VPWR,li1,136.1600,138.7200,1.799669
FILLER_47_278,VPWR,li1,133.8600,138.7200,1.799657
FILLER_47_261,VPWR,li1,125.8100,138.7200,1.799628
FILLER_47_229,VPWR,li1,111.0900,138.7200,1.799593
FILLER_47_225,VPWR,li1,109.9400,138.7200,1.799589
FILLER_47_216,VPWR,li1,106.7200,138.7200,1.799585
FILLER_47_204,VPWR,li1,102.1200,138.7200,1.799578
FILLER_47_192,VPWR,li1,96.6000,138.7200,1.799569
FILLER_47_155,VPWR,li1,77.5100,138.7200,1.799595
FILLER_47_143,VPWR,li1,74.0600,138.7200,1.799608
FILLER_47_137,VPWR,li1,69.2300,138.7200,1.799620
FILLER_47_125,VPWR,li1,65.7800,138.7200,1.799640
FILLER_47_113,VPWR,li1,60.2600,138.7200,1.799656
FILLER_47_109,VPWR,li1,56.3500,138.7200,1.799672
FILLER_47_99,VPWR,li1,51.9800,138.7200,1.799696
FILLER_47_95,VPWR,li1,49.4500,138.7200,1.799707
FILLER_47_89,VPWR,li1,47.8400,138.7200,1.799707
FILLER_47_77,VPWR,li1,43.7000,138.7200,1.799731
FILLER_47_66,VPWR,li1,36.8000,138.7200,1.799766
FILLER_47_55,VPWR,li1,31.0500,138.7200,1.799811
FILLER_47_47,VPWR,li1,28.9800,138.7200,1.799830
FILLER_47_35,VPWR,li1,24.3800,138.7200,1.799873
FILLER_47_23,VPWR,li1,18.8600,138.7200,1.799891
FILLER_46_536,VPWR,li1,252.5400,138.7200,1.799542
FILLER_46_521,VPWR,li1,245.8700,138.7200,1.799549
FILLER_46_513,VPWR,li1,243.3400,138.7200,1.799552
FILLER_46_485,VPWR,li1,229.0800,138.7200,1.799584
FILLER_46_477,VPWR,li1,226.7800,138.7200,1.799593
FILLER_46_470,VPWR,li1,223.1000,138.7200,1.799607
FILLER_46_458,VPWR,li1,218.9600,138.7200,1.799623
FILLER_46_445,VPWR,li1,211.1400,138.7200,1.799665
FILLER_46_433,VPWR,li1,207.4600,138.7200,1.799679
FILLER_46_421,VPWR,li1,201.9400,138.7200,1.799708
FILLER_46_419,VPWR,li1,198.4900,138.7200,1.799727
FILLER_46_407,VPWR,li1,195.5000,138.7200,1.799743
FILLER_46_395,VPWR,li1,189.9800,138.7200,1.799781
FILLER_46_390,VPWR,li1,185.3800,138.7200,1.799802
FILLER_46_382,VPWR,li1,183.0800,138.7200,1.799816
FILLER_46_370,VPWR,li1,178.4800,138.7200,1.799843
FILLER_46_363,VPWR,li1,172.7300,138.7200,1.799845
FILLER_46_353,VPWR,li1,168.1300,138.7200,1.799818
FILLER_46_345,VPWR,li1,164.9100,138.7200,1.799798
FILLER_46_333,VPWR,li1,161.4600,138.7200,1.799787
FILLER_46_321,VPWR,li1,155.9400,138.7200,1.799758
FILLER_46_309,VPWR,li1,150.4200,138.7200,1.799732
FILLER_46_306,VPWR,li1,146.7400,138.7200,1.799716
FILLER_46_294,VPWR,li1,143.5200,138.7200,1.799695
FILLER_46_239,VPWR,li1,116.1500,138.7200,1.799603
FILLER_46_230,VPWR,li1,112.0100,138.7200,1.799593
FILLER_46_226,VPWR,li1,109.7100,138.7200,1.799589
FILLER_46_221,VPWR,li1,107.4100,138.7200,1.799585
FILLER_46_215,VPWR,li1,105.8000,138.7200,1.799585
FILLER_46_203,VPWR,li1,101.6600,138.7200,1.799578
FILLER_46_186,VPWR,li1,91.7700,138.7200,1.799567
FILLER_46_150,VPWR,li1,76.3600,138.7200,1.799595
FILLER_46_139,VPWR,li1,69.6900,138.7200,1.799620
FILLER_46_129,VPWR,li1,65.0900,138.7200,1.799640
FILLER_46_120,VPWR,li1,62.1000,138.7200,1.799649
FILLER_46_108,VPWR,li1,57.9600,138.7200,1.799672
FILLER_46_89,VPWR,li1,46.9200,138.7200,1.799718
FILLER_46_78,VPWR,li1,42.7800,138.7200,1.799731
FILLER_46_45,VPWR,li1,26.6800,138.7200,1.799850
FILLER_46_18,VPWR,li1,15.1800,138.7200,1.799889
FILLER_46_3,VPWR,li1,8.2800,138.7200,1.799887
FILLER_45_538,VPWR,li1,254.8400,133.2800,1.799128
FILLER_45_517,VPWR,li1,243.5700,133.2800,1.799135
FILLER_45_505,VPWR,li1,240.5800,133.2800,1.799137
FILLER_45_501,VPWR,li1,236.6700,133.2800,1.799141
FILLER_45_491,VPWR,li1,232.3000,133.2800,1.799146
FILLER_45_479,VPWR,li1,228.6200,133.2800,1.799158
FILLER_45_467,VPWR,li1,223.1000,133.2800,1.799178
FILLER_45_457,VPWR,li1,216.4300,133.2800,1.799214
FILLER_45_449,VPWR,li1,213.9000,133.2800,1.799234
FILLER_45_447,VPWR,li1,211.3700,133.2800,1.799253
FILLER_45_439,VPWR,li1,209.3000,133.2800,1.799266
FILLER_45_410,VPWR,li1,194.8100,133.2800,1.799404
FILLER_45_405,VPWR,li1,192.2800,133.2800,1.799443
FILLER_45_391,VPWR,li1,185.6100,133.2800,1.799550
FILLER_45_383,VPWR,li1,181.9300,133.2800,1.799617
FILLER_45_375,VPWR,li1,179.8600,133.2800,1.799659
FILLER_45_363,VPWR,li1,175.2600,133.2800,1.799739
FILLER_45_357,VPWR,li1,170.4300,133.2800,1.799702
FILLER_45_349,VPWR,li1,167.9000,133.2800,1.799684
FILLER_45_337,VPWR,li1,163.3000,133.2800,1.799650
FILLER_45_330,VPWR,li1,158.0100,133.2800,1.799603
FILLER_45_320,VPWR,li1,154.1000,133.2800,1.799586
FILLER_45_311,VPWR,li1,149.9600,133.2800,1.799559
FILLER_45_289,VPWR,li1,139.1500,133.2800,1.799507
FILLER_45_279,VPWR,li1,134.0900,133.2800,1.799486
FILLER_45_273,VPWR,li1,131.5600,133.2800,1.799479
FILLER_45_242,VPWR,li1,117.7600,133.2800,1.799443
FILLER_45_233,VPWR,li1,112.9300,133.2800,1.799437
FILLER_45_217,VPWR,li1,105.5700,133.2800,1.799432
FILLER_45_211,VPWR,li1,103.9600,133.2800,1.799432
FILLER_45_175,VPWR,li1,86.9400,133.2800,1.799441
FILLER_45_167,VPWR,li1,82.5700,133.2800,1.799448
FILLER_45_160,VPWR,li1,79.3500,133.2800,1.799454
FILLER_45_152,VPWR,li1,77.2800,133.2800,1.799459
FILLER_45_119,VPWR,li1,60.4900,133.2800,1.799505
FILLER_45_113,VPWR,li1,58.8800,133.2800,1.799520
FILLER_45_72,VPWR,li1,39.5600,133.2800,1.799643
FILLER_45_57,VPWR,li1,32.6600,133.2800,1.799723
FILLER_45_48,VPWR,li1,27.8300,133.2800,1.799765
FILLER_45_38,VPWR,li1,23.4600,133.2800,1.799833
FILLER_45_15,VPWR,li1,13.1100,133.2800,1.799857
FILLER_45_3,VPWR,li1,9.6600,133.2800,1.799857
FILLER_44_533,VPWR,li1,252.0800,133.2800,1.799129
FILLER_44_530,VPWR,li1,249.7800,133.2800,1.799129
FILLER_44_522,VPWR,li1,247.4800,133.2800,1.799130
FILLER_44_510,VPWR,li1,242.8800,133.2800,1.799135
FILLER_44_498,VPWR,li1,237.3600,133.2800,1.799141
FILLER_44_482,VPWR,li1,227.7000,133.2800,1.799158
FILLER_44_477,VPWR,li1,225.1700,133.2800,1.799168
FILLER_44_474,VPWR,li1,224.0200,133.2800,1.799178
FILLER_44_462,VPWR,li1,220.8000,133.2800,1.799189
FILLER_44_449,VPWR,li1,213.4400,133.2800,1.799234
FILLER_44_441,VPWR,li1,208.6100,133.2800,1.799266
FILLER_44_419,VPWR,li1,198.4900,133.2800,1.799376
FILLER_44_407,VPWR,li1,192.9700,133.2800,1.799443
FILLER_44_377,VPWR,li1,179.6300,133.2800,1.799659
FILLER_44_365,VPWR,li1,176.1800,133.2800,1.799739
FILLER_44_362,VPWR,li1,172.5000,133.2800,1.799718
FILLER_44_350,VPWR,li1,169.2800,133.2800,1.799684
FILLER_44_334,VPWR,li1,159.8500,133.2800,1.799623
FILLER_44_306,VPWR,li1,146.7400,133.2800,1.799545
FILLER_44_285,VPWR,li1,136.8500,133.2800,1.799496
FILLER_44_279,VPWR,li1,135.2400,133.2800,1.799486
FILLER_44_269,VPWR,li1,129.7200,133.2800,1.799468
FILLER_44_256,VPWR,li1,124.6600,133.2800,1.799457
FILLER_44_249,VPWR,li1,120.7500,133.2800,1.799447
FILLER_44_216,VPWR,li1,105.1100,133.2800,1.799432
FILLER_44_210,VPWR,li1,103.5000,133.2800,1.799432
FILLER_44_197,VPWR,li1,96.6000,133.2800,1.799434
FILLER_44_188,VPWR,li1,92.2300,133.2800,1.799436
FILLER_44_176,VPWR,li1,89.2400,133.2800,1.799438
FILLER_44_167,VPWR,li1,82.5700,133.2800,1.799448
FILLER_44_161,VPWR,li1,80.9600,133.2800,1.799454
FILLER_44_149,VPWR,li1,76.8200,133.2800,1.799459
FILLER_44_136,VPWR,li1,69.0000,133.2800,1.799475
FILLER_44_113,VPWR,li1,58.1900,133.2800,1.799520
FILLER_44_83,VPWR,li1,43.9300,133.2800,1.799603
FILLER_44_73,VPWR,li1,39.7900,133.2800,1.799643
FILLER_44_65,VPWR,li1,37.2600,133.2800,1.799665
FILLER_44_35,VPWR,li1,22.3100,133.2800,1.799833
FILLER_44_23,VPWR,li1,16.5600,133.2800,1.799857
FILLER_44_15,VPWR,li1,14.2600,133.2800,1.799857
FILLER_44_3,VPWR,li1,9.6600,133.2800,1.799857
FILLER_43_553,VPWR,li1,260.1300,127.8400,1.798810
FILLER_43_525,VPWR,li1,248.8600,127.8400,1.798815
FILLER_43_502,VPWR,li1,236.9000,127.8400,1.798865
FILLER_43_486,VPWR,li1,229.7700,127.8400,1.798923
FILLER_43_468,VPWR,li1,223.5600,127.8400,1.798980
FILLER_43_456,VPWR,li1,218.0400,127.8400,1.799040
FILLER_43_440,VPWR,li1,209.7600,127.8400,1.799137
FILLER_43_413,VPWR,li1,196.4200,127.8400,1.799314
FILLER_43_380,VPWR,li1,181.7000,127.8400,1.799550
FILLER_43_368,VPWR,li1,177.5600,127.8400,1.799599
FILLER_43_356,VPWR,li1,169.7400,127.8400,1.799590
FILLER_43_348,VPWR,li1,167.4400,127.8400,1.799559
FILLER_43_333,VPWR,li1,159.3900,127.8400,1.799466
FILLER_43_326,VPWR,li1,155.9400,127.8400,1.799431
FILLER_43_315,VPWR,li1,150.8800,127.8400,1.799393
FILLER_43_270,VPWR,li1,130.1800,127.8400,1.799281
FILLER_43_253,VPWR,li1,122.1300,127.8400,1.799251
FILLER_43_218,VPWR,li1,107.1800,127.8400,1.799216
FILLER_43_206,VPWR,li1,103.0400,127.8400,1.799210
FILLER_43_185,VPWR,li1,90.8500,127.8400,1.799235
FILLER_43_181,VPWR,li1,89.7000,127.8400,1.799235
FILLER_43_169,VPWR,li1,84.1800,127.8400,1.799256
FILLER_43_165,VPWR,li1,82.1100,127.8400,1.799266
FILLER_43_157,VPWR,li1,79.5800,127.8400,1.799275
FILLER_43_125,VPWR,li1,63.9400,127.8400,1.799366
FILLER_43_113,VPWR,li1,60.2600,127.8400,1.799397
FILLER_43_111,VPWR,li1,56.8100,127.8400,1.799423
FILLER_43_103,VPWR,li1,54.7400,127.8400,1.799439
FILLER_43_89,VPWR,li1,47.1500,127.8400,1.799510
FILLER_43_69,VPWR,li1,40.0200,127.8400,1.799606
FILLER_43_57,VPWR,li1,34.5000,127.8400,1.799670
FILLER_43_52,VPWR,li1,30.3600,127.8400,1.799717
FILLER_43_36,VPWR,li1,22.7700,127.8400,1.799813
FILLER_43_15,VPWR,li1,12.6500,127.8400,1.799832
FILLER_43_11,VPWR,li1,10.8100,127.8400,1.799831
FILLER_43_3,VPWR,li1,8.7400,127.8400,1.799831
FILLER_42_551,VPWR,li1,259.6700,127.8400,1.798810
FILLER_42_529,VPWR,li1,249.5500,127.8400,1.798815
FILLER_42_496,VPWR,li1,234.3700,127.8400,1.798877
FILLER_42_484,VPWR,li1,230.9200,127.8400,1.798899
FILLER_42_475,VPWR,li1,224.2500,127.8400,1.798980
FILLER_42_471,VPWR,li1,223.1000,127.8400,1.798980
FILLER_42_451,VPWR,li1,213.6700,127.8400,1.799090
FILLER_42_443,VPWR,li1,211.1400,127.8400,1.799137
FILLER_42_431,VPWR,li1,206.5400,127.8400,1.799176
FILLER_42_421,VPWR,li1,199.4100,127.8400,1.799271
FILLER_42_382,VPWR,li1,181.4700,127.8400,1.799550
FILLER_42_378,VPWR,li1,180.3200,127.8400,1.799550
FILLER_42_362,VPWR,li1,172.5000,127.8400,1.799618
FILLER_42_334,VPWR,li1,159.8500,127.8400,1.799466
FILLER_42_324,VPWR,li1,155.4800,127.8400,1.799431
FILLER_42_307,VPWR,li1,146.9700,127.8400,1.799359
FILLER_42_283,VPWR,li1,138.4600,127.8400,1.799319
FILLER_42_253,VPWR,li1,122.5900,127.8400,1.799251
FILLER_42_250,VPWR,li1,120.9800,127.8400,1.799251
FILLER_42_242,VPWR,li1,117.0700,127.8400,1.799239
FILLER_42_230,VPWR,li1,114.0800,127.8400,1.799229
FILLER_42_221,VPWR,li1,107.4100,127.8400,1.799216
FILLER_42_217,VPWR,li1,106.2600,127.8400,1.799216
FILLER_42_208,VPWR,li1,101.4300,127.8400,1.799210
FILLER_42_188,VPWR,li1,93.8400,127.8400,1.799220
FILLER_42_175,VPWR,li1,86.9400,127.8400,1.799245
FILLER_42_154,VPWR,li1,76.5900,127.8400,1.799296
FILLER_42_150,VPWR,li1,75.4400,127.8400,1.799296
FILLER_42_85,VPWR,li1,47.3800,127.8400,1.799510
FILLER_42_65,VPWR,li1,36.1100,127.8400,1.799640
FILLER_42_49,VPWR,li1,29.9000,127.8400,1.799717
FILLER_42_37,VPWR,li1,25.3000,127.8400,1.799784
FILLER_42_27,VPWR,li1,18.1700,127.8400,1.799835
FILLER_42_23,VPWR,li1,17.0200,127.8400,1.799835
FILLER_41_525,VPWR,li1,248.4000,122.4000,1.799572
FILLER_41_488,VPWR,li1,231.8400,122.4000,1.799607
FILLER_41_476,VPWR,li1,227.2400,122.4000,1.799623
FILLER_41_471,VPWR,li1,222.6400,122.4000,1.799639
FILLER_41_453,VPWR,li1,214.1300,122.4000,1.799671
FILLER_41_449,VPWR,li1,212.9800,122.4000,1.799671
FILLER_41_446,VPWR,li1,211.1400,122.4000,1.799679
FILLER_41_438,VPWR,li1,208.8400,122.4000,1.799694
FILLER_41_426,VPWR,li1,204.2400,122.4000,1.799707
FILLER_41_414,VPWR,li1,198.7200,122.4000,1.799730
FILLER_41_402,VPWR,li1,193.2000,122.4000,1.799753
FILLER_41_393,VPWR,li1,187.6800,122.4000,1.799780
FILLER_41_390,VPWR,li1,185.3800,122.4000,1.799791
FILLER_41_378,VPWR,li1,182.1600,122.4000,1.799808
FILLER_41_359,VPWR,li1,171.1200,122.4000,1.799796
FILLER_41_344,VPWR,li1,164.2200,122.4000,1.799744
FILLER_41_337,VPWR,li1,160.7700,122.4000,1.799721
FILLER_41_329,VPWR,li1,157.7800,122.4000,1.799708
FILLER_41_317,VPWR,li1,154.1000,122.4000,1.799684
FILLER_41_305,VPWR,li1,148.5800,122.4000,1.799658
FILLER_41_293,VPWR,li1,143.0600,122.4000,1.799638
FILLER_41_281,VPWR,li1,137.5400,122.4000,1.799614
FILLER_41_277,VPWR,li1,133.6300,122.4000,1.799596
FILLER_41_257,VPWR,li1,124.6600,122.4000,1.799557
FILLER_41_237,VPWR,li1,115.4600,122.4000,1.799523
FILLER_41_225,VPWR,li1,111.7800,122.4000,1.799511
FILLER_41_223,VPWR,li1,108.3300,122.4000,1.799500
FILLER_41_212,VPWR,li1,103.7300,122.4000,1.799486
FILLER_41_204,VPWR,li1,101.2000,122.4000,1.799480
FILLER_41_192,VPWR,li1,94.0700,122.4000,1.799472
FILLER_41_156,VPWR,li1,77.5100,122.4000,1.799488
FILLER_41_152,VPWR,li1,76.3600,122.4000,1.799494
FILLER_41_140,VPWR,li1,72.6800,122.4000,1.799503
FILLER_41_121,VPWR,li1,61.8700,122.4000,1.799544
FILLER_41_108,VPWR,li1,56.1200,122.4000,1.799572
FILLER_41_88,VPWR,li1,48.7600,122.4000,1.799620
FILLER_41_57,VPWR,li1,32.2000,122.4000,1.799772
FILLER_41_43,VPWR,li1,25.5300,122.4000,1.799836
FILLER_41_39,VPWR,li1,24.3800,122.4000,1.799836
FILLER_41_27,VPWR,li1,20.7000,122.4000,1.799877
FILLER_41_11,VPWR,li1,10.8100,122.4000,1.799868
FILLER_41_7,VPWR,li1,9.6600,122.4000,1.799868
FILLER_40_552,VPWR,li1,259.9000,122.4000,1.799567
FILLER_40_542,VPWR,li1,255.3000,122.4000,1.799567
FILLER_40_533,VPWR,li1,250.9300,122.4000,1.799570
FILLER_40_520,VPWR,li1,246.5600,122.4000,1.799574
FILLER_40_510,VPWR,li1,240.3500,122.4000,1.799588
FILLER_40_504,VPWR,li1,238.7400,122.4000,1.799588
FILLER_40_487,VPWR,li1,231.3800,122.4000,1.799607
FILLER_40_473,VPWR,li1,223.7900,122.4000,1.799631
FILLER_40_465,VPWR,li1,221.2600,122.4000,1.799639
FILLER_40_453,VPWR,li1,214.3600,122.4000,1.799671
FILLER_40_445,VPWR,li1,212.0600,122.4000,1.799679
FILLER_40_433,VPWR,li1,207.4600,122.4000,1.799694
FILLER_40_421,VPWR,li1,201.9400,122.4000,1.799717
FILLER_40_397,VPWR,li1,188.8300,122.4000,1.799780
FILLER_40_389,VPWR,li1,186.3000,122.4000,1.799791
FILLER_40_377,VPWR,li1,181.7000,122.4000,1.799808
FILLER_40_365,VPWR,li1,176.1800,122.4000,1.799839
FILLER_40_362,VPWR,li1,172.5000,122.4000,1.799796
FILLER_40_330,VPWR,li1,157.7800,122.4000,1.799708
FILLER_40_322,VPWR,li1,155.4800,122.4000,1.799696
FILLER_40_309,VPWR,li1,148.3500,122.4000,1.799658
FILLER_40_300,VPWR,li1,145.3600,122.4000,1.799649
FILLER_40_288,VPWR,li1,140.7600,122.4000,1.799628
FILLER_40_276,VPWR,li1,135.2400,122.4000,1.799596
FILLER_40_261,VPWR,li1,126.5000,122.4000,1.799565
FILLER_40_253,VPWR,li1,122.5900,122.4000,1.799550
FILLER_40_249,VPWR,li1,120.7500,122.4000,1.799540
FILLER_40_216,VPWR,li1,105.1100,122.4000,1.799492
FILLER_40_212,VPWR,li1,103.9600,122.4000,1.799486
FILLER_40_197,VPWR,li1,96.8300,122.4000,1.799475
FILLER_40_161,VPWR,li1,80.5000,122.4000,1.799483
FILLER_40_141,VPWR,li1,72.2200,122.4000,1.799503
FILLER_40_139,VPWR,li1,69.6900,122.4000,1.799513
FILLER_40_135,VPWR,li1,68.5400,122.4000,1.799521
FILLER_40_123,VPWR,li1,64.8600,122.4000,1.799532
FILLER_40_85,VPWR,li1,46.0000,122.4000,1.799641
FILLER_40_57,VPWR,li1,31.9700,122.4000,1.799772
FILLER_40_33,VPWR,li1,20.9300,122.4000,1.799877
FILLER_40_29,VPWR,li1,19.7800,122.4000,1.799875
FILLER_40_3,VPWR,li1,7.3600,122.4000,1.799868
FILLER_39_532,VPWR,li1,250.4700,116.9600,1.799572
FILLER_39_517,VPWR,li1,244.7200,116.9600,1.799578
FILLER_39_505,VPWR,li1,240.5800,116.9600,1.799582
FILLER_39_503,VPWR,li1,237.1300,116.9600,1.799586
FILLER_39_495,VPWR,li1,235.0600,116.9600,1.799590
FILLER_39_483,VPWR,li1,230.4600,116.9600,1.799596
FILLER_39_471,VPWR,li1,224.9400,116.9600,1.799605
FILLER_39_459,VPWR,li1,219.4200,116.9600,1.799616
FILLER_39_449,VPWR,li1,212.7500,116.9600,1.799628
FILLER_39_447,VPWR,li1,211.3700,116.9600,1.799633
FILLER_39_443,VPWR,li1,209.5300,116.9600,1.799637
FILLER_39_439,VPWR,li1,208.3800,116.9600,1.799637
FILLER_39_420,VPWR,li1,198.9500,116.9600,1.799661
FILLER_39_415,VPWR,li1,196.8800,116.9600,1.799667
FILLER_39_407,VPWR,li1,194.5800,116.9600,1.799675
FILLER_39_393,VPWR,li1,186.9900,116.9600,1.799719
FILLER_39_388,VPWR,li1,184.9200,116.9600,1.799737
FILLER_39_376,VPWR,li1,181.2400,116.9600,1.799761
FILLER_39_364,VPWR,li1,175.7200,116.9600,1.799811
FILLER_39_353,VPWR,li1,168.8200,116.9600,1.799748
FILLER_39_337,VPWR,li1,161.0000,116.9600,1.799685
FILLER_39_335,VPWR,li1,159.8500,116.9600,1.799685
FILLER_39_329,VPWR,li1,158.2400,116.9600,1.799666
FILLER_39_305,VPWR,li1,146.0500,116.9600,1.799579
FILLER_39_301,VPWR,li1,144.9000,116.9600,1.799579
FILLER_39_289,VPWR,li1,141.2200,116.9600,1.799559
FILLER_39_279,VPWR,li1,134.0900,116.9600,1.799509
FILLER_39_273,VPWR,li1,131.3300,116.9600,1.799492
FILLER_39_267,VPWR,li1,129.7200,116.9600,1.799492
FILLER_39_255,VPWR,li1,125.5800,116.9600,1.799472
FILLER_39_220,VPWR,li1,107.6400,116.9600,1.799391
FILLER_39_190,VPWR,li1,93.1500,116.9600,1.799365
FILLER_39_178,VPWR,li1,90.1600,116.9600,1.799363
FILLER_39_143,VPWR,li1,71.7600,116.9600,1.799365
FILLER_39_131,VPWR,li1,68.5400,116.9600,1.799366
FILLER_39_92,VPWR,li1,48.3000,116.9600,1.799481
FILLER_39_84,VPWR,li1,46.0000,116.9600,1.799505
FILLER_39_74,VPWR,li1,39.7900,116.9600,1.799585
FILLER_39_66,VPWR,li1,36.3400,116.9600,1.799608
FILLER_39_57,VPWR,li1,31.9700,116.9600,1.799679
FILLER_39_54,VPWR,li1,30.8200,116.9600,1.799679
FILLER_39_32,VPWR,li1,20.7000,116.9600,1.799818
FILLER_39_3,VPWR,li1,7.1300,116.9600,1.799803
FILLER_38_533,VPWR,li1,250.9300,116.9600,1.799572
FILLER_38_528,VPWR,li1,248.6300,116.9600,1.799574
FILLER_38_524,VPWR,li1,247.4800,116.9600,1.799574
FILLER_38_512,VPWR,li1,243.8000,116.9600,1.799578
FILLER_38_500,VPWR,li1,238.2800,116.9600,1.799586
FILLER_38_482,VPWR,li1,227.9300,116.9600,1.799600
FILLER_38_470,VPWR,li1,223.1000,116.9600,1.799609
FILLER_38_458,VPWR,li1,218.9600,116.9600,1.799616
FILLER_38_454,VPWR,li1,214.5900,116.9600,1.799625
FILLER_38_429,VPWR,li1,203.0900,116.9600,1.799650
FILLER_38_421,VPWR,li1,201.0200,116.9600,1.799655
FILLER_38_416,VPWR,li1,197.8000,116.9600,1.799667
FILLER_38_404,VPWR,li1,194.1200,116.9600,1.799675
FILLER_38_394,VPWR,li1,187.2200,116.9600,1.799719
FILLER_38_382,VPWR,li1,184.0000,116.9600,1.799737
FILLER_38_370,VPWR,li1,178.4800,116.9600,1.799785
FILLER_38_360,VPWR,li1,172.0400,116.9600,1.799771
FILLER_38_348,VPWR,li1,168.3600,116.9600,1.799748
FILLER_38_336,VPWR,li1,162.8400,116.9600,1.799706
FILLER_38_324,VPWR,li1,157.3200,116.9600,1.799666
FILLER_38_296,VPWR,li1,144.4400,116.9600,1.799579
FILLER_38_261,VPWR,li1,126.2700,116.9600,1.799472
FILLER_38_253,VPWR,li1,123.7400,116.9600,1.799462
FILLER_38_237,VPWR,li1,114.7700,116.9600,1.799418
FILLER_38_197,VPWR,li1,96.8300,116.9600,1.799367
FILLER_38_184,VPWR,li1,92.9200,116.9600,1.799365
FILLER_38_172,VPWR,li1,87.4000,116.9600,1.799362
FILLER_38_160,VPWR,li1,81.8800,116.9600,1.799360
FILLER_38_141,VPWR,li1,73.1400,116.9600,1.799363
FILLER_38_139,VPWR,li1,69.6900,116.9600,1.799366
FILLER_38_133,VPWR,li1,68.0800,116.9600,1.799366
FILLER_38_89,VPWR,li1,46.6900,116.9600,1.799505
FILLER_38_85,VPWR,li1,45.5400,116.9600,1.799525
FILLER_38_83,VPWR,li1,43.9300,116.9600,1.799525
FILLER_38_75,VPWR,li1,41.8600,116.9600,1.799546
FILLER_38_63,VPWR,li1,37.2600,116.9600,1.799608
FILLER_38_51,VPWR,li1,31.7400,116.9600,1.799679
FILLER_38_42,VPWR,li1,25.0700,116.9600,1.799771
FILLER_38_38,VPWR,li1,23.9200,116.9600,1.799771
FILLER_38_26,VPWR,li1,17.9400,116.9600,1.799807
FILLER_38_3,VPWR,li1,7.5900,116.9600,1.799803
FILLER_37_546,VPWR,li1,257.6000,111.5200,1.799269
FILLER_37_540,VPWR,li1,254.6100,111.5200,1.799270
FILLER_37_517,VPWR,li1,244.0300,111.5200,1.799275
FILLER_37_505,VPWR,li1,240.5800,111.5200,1.799279
FILLER_37_491,VPWR,li1,231.6100,111.5200,1.799299
FILLER_37_487,VPWR,li1,230.4600,111.5200,1.799299
FILLER_37_483,VPWR,li1,227.9300,111.5200,1.799305
FILLER_37_475,VPWR,li1,225.8600,111.5200,1.799312
FILLER_37_465,VPWR,li1,220.8000,111.5200,1.799328
FILLER_37_453,VPWR,li1,214.3600,111.5200,1.799354
FILLER_37_437,VPWR,li1,208.3800,111.5200,1.799370
FILLER_37_425,VPWR,li1,203.7800,111.5200,1.799387
FILLER_37_413,VPWR,li1,198.2600,111.5200,1.799407
FILLER_37_385,VPWR,li1,183.0800,111.5200,1.799564
FILLER_37_373,VPWR,li1,179.8600,111.5200,1.799606
FILLER_37_361,VPWR,li1,174.3400,111.5200,1.799702
FILLER_37_349,VPWR,li1,168.8200,111.5200,1.799635
FILLER_37_337,VPWR,li1,163.3000,111.5200,1.799591
FILLER_37_309,VPWR,li1,147.8900,111.5200,1.799478
FILLER_37_297,VPWR,li1,144.9000,111.5200,1.799464
FILLER_37_273,VPWR,li1,131.3300,111.5200,1.799409
FILLER_37_267,VPWR,li1,129.7200,111.5200,1.799409
FILLER_37_241,VPWR,li1,117.0700,111.5200,1.799388
FILLER_37_233,VPWR,li1,113.1600,111.5200,1.799385
FILLER_37_225,VPWR,li1,110.8600,111.5200,1.799382
FILLER_37_222,VPWR,li1,108.1000,111.5200,1.799380
FILLER_37_216,VPWR,li1,105.5700,111.5200,1.799378
FILLER_37_205,VPWR,li1,100.2800,111.5200,1.799377
FILLER_37_197,VPWR,li1,96.8300,111.5200,1.799381
FILLER_37_189,VPWR,li1,94.3000,111.5200,1.799385
FILLER_37_181,VPWR,li1,89.0100,111.5200,1.799394
FILLER_37_169,VPWR,li1,86.0200,111.5200,1.799403
FILLER_37_167,VPWR,li1,82.5700,111.5200,1.799415
FILLER_37_155,VPWR,li1,79.5800,111.5200,1.799426
FILLER_37_143,VPWR,li1,74.0600,111.5200,1.799447
FILLER_37_135,VPWR,li1,67.8500,111.5200,1.799480
FILLER_37_127,VPWR,li1,65.7800,111.5200,1.799495
FILLER_37_116,VPWR,li1,59.3400,111.5200,1.799544
FILLER_37_89,VPWR,li1,47.1500,111.5200,1.799651
FILLER_37_81,VPWR,li1,44.6200,111.5200,1.799677
FILLER_37_69,VPWR,li1,40.0200,111.5200,1.799720
FILLER_37_57,VPWR,li1,34.5000,111.5200,1.799770
FILLER_37_52,VPWR,li1,30.3600,111.5200,1.799809
FILLER_37_40,VPWR,li1,26.6800,111.5200,1.799860
FILLER_37_28,VPWR,li1,21.1600,111.5200,1.799897
FILLER_37_19,VPWR,li1,14.4900,111.5200,1.799891
FILLER_37_15,VPWR,li1,12.6500,111.5200,1.799890
FILLER_37_11,VPWR,li1,11.5000,111.5200,1.799890
FILLER_36_553,VPWR,li1,260.1300,111.5200,1.799269
FILLER_36_545,VPWR,li1,258.0600,111.5200,1.799269
FILLER_36_533,VPWR,li1,253.4600,111.5200,1.799270
FILLER_36_531,VPWR,li1,250.0100,111.5200,1.799271
FILLER_36_525,VPWR,li1,248.4000,111.5200,1.799271
FILLER_36_513,VPWR,li1,244.2600,111.5200,1.799275
FILLER_36_490,VPWR,li1,231.3800,111.5200,1.799299
FILLER_36_485,VPWR,li1,229.0800,111.5200,1.799305
FILLER_36_477,VPWR,li1,226.7800,111.5200,1.799312
FILLER_36_472,VPWR,li1,223.5600,111.5200,1.799320
FILLER_36_460,VPWR,li1,219.8800,111.5200,1.799334
FILLER_36_441,VPWR,li1,208.8400,111.5200,1.799370
FILLER_36_433,VPWR,li1,206.5400,111.5200,1.799377
FILLER_36_421,VPWR,li1,201.9400,111.5200,1.799393
FILLER_36_417,VPWR,li1,198.0300,111.5200,1.799407
FILLER_36_405,VPWR,li1,194.5800,111.5200,1.799421
FILLER_36_387,VPWR,li1,184.4600,111.5200,1.799525
FILLER_36_377,VPWR,li1,179.6300,111.5200,1.799606
FILLER_36_362,VPWR,li1,172.5000,111.5200,1.799683
FILLER_36_349,VPWR,li1,167.4400,111.5200,1.799635
FILLER_36_317,VPWR,li1,152.0300,111.5200,1.799506
FILLER_36_313,VPWR,li1,149.7300,111.5200,1.799491
FILLER_36_309,VPWR,li1,148.5800,111.5200,1.799478
FILLER_36_305,VPWR,li1,146.5100,111.5200,1.799464
FILLER_36_293,VPWR,li1,143.0600,111.5200,1.799454
FILLER_36_282,VPWR,li1,136.1600,111.5200,1.799423
FILLER_36_274,VPWR,li1,131.7900,111.5200,1.799414
FILLER_36_260,VPWR,li1,126.5000,111.5200,1.799402
FILLER_36_249,VPWR,li1,120.7500,111.5200,1.799392
FILLER_36_241,VPWR,li1,118.2200,111.5200,1.799388
FILLER_36_233,VPWR,li1,113.1600,111.5200,1.799385
FILLER_36_221,VPWR,li1,109.9400,111.5200,1.799382
FILLER_36_209,VPWR,li1,104.4200,111.5200,1.799375
FILLER_36_197,VPWR,li1,98.9000,111.5200,1.799377
FILLER_36_184,VPWR,li1,92.9200,111.5200,1.799385
FILLER_36_174,VPWR,li1,86.2500,111.5200,1.799403
FILLER_36_166,VPWR,li1,83.7200,111.5200,1.799415
FILLER_36_161,VPWR,li1,79.8100,111.5200,1.799426
FILLER_36_153,VPWR,li1,77.7400,111.5200,1.799433
FILLER_36_136,VPWR,li1,69.0000,111.5200,1.799480
FILLER_36_130,VPWR,li1,66.0100,111.5200,1.799495
FILLER_36_122,VPWR,li1,63.4800,111.5200,1.799524
FILLER_36_97,VPWR,li1,52.9000,111.5200,1.799602
FILLER_36_85,VPWR,li1,47.3800,111.5200,1.799651
FILLER_36_76,VPWR,li1,42.3200,111.5200,1.799696
FILLER_36_64,VPWR,li1,35.4200,111.5200,1.799770
FILLER_36_41,VPWR,li1,25.0700,111.5200,1.799860
FILLER_36_29,VPWR,li1,21.6200,111.5200,1.799897
FILLER_36_24,VPWR,li1,17.4800,111.5200,1.799893
FILLER_36_9,VPWR,li1,9.8900,111.5200,1.799889
FILLER_36_3,VPWR,li1,8.2800,111.5200,1.799889
FILLER_35_552,VPWR,li1,259.9000,106.0800,1.799084
FILLER_35_544,VPWR,li1,257.6000,106.0800,1.799084
FILLER_35_532,VPWR,li1,253.0000,106.0800,1.799084
FILLER_35_520,VPWR,li1,247.4800,106.0800,1.799084
FILLER_35_508,VPWR,li1,241.9600,106.0800,1.799084
FILLER_35_503,VPWR,li1,237.1300,106.0800,1.799084
FILLER_35_491,VPWR,li1,231.8400,106.0800,1.799096
FILLER_35_483,VPWR,li1,229.5400,106.0800,1.799107
FILLER_35_473,VPWR,li1,223.3300,106.0800,1.799144
FILLER_35_469,VPWR,li1,222.1800,106.0800,1.799159
FILLER_35_457,VPWR,li1,216.2000,106.0800,1.799194
FILLER_35_449,VPWR,li1,213.9000,106.0800,1.799212
FILLER_35_447,VPWR,li1,211.3700,106.0800,1.799233
FILLER_35_439,VPWR,li1,209.3000,106.0800,1.799257
FILLER_35_427,VPWR,li1,204.7000,106.0800,1.799293
FILLER_35_416,VPWR,li1,198.2600,106.0800,1.799354
FILLER_35_404,VPWR,li1,194.1200,106.0800,1.799409
FILLER_35_393,VPWR,li1,187.6800,106.0800,1.799519
FILLER_35_364,VPWR,li1,173.1900,106.0800,1.799674
FILLER_35_327,VPWR,li1,156.6300,106.0800,1.799516
FILLER_35_319,VPWR,li1,154.1000,106.0800,1.799494
FILLER_35_307,VPWR,li1,149.5000,106.0800,1.799451
FILLER_35_295,VPWR,li1,143.9800,106.0800,1.799407
FILLER_35_266,VPWR,li1,128.3400,106.0800,1.799288
FILLER_35_236,VPWR,li1,114.7700,106.0800,1.799241
FILLER_35_228,VPWR,li1,112.2400,106.0800,1.799236
FILLER_35_222,VPWR,li1,108.1000,106.0800,1.799227
FILLER_35_214,VPWR,li1,105.8000,106.0800,1.799224
FILLER_35_202,VPWR,li1,101.2000,106.0800,1.799218
FILLER_35_189,VPWR,li1,93.8400,106.0800,1.799207
FILLER_35_176,VPWR,li1,86.9400,106.0800,1.799201
FILLER_35_167,VPWR,li1,82.5700,106.0800,1.799199
FILLER_35_156,VPWR,li1,77.5100,106.0800,1.799200
FILLER_35_146,VPWR,li1,73.1400,106.0800,1.799203
FILLER_35_134,VPWR,li1,68.5400,106.0800,1.799209
FILLER_35_104,VPWR,li1,55.2000,106.0800,1.799291
FILLER_35_92,VPWR,li1,50.6000,106.0800,1.799356
FILLER_35_26,VPWR,li1,17.9400,106.0800,1.799790
FILLER_34_553,VPWR,li1,260.1300,106.0800,1.799084
FILLER_34_545,VPWR,li1,258.0600,106.0800,1.799084
FILLER_34_533,VPWR,li1,253.4600,106.0800,1.799084
FILLER_34_531,VPWR,li1,250.0100,106.0800,1.799084
FILLER_34_519,VPWR,li1,247.0200,106.0800,1.799084
FILLER_34_507,VPWR,li1,241.5000,106.0800,1.799084
FILLER_34_489,VPWR,li1,230.9200,106.0800,1.799107
FILLER_34_477,VPWR,li1,227.7000,106.0800,1.799121
FILLER_34_474,VPWR,li1,224.0200,106.0800,1.799144
FILLER_34_467,VPWR,li1,220.8000,106.0800,1.799159
FILLER_34_459,VPWR,li1,218.5000,106.0800,1.799177
FILLER_34_447,VPWR,li1,213.9000,106.0800,1.799212
FILLER_34_435,VPWR,li1,208.3800,106.0800,1.799257
FILLER_34_419,VPWR,li1,198.4900,106.0800,1.799354
FILLER_34_411,VPWR,li1,196.4200,106.0800,1.799378
FILLER_34_399,VPWR,li1,191.8200,106.0800,1.799461
FILLER_34_387,VPWR,li1,186.3000,106.0800,1.799519
FILLER_34_368,VPWR,li1,175.0300,106.0800,1.799695
FILLER_34_352,VPWR,li1,170.2000,106.0800,1.799637
FILLER_34_339,VPWR,li1,161.6900,106.0800,1.799561
FILLER_34_331,VPWR,li1,159.6200,106.0800,1.799534
FILLER_34_319,VPWR,li1,155.0200,106.0800,1.799494
FILLER_34_306,VPWR,li1,146.7400,106.0800,1.799430
FILLER_34_264,VPWR,li1,127.4200,106.0800,1.799288
FILLER_34_250,VPWR,li1,120.9800,106.0800,1.799257
FILLER_34_235,VPWR,li1,114.3100,106.0800,1.799241
FILLER_34_213,VPWR,li1,103.7300,106.0800,1.799221
FILLER_34_209,VPWR,li1,102.5800,106.0800,1.799218
FILLER_34_197,VPWR,li1,98.9000,106.0800,1.799214
FILLER_34_195,VPWR,li1,95.4500,106.0800,1.799209
FILLER_34_187,VPWR,li1,93.3800,106.0800,1.799207
FILLER_34_178,VPWR,li1,88.7800,106.0800,1.799203
FILLER_34_166,VPWR,li1,84.6400,106.0800,1.799199
FILLER_34_160,VPWR,li1,79.3500,106.0800,1.799199
FILLER_34_154,VPWR,li1,77.7400,106.0800,1.799200
FILLER_34_141,VPWR,li1,70.6100,106.0800,1.799205
FILLER_34_134,VPWR,li1,68.5400,106.0800,1.799209
FILLER_34_105,VPWR,li1,55.6600,106.0800,1.799291
FILLER_34_22,VPWR,li1,17.0200,106.0800,1.799790
FILLER_33_553,VPWR,li1,260.1300,100.6400,1.798916
FILLER_33_549,VPWR,li1,258.9800,100.6400,1.798916
FILLER_33_537,VPWR,li1,255.3000,100.6400,1.798916
FILLER_33_525,VPWR,li1,249.7800,100.6400,1.798916
FILLER_33_513,VPWR,li1,244.2600,100.6400,1.798916
FILLER_33_502,VPWR,li1,236.9000,100.6400,1.798920
FILLER_33_494,VPWR,li1,234.6000,100.6400,1.798925
FILLER_33_482,VPWR,li1,230.0000,100.6400,1.798929
FILLER_33_470,VPWR,li1,224.4800,100.6400,1.798938
FILLER_33_463,VPWR,li1,218.7300,100.6400,1.798948
FILLER_33_457,VPWR,li1,217.1200,100.6400,1.798948
FILLER_33_449,VPWR,li1,212.7500,100.6400,1.798959
FILLER_33_445,VPWR,li1,210.9100,100.6400,1.798966
FILLER_33_437,VPWR,li1,208.3800,100.6400,1.798976
FILLER_33_425,VPWR,li1,201.7100,100.6400,1.799025
FILLER_33_412,VPWR,li1,195.2700,100.6400,1.799149
FILLER_33_400,VPWR,li1,192.2800,100.6400,1.799227
FILLER_33_389,VPWR,li1,185.1500,100.6400,1.799395
FILLER_33_381,VPWR,li1,182.6200,100.6400,1.799446
FILLER_33_373,VPWR,li1,178.0200,100.6400,1.799621
FILLER_33_367,VPWR,li1,174.5700,100.6400,1.799677
FILLER_33_361,VPWR,li1,172.9600,100.6400,1.799671
FILLER_33_349,VPWR,li1,168.8200,100.6400,1.799665
FILLER_33_337,VPWR,li1,163.3000,100.6400,1.799656
FILLER_33_330,VPWR,li1,158.7000,100.6400,1.799648
FILLER_33_318,VPWR,li1,154.5600,100.6400,1.799646
FILLER_33_306,VPWR,li1,149.0400,100.6400,1.799642
FILLER_33_298,VPWR,li1,142.8300,100.6400,1.799639
FILLER_33_290,VPWR,li1,140.7600,100.6400,1.799639
FILLER_33_274,VPWR,li1,132.2500,100.6400,1.799640
FILLER_33_266,VPWR,li1,129.7200,100.6400,1.799641
FILLER_33_235,VPWR,li1,115.4600,100.6400,1.799649
FILLER_33_225,VPWR,li1,109.2500,100.6400,1.799656
FILLER_33_223,VPWR,li1,108.3300,100.6400,1.799656
FILLER_33_211,VPWR,li1,105.3400,100.6400,1.799661
FILLER_33_199,VPWR,li1,99.8200,100.6400,1.799671
FILLER_33_177,VPWR,li1,88.7800,100.6400,1.799693
FILLER_33_166,VPWR,li1,82.3400,100.6400,1.799705
FILLER_33_158,VPWR,li1,80.0400,100.6400,1.799713
FILLER_33_146,VPWR,li1,75.4400,100.6400,1.799720
FILLER_33_138,VPWR,li1,69.9200,100.6400,1.799736
FILLER_33_132,VPWR,li1,66.9300,100.6400,1.799743
FILLER_33_113,VPWR,li1,59.3400,100.6400,1.799762
FILLER_33_104,VPWR,li1,55.2000,100.6400,1.799776
FILLER_33_92,VPWR,li1,50.6000,100.6400,1.799792
FILLER_33_60,VPWR,li1,35.8800,100.6400,1.799855
FILLER_33_52,VPWR,li1,30.3600,100.6400,1.799882
FILLER_33_48,VPWR,li1,27.8300,100.6400,1.799894
FILLER_33_6,VPWR,li1,8.9700,100.6400,1.799919
FILLER_32_553,VPWR,li1,260.1300,100.6400,1.798916
FILLER_32_545,VPWR,li1,258.0600,100.6400,1.798916
FILLER_32_533,VPWR,li1,253.4600,100.6400,1.798916
FILLER_32_530,VPWR,li1,249.7800,100.6400,1.798916
FILLER_32_522,VPWR,li1,247.4800,100.6400,1.798916
FILLER_32_510,VPWR,li1,242.8800,100.6400,1.798916
FILLER_32_489,VPWR,li1,233.2200,100.6400,1.798925
FILLER_32_477,VPWR,li1,227.7000,100.6400,1.798933
FILLER_32_474,VPWR,li1,224.0200,100.6400,1.798938
FILLER_32_463,VPWR,li1,218.7300,100.6400,1.798948
FILLER_32_459,VPWR,li1,217.5800,100.6400,1.798948
FILLER_32_451,VPWR,li1,213.2100,100.6400,1.798959
FILLER_32_445,VPWR,li1,211.6000,100.6400,1.798966
FILLER_32_428,VPWR,li1,205.1600,100.6400,1.799000
FILLER_32_406,VPWR,li1,192.5100,100.6400,1.799227
FILLER_32_400,VPWR,li1,190.9000,100.6400,1.799227
FILLER_32_395,VPWR,li1,187.4500,100.6400,1.799311
FILLER_32_383,VPWR,li1,184.4600,100.6400,1.799395
FILLER_32_363,VPWR,li1,172.7300,100.6400,1.799671
FILLER_32_359,VPWR,li1,171.5800,100.6400,1.799671
FILLER_32_347,VPWR,li1,167.9000,100.6400,1.799665
FILLER_32_338,VPWR,li1,161.4600,100.6400,1.799653
FILLER_32_329,VPWR,li1,157.3200,100.6400,1.799648
FILLER_32_321,VPWR,li1,155.0200,100.6400,1.799646
FILLER_32_302,VPWR,li1,145.1300,100.6400,1.799639
FILLER_32_294,VPWR,li1,142.6000,100.6400,1.799639
FILLER_32_282,VPWR,li1,138.0000,100.6400,1.799639
FILLER_32_270,VPWR,li1,132.4800,100.6400,1.799640
FILLER_32_258,VPWR,li1,126.9600,100.6400,1.799642
FILLER_32_253,VPWR,li1,122.1300,100.6400,1.799644
FILLER_32_246,VPWR,li1,120.0600,100.6400,1.799645
FILLER_32_234,VPWR,li1,115.9200,100.6400,1.799649
FILLER_32_213,VPWR,li1,103.7300,100.6400,1.799666
FILLER_32_209,VPWR,li1,102.5800,100.6400,1.799666
FILLER_32_177,VPWR,li1,88.3200,100.6400,1.799693
FILLER_32_165,VPWR,li1,84.1800,100.6400,1.799701
FILLER_32_153,VPWR,li1,78.6600,100.6400,1.799713
FILLER_32_141,VPWR,li1,73.1400,100.6400,1.799725
FILLER_32_138,VPWR,li1,69.4600,100.6400,1.799736
FILLER_32_126,VPWR,li1,66.2400,100.6400,1.799743
FILLER_32_117,VPWR,li1,60.2600,100.6400,1.799762
FILLER_32_105,VPWR,li1,56.5800,100.6400,1.799776
FILLER_32_93,VPWR,li1,51.0600,100.6400,1.799792
FILLER_32_72,VPWR,li1,41.4000,100.6400,1.799828
FILLER_32_60,VPWR,li1,35.8800,100.6400,1.799855
FILLER_32_48,VPWR,li1,30.3600,100.6400,1.799882
FILLER_32_41,VPWR,li1,24.6100,100.6400,1.799910
FILLER_32_29,VPWR,li1,21.6200,100.6400,1.799927
FILLER_32_26,VPWR,li1,17.9400,100.6400,1.799923
FILLER_31_542,VPWR,li1,257.6000,95.2000,1.798862
FILLER_31_530,VPWR,li1,252.0800,95.2000,1.798862
FILLER_31_518,VPWR,li1,246.5600,95.2000,1.798862
FILLER_31_493,VPWR,li1,232.9900,95.2000,1.798878
FILLER_31_485,VPWR,li1,230.4600,95.2000,1.798884
FILLER_31_473,VPWR,li1,225.8600,95.2000,1.798895
FILLER_31_464,VPWR,li1,219.1900,95.2000,1.798915
FILLER_31_456,VPWR,li1,217.1200,95.2000,1.798922
FILLER_31_447,VPWR,li1,211.3700,95.2000,1.798951
FILLER_31_440,VPWR,li1,208.3800,95.2000,1.798999
FILLER_31_428,VPWR,li1,205.1600,95.2000,1.799040
FILLER_31_414,VPWR,li1,196.1900,95.2000,1.799195
FILLER_31_406,VPWR,li1,194.1200,95.2000,1.799234
FILLER_31_391,VPWR,li1,185.6100,95.2000,1.799467
FILLER_31_385,VPWR,li1,184.0000,95.2000,1.799467
FILLER_31_346,VPWR,li1,165.1400,95.2000,1.799650
FILLER_31_327,VPWR,li1,156.4000,95.2000,1.799632
FILLER_31_314,VPWR,li1,150.6500,95.2000,1.799626
FILLER_31_302,VPWR,li1,147.2000,95.2000,1.799623
FILLER_31_290,VPWR,li1,141.6800,95.2000,1.799617
FILLER_31_278,VPWR,li1,133.8600,95.2000,1.799612
FILLER_31_268,VPWR,li1,129.7200,95.2000,1.799610
FILLER_31_249,VPWR,li1,121.4400,95.2000,1.799611
FILLER_31_237,VPWR,li1,117.3000,95.2000,1.799611
FILLER_31_225,VPWR,li1,111.7800,95.2000,1.799612
FILLER_31_223,VPWR,li1,108.3300,95.2000,1.799613
FILLER_31_217,VPWR,li1,106.7200,95.2000,1.799615
FILLER_31_205,VPWR,li1,102.5800,95.2000,1.799619
FILLER_31_181,VPWR,li1,89.7000,95.2000,1.799632
FILLER_31_169,VPWR,li1,86.0200,95.2000,1.799637
FILLER_31_167,VPWR,li1,82.5700,95.2000,1.799640
FILLER_31_163,VPWR,li1,81.4200,95.2000,1.799643
FILLER_31_151,VPWR,li1,77.7400,95.2000,1.799649
FILLER_31_140,VPWR,li1,71.3000,95.2000,1.799660
FILLER_31_128,VPWR,li1,67.1600,95.2000,1.799665
FILLER_31_113,VPWR,li1,58.1900,95.2000,1.799683
FILLER_31_104,VPWR,li1,55.2000,95.2000,1.799696
FILLER_31_69,VPWR,li1,38.6400,95.2000,1.799767
FILLER_31_57,VPWR,li1,34.5000,95.2000,1.799790
FILLER_31_53,VPWR,li1,30.5900,95.2000,1.799813
FILLER_31_41,VPWR,li1,24.6100,95.2000,1.799861
FILLER_31_35,VPWR,li1,23.0000,95.2000,1.799889
FILLER_31_23,VPWR,li1,18.8600,95.2000,1.799886
FILLER_30_553,VPWR,li1,260.1300,95.2000,1.798862
FILLER_30_545,VPWR,li1,258.0600,95.2000,1.798862
FILLER_30_533,VPWR,li1,253.4600,95.2000,1.798862
FILLER_30_526,VPWR,li1,248.8600,95.2000,1.798862
FILLER_30_514,VPWR,li1,244.7200,95.2000,1.798862
FILLER_30_498,VPWR,li1,234.8300,95.2000,1.798873
FILLER_30_489,VPWR,li1,230.6900,95.2000,1.798884
FILLER_30_485,VPWR,li1,229.5400,95.2000,1.798884
FILLER_30_465,VPWR,li1,220.1100,95.2000,1.798915
FILLER_30_453,VPWR,li1,216.6600,95.2000,1.798922
FILLER_30_439,VPWR,li1,207.6900,95.2000,1.798999
FILLER_30_433,VPWR,li1,206.0800,95.2000,1.799040
FILLER_30_421,VPWR,li1,201.9400,95.2000,1.799107
FILLER_30_419,VPWR,li1,198.4900,95.2000,1.799160
FILLER_30_415,VPWR,li1,197.3400,95.2000,1.799195
FILLER_30_400,VPWR,li1,191.3600,95.2000,1.799304
FILLER_30_388,VPWR,li1,186.7600,95.2000,1.799416
FILLER_30_376,VPWR,li1,181.2400,95.2000,1.799535
FILLER_30_365,VPWR,li1,174.8000,95.2000,1.799694
FILLER_30_363,VPWR,li1,172.7300,95.2000,1.799682
FILLER_30_355,VPWR,li1,170.6600,95.2000,1.799672
FILLER_30_349,VPWR,li1,166.2900,95.2000,1.799655
FILLER_30_329,VPWR,li1,157.5500,95.2000,1.799636
FILLER_30_321,VPWR,li1,155.0200,95.2000,1.799632
FILLER_30_309,VPWR,li1,150.4200,95.2000,1.799626
FILLER_30_296,VPWR,li1,144.4400,95.2000,1.799620
FILLER_30_288,VPWR,li1,138.4600,95.2000,1.799615
FILLER_30_253,VPWR,li1,122.1300,95.2000,1.799611
FILLER_30_251,VPWR,li1,121.2100,95.2000,1.799611
FILLER_30_243,VPWR,li1,119.1400,95.2000,1.799611
FILLER_30_230,VPWR,li1,111.7800,95.2000,1.799612
FILLER_30_213,VPWR,li1,104.1900,95.2000,1.799617
FILLER_30_205,VPWR,li1,101.6600,95.2000,1.799619
FILLER_30_183,VPWR,li1,89.9300,95.2000,1.799632
FILLER_30_172,VPWR,li1,84.8700,95.2000,1.799637
FILLER_30_157,VPWR,li1,78.2000,95.2000,1.799649
FILLER_30_147,VPWR,li1,73.3700,95.2000,1.799657
FILLER_30_141,VPWR,li1,71.7600,95.2000,1.799657
FILLER_30_139,VPWR,li1,69.6900,95.2000,1.799660
FILLER_30_131,VPWR,li1,67.6200,95.2000,1.799665
FILLER_30_119,VPWR,li1,63.0200,95.2000,1.799672
FILLER_30_105,VPWR,li1,54.2800,95.2000,1.799696
FILLER_30_97,VPWR,li1,51.9800,95.2000,1.799707
FILLER_30_83,VPWR,li1,43.9300,95.2000,1.799738
FILLER_30_64,VPWR,li1,36.8000,95.2000,1.799777
FILLER_30_41,VPWR,li1,25.0700,95.2000,1.799861
FILLER_30_29,VPWR,li1,19.7800,95.2000,1.799886
FILLER_30_27,VPWR,li1,18.1700,95.2000,1.799886
FILLER_30_15,VPWR,li1,15.1800,95.2000,1.799884
FILLER_30_11,VPWR,li1,10.8100,95.2000,1.799881
FILLER_30_3,VPWR,li1,8.7400,95.2000,1.799881
FILLER_29_552,VPWR,li1,259.9000,89.7600,1.799517
FILLER_29_544,VPWR,li1,257.6000,89.7600,1.799517
FILLER_29_532,VPWR,li1,253.0000,89.7600,1.799517
FILLER_29_520,VPWR,li1,247.4800,89.7600,1.799517
FILLER_29_508,VPWR,li1,241.9600,89.7600,1.799517
FILLER_29_496,VPWR,li1,233.9100,89.7600,1.799519
FILLER_29_488,VPWR,li1,231.8400,89.7600,1.799522
FILLER_29_478,VPWR,li1,226.0900,89.7600,1.799528
FILLER_29_467,VPWR,li1,221.2600,89.7600,1.799535
FILLER_29_455,VPWR,li1,217.5800,89.7600,1.799541
FILLER_29_439,VPWR,li1,207.9200,89.7600,1.799575
FILLER_29_427,VPWR,li1,204.7000,89.7600,1.799585
FILLER_29_415,VPWR,li1,199.1800,89.7600,1.799616
FILLER_29_405,VPWR,li1,192.7400,89.7600,1.799661
FILLER_29_393,VPWR,li1,189.0600,89.7600,1.799689
FILLER_29_391,VPWR,li1,185.6100,89.7600,1.799721
FILLER_29_383,VPWR,li1,181.9300,89.7600,1.799770
FILLER_29_379,VPWR,li1,180.7800,89.7600,1.799770
FILLER_29_367,VPWR,li1,177.1000,89.7600,1.799809
FILLER_29_355,VPWR,li1,171.5800,89.7600,1.799805
FILLER_29_343,VPWR,li1,166.0600,89.7600,1.799763
FILLER_29_334,VPWR,li1,159.6200,89.7600,1.799728
FILLER_29_322,VPWR,li1,156.4000,89.7600,1.799706
FILLER_29_310,VPWR,li1,148.5800,89.7600,1.799660
FILLER_29_279,VPWR,li1,134.0900,89.7600,1.799594
FILLER_29_249,VPWR,li1,120.2900,89.7600,1.799564
FILLER_29_245,VPWR,li1,119.1400,89.7600,1.799564
FILLER_29_212,VPWR,li1,103.5000,89.7600,1.799574
FILLER_29_200,VPWR,li1,100.2800,89.7600,1.799580
FILLER_29_193,VPWR,li1,94.7600,89.7600,1.799588
FILLER_29_181,VPWR,li1,91.5400,89.7600,1.799594
FILLER_29_169,VPWR,li1,86.0200,89.7600,1.799605
FILLER_29_166,VPWR,li1,82.3400,89.7600,1.799613
FILLER_29_158,VPWR,li1,80.0400,89.7600,1.799616
FILLER_29_148,VPWR,li1,74.0600,89.7600,1.799628
FILLER_29_141,VPWR,li1,71.3000,89.7600,1.799637
FILLER_29_136,VPWR,li1,68.3100,89.7600,1.799641
FILLER_29_124,VPWR,li1,65.3200,89.7600,1.799649
FILLER_29_94,VPWR,li1,51.5200,89.7600,1.799698
FILLER_29_66,VPWR,li1,37.7200,89.7600,1.799781
FILLER_29_47,VPWR,li1,27.6000,89.7600,1.799852
FILLER_29_39,VPWR,li1,25.3000,89.7600,1.799872
FILLER_29_15,VPWR,li1,13.3400,89.7600,1.799897
FILLER_29_3,VPWR,li1,9.6600,89.7600,1.799896
FILLER_28_553,VPWR,li1,260.1300,89.7600,1.799517
FILLER_28_545,VPWR,li1,258.0600,89.7600,1.799517
FILLER_28_533,VPWR,li1,253.4600,89.7600,1.799517
FILLER_28_531,VPWR,li1,250.0100,89.7600,1.799517
FILLER_28_519,VPWR,li1,247.0200,89.7600,1.799517
FILLER_28_507,VPWR,li1,241.5000,89.7600,1.799517
FILLER_28_501,VPWR,li1,236.6700,89.7600,1.799518
FILLER_28_493,VPWR,li1,234.1400,89.7600,1.799519
FILLER_28_483,VPWR,li1,227.9300,89.7600,1.799526
FILLER_28_477,VPWR,li1,226.3200,89.7600,1.799528
FILLER_28_472,VPWR,li1,223.5600,89.7600,1.799532
FILLER_28_468,VPWR,li1,221.0300,89.7600,1.799538
FILLER_28_462,VPWR,li1,219.4200,89.7600,1.799538
FILLER_28_450,VPWR,li1,215.2800,89.7600,1.799545
FILLER_28_441,VPWR,li1,209.0700,89.7600,1.799561
FILLER_28_433,VPWR,li1,206.5400,89.7600,1.799575
FILLER_28_421,VPWR,li1,201.9400,89.7600,1.799601
FILLER_28_414,VPWR,li1,197.3400,89.7600,1.799626
FILLER_28_398,VPWR,li1,189.5200,89.7600,1.799689
FILLER_28_386,VPWR,li1,185.8400,89.7600,1.799721
FILLER_28_365,VPWR,li1,175.2600,89.7600,1.799829
FILLER_28_361,VPWR,li1,172.2700,89.7600,1.799805
FILLER_28_353,VPWR,li1,169.7400,89.7600,1.799793
FILLER_28_341,VPWR,li1,165.1400,89.7600,1.799763
FILLER_28_329,VPWR,li1,159.6200,89.7600,1.799728
FILLER_28_313,VPWR,li1,149.7300,89.7600,1.799660
FILLER_28_309,VPWR,li1,148.5800,89.7600,1.799660
FILLER_28_305,VPWR,li1,146.5100,89.7600,1.799646
FILLER_28_297,VPWR,li1,143.9800,89.7600,1.799636
FILLER_28_276,VPWR,li1,132.7100,89.7600,1.799588
FILLER_28_251,VPWR,li1,121.2100,89.7600,1.799566
FILLER_28_243,VPWR,li1,119.1400,89.7600,1.799564
FILLER_28_219,VPWR,li1,106.4900,89.7600,1.799567
FILLER_28_209,VPWR,li1,102.3500,89.7600,1.799574
FILLER_28_197,VPWR,li1,98.9000,89.7600,1.799580
FILLER_28_184,VPWR,li1,92.9200,89.7600,1.799594
FILLER_28_172,VPWR,li1,87.4000,89.7600,1.799605
FILLER_28_160,VPWR,li1,81.8800,89.7600,1.799613
FILLER_28_151,VPWR,li1,75.6700,89.7600,1.799628
FILLER_28_139,VPWR,li1,69.6900,89.7600,1.799637
FILLER_28_117,VPWR,li1,61.1800,89.7600,1.799657
FILLER_28_106,VPWR,li1,55.2000,89.7600,1.799677
FILLER_28_97,VPWR,li1,50.6000,89.7600,1.799698
FILLER_28_85,VPWR,li1,47.3800,89.7600,1.799717
FILLER_28_76,VPWR,li1,42.3200,89.7600,1.799747
FILLER_28_43,VPWR,li1,25.5300,89.7600,1.799872
FILLER_28_32,VPWR,li1,20.7000,89.7600,1.799899
FILLER_28_17,VPWR,li1,15.1800,89.7600,1.799897
FILLER_28_3,VPWR,li1,8.2800,89.7600,1.799896
FILLER_27_542,VPWR,li1,257.6000,84.3200,1.799362
FILLER_27_530,VPWR,li1,252.0800,84.3200,1.799362
FILLER_27_518,VPWR,li1,246.5600,84.3200,1.799362
FILLER_27_494,VPWR,li1,233.4500,84.3200,1.799380
FILLER_27_487,VPWR,li1,230.4600,84.3200,1.799391
FILLER_27_475,VPWR,li1,226.7800,84.3200,1.799405
FILLER_27_467,VPWR,li1,220.5700,84.3200,1.799437
FILLER_27_461,VPWR,li1,218.9600,84.3200,1.799437
FILLER_27_449,VPWR,li1,214.8200,84.3200,1.799454
FILLER_27_446,VPWR,li1,211.1400,84.3200,1.799477
FILLER_27_433,VPWR,li1,204.9300,84.3200,1.799514
FILLER_27_429,VPWR,li1,203.7800,84.3200,1.799514
FILLER_27_417,VPWR,li1,200.1000,84.3200,1.799543
FILLER_27_405,VPWR,li1,194.5800,84.3200,1.799598
FILLER_27_393,VPWR,li1,189.0600,84.3200,1.799643
FILLER_27_385,VPWR,li1,182.8500,84.3200,1.799694
FILLER_27_381,VPWR,li1,181.7000,84.3200,1.799713
FILLER_27_369,VPWR,li1,178.0200,84.3200,1.799749
FILLER_27_357,VPWR,li1,172.5000,84.3200,1.799747
FILLER_27_353,VPWR,li1,168.1300,84.3200,1.799697
FILLER_27_349,VPWR,li1,166.9800,84.3200,1.799697
FILLER_27_337,VPWR,li1,163.3000,84.3200,1.799659
FILLER_27_328,VPWR,li1,158.2400,84.3200,1.799614
FILLER_27_317,VPWR,li1,152.2600,84.3200,1.799567
FILLER_27_305,VPWR,li1,148.5800,84.3200,1.799529
FILLER_27_293,VPWR,li1,143.0600,84.3200,1.799496
FILLER_27_281,VPWR,li1,137.5400,84.3200,1.799449
FILLER_27_279,VPWR,li1,134.0900,84.3200,1.799445
FILLER_27_273,VPWR,li1,132.4800,84.3200,1.799442
FILLER_27_260,VPWR,li1,126.0400,84.3200,1.799434
FILLER_27_248,VPWR,li1,122.3600,84.3200,1.799429
FILLER_27_236,VPWR,li1,116.8400,84.3200,1.799425
FILLER_27_225,VPWR,li1,110.8600,84.3200,1.799419
FILLER_27_223,VPWR,li1,108.3300,84.3200,1.799416
FILLER_27_211,VPWR,li1,102.8100,84.3200,1.799424
FILLER_27_193,VPWR,li1,95.6800,84.3200,1.799444
FILLER_27_181,VPWR,li1,91.5400,84.3200,1.799463
FILLER_27_169,VPWR,li1,86.0200,84.3200,1.799482
FILLER_27_158,VPWR,li1,79.1200,84.3200,1.799510
FILLER_27_148,VPWR,li1,74.2900,84.3200,1.799531
FILLER_27_140,VPWR,li1,71.7600,84.3200,1.799542
FILLER_27_131,VPWR,li1,66.0100,84.3200,1.799574
FILLER_27_125,VPWR,li1,64.4000,84.3200,1.799574
FILLER_27_113,VPWR,li1,60.2600,84.3200,1.799593
FILLER_27_109,VPWR,li1,56.3500,84.3200,1.799611
FILLER_27_97,VPWR,li1,52.9000,84.3200,1.799633
FILLER_27_78,VPWR,li1,44.1600,84.3200,1.799686
FILLER_27_66,VPWR,li1,38.6400,84.3200,1.799730
FILLER_27_55,VPWR,li1,31.0500,84.3200,1.799795
FILLER_27_51,VPWR,li1,29.9000,84.3200,1.799820
FILLER_27_39,VPWR,li1,24.3800,84.3200,1.799857
FILLER_26_553,VPWR,li1,260.1300,84.3200,1.799362
FILLER_26_545,VPWR,li1,258.0600,84.3200,1.799362
FILLER_26_533,VPWR,li1,253.4600,84.3200,1.799362
FILLER_26_531,VPWR,li1,250.0100,84.3200,1.799362
FILLER_26_523,VPWR,li1,247.9400,84.3200,1.799362
FILLER_26_511,VPWR,li1,243.3400,84.3200,1.799362
FILLER_26_505,VPWR,li1,238.0500,84.3200,1.799366
FILLER_26_501,VPWR,li1,236.9000,84.3200,1.799371
FILLER_26_489,VPWR,li1,233.2200,84.3200,1.799380
FILLER_26_477,VPWR,li1,227.7000,84.3200,1.799405
FILLER_26_475,VPWR,li1,224.2500,84.3200,1.799419
FILLER_26_466,VPWR,li1,220.1100,84.3200,1.799437
FILLER_26_458,VPWR,li1,217.1200,84.3200,1.799445
FILLER_26_446,VPWR,li1,213.4400,84.3200,1.799467
FILLER_26_434,VPWR,li1,207.9200,84.3200,1.799490
FILLER_26_421,VPWR,li1,199.4100,84.3200,1.799563
FILLER_26_406,VPWR,li1,192.5100,84.3200,1.799623
FILLER_26_400,VPWR,li1,190.9000,84.3200,1.799623
FILLER_26_390,VPWR,li1,185.1500,84.3200,1.799673
FILLER_26_377,VPWR,li1,179.1700,84.3200,1.799749
FILLER_26_353,VPWR,li1,168.3600,84.3200,1.799697
FILLER_26_321,VPWR,li1,153.8700,84.3200,1.799567
FILLER_26_309,VPWR,li1,150.4200,84.3200,1.799553
FILLER_26_296,VPWR,li1,144.4400,84.3200,1.799496
FILLER_26_275,VPWR,li1,132.2500,84.3200,1.799442
FILLER_26_267,VPWR,li1,130.1800,84.3200,1.799437
FILLER_26_253,VPWR,li1,122.1300,84.3200,1.799429
FILLER_26_250,VPWR,li1,120.9800,84.3200,1.799429
FILLER_26_238,VPWR,li1,117.7600,84.3200,1.799425
FILLER_26_226,VPWR,li1,112.2400,84.3200,1.799419
FILLER_26_217,VPWR,li1,105.5700,84.3200,1.799415
FILLER_26_184,VPWR,li1,90.8500,84.3200,1.799463
FILLER_26_155,VPWR,li1,77.0500,84.3200,1.799521
FILLER_26_147,VPWR,li1,74.9800,84.3200,1.799531
FILLER_26_136,VPWR,li1,68.3100,84.3200,1.799564
FILLER_26_130,VPWR,li1,66.7000,84.3200,1.799564
FILLER_26_118,VPWR,li1,62.5600,84.3200,1.799583
FILLER_26_106,VPWR,li1,57.0400,84.3200,1.799611
FILLER_26_94,VPWR,li1,51.5200,84.3200,1.799633
FILLER_26_85,VPWR,li1,46.0000,84.3200,1.799665
FILLER_26_59,VPWR,li1,33.1200,84.3200,1.799776
FILLER_26_49,VPWR,li1,28.2900,84.3200,1.799820
FILLER_26_41,VPWR,li1,26.2200,84.3200,1.799839
FILLER_26_29,VPWR,li1,21.6200,84.3200,1.799884
FILLER_26_27,VPWR,li1,18.1700,84.3200,1.799877
FILLER_26_23,VPWR,li1,17.0200,84.3200,1.799877
FILLER_25_553,VPWR,li1,260.1300,78.8800,1.799574
FILLER_25_547,VPWR,li1,258.5200,78.8800,1.799574
FILLER_25_535,VPWR,li1,254.3800,78.8800,1.799574
FILLER_25_523,VPWR,li1,248.8600,78.8800,1.799574
FILLER_25_511,VPWR,li1,243.3400,78.8800,1.799574
FILLER_25_502,VPWR,li1,236.9000,78.8800,1.799577
FILLER_25_487,VPWR,li1,231.3800,78.8800,1.799586
FILLER_25_475,VPWR,li1,226.7800,78.8800,1.799594
FILLER_25_449,VPWR,li1,213.9000,78.8800,1.799618
FILLER_25_447,VPWR,li1,211.3700,78.8800,1.799626
FILLER_25_432,VPWR,li1,204.7000,78.8800,1.799648
FILLER_25_424,VPWR,li1,202.4000,78.8800,1.799670
FILLER_25_412,VPWR,li1,197.8000,78.8800,1.799693
FILLER_25_407,VPWR,li1,193.2000,78.8800,1.799720
FILLER_25_389,VPWR,li1,185.1500,78.8800,1.799775
FILLER_25_385,VPWR,li1,182.8500,78.8800,1.799793
FILLER_25_373,VPWR,li1,179.8600,78.8800,1.799819
FILLER_25_351,VPWR,li1,167.4400,78.8800,1.799789
FILLER_25_343,VPWR,li1,165.1400,78.8800,1.799767
FILLER_25_319,VPWR,li1,152.4900,78.8800,1.799698
FILLER_25_295,VPWR,li1,141.4500,78.8800,1.799636
FILLER_25_289,VPWR,li1,139.8400,78.8800,1.799636
FILLER_25_281,VPWR,li1,135.7000,78.8800,1.799615
FILLER_25_277,VPWR,li1,133.6300,78.8800,1.799608
FILLER_25_265,VPWR,li1,130.1800,78.8800,1.799597
FILLER_25_242,VPWR,li1,117.3000,78.8800,1.799566
FILLER_25_230,VPWR,li1,114.0800,78.8800,1.799562
FILLER_25_225,VPWR,li1,109.4800,78.8800,1.799553
FILLER_25_216,VPWR,li1,106.7200,78.8800,1.799549
FILLER_25_186,VPWR,li1,91.3100,78.8800,1.799540
FILLER_25_182,VPWR,li1,90.1600,78.8800,1.799540
FILLER_25_167,VPWR,li1,82.5700,78.8800,1.799545
FILLER_25_161,VPWR,li1,80.9600,78.8800,1.799545
FILLER_25_149,VPWR,li1,76.8200,78.8800,1.799548
FILLER_25_137,VPWR,li1,71.3000,78.8800,1.799552
FILLER_25_125,VPWR,li1,65.7800,78.8800,1.799556
FILLER_25_113,VPWR,li1,60.2600,78.8800,1.799560
FILLER_25_110,VPWR,li1,56.5800,78.8800,1.799565
FILLER_25_102,VPWR,li1,54.2800,78.8800,1.799570
FILLER_25_69,VPWR,li1,38.6400,78.8800,1.799670
FILLER_25_57,VPWR,li1,34.5000,78.8800,1.799719
FILLER_25_55,VPWR,li1,31.0500,78.8800,1.799772
FILLER_25_51,VPWR,li1,29.9000,78.8800,1.799772
FILLER_25_39,VPWR,li1,26.2200,78.8800,1.799815
FILLER_25_27,VPWR,li1,20.7000,78.8800,1.799881
FILLER_25_15,VPWR,li1,15.1800,78.8800,1.799881
FILLER_25_3,VPWR,li1,9.6600,78.8800,1.799881
FILLER_24_553,VPWR,li1,260.1300,78.8800,1.799574
FILLER_24_545,VPWR,li1,258.0600,78.8800,1.799574
FILLER_24_533,VPWR,li1,253.4600,78.8800,1.799574
FILLER_24_531,VPWR,li1,250.0100,78.8800,1.799574
FILLER_24_523,VPWR,li1,247.9400,78.8800,1.799574
FILLER_24_511,VPWR,li1,243.3400,78.8800,1.799574
FILLER_24_496,VPWR,li1,233.9100,78.8800,1.799581
FILLER_24_492,VPWR,li1,232.7600,78.8800,1.799586
FILLER_24_480,VPWR,li1,229.0800,78.8800,1.799590
FILLER_24_475,VPWR,li1,224.2500,78.8800,1.799598
FILLER_24_461,VPWR,li1,217.8100,78.8800,1.799612
FILLER_24_449,VPWR,li1,214.8200,78.8800,1.799618
FILLER_24_421,VPWR,li1,201.0200,78.8800,1.799670
FILLER_24_419,VPWR,li1,198.4900,78.8800,1.799693
FILLER_24_415,VPWR,li1,197.3400,78.8800,1.799693
FILLER_24_403,VPWR,li1,193.6600,78.8800,1.799720
FILLER_24_391,VPWR,li1,188.1400,78.8800,1.799755
FILLER_24_379,VPWR,li1,182.6200,78.8800,1.799793
FILLER_24_365,VPWR,li1,174.3400,78.8800,1.799826
FILLER_24_363,VPWR,li1,172.7300,78.8800,1.799826
FILLER_24_359,VPWR,li1,171.5800,78.8800,1.799812
FILLER_24_347,VPWR,li1,167.9000,78.8800,1.799789
FILLER_24_333,VPWR,li1,158.9300,78.8800,1.799734
FILLER_24_321,VPWR,li1,155.9400,78.8800,1.799716
FILLER_24_309,VPWR,li1,150.4200,78.8800,1.799687
FILLER_24_307,VPWR,li1,146.9700,78.8800,1.799665
FILLER_24_303,VPWR,li1,145.8200,78.8800,1.799656
FILLER_24_258,VPWR,li1,125.5800,78.8800,1.799588
FILLER_24_253,VPWR,li1,122.1300,78.8800,1.799577
FILLER_24_251,VPWR,li1,121.2100,78.8800,1.799577
FILLER_24_245,VPWR,li1,119.6000,78.8800,1.799572
FILLER_24_214,VPWR,li1,104.4200,78.8800,1.799545
FILLER_24_204,VPWR,li1,99.5900,78.8800,1.799539
FILLER_24_188,VPWR,li1,93.8400,78.8800,1.799538
FILLER_24_176,VPWR,li1,89.2400,78.8800,1.799541
FILLER_24_164,VPWR,li1,83.7200,78.8800,1.799544
FILLER_24_152,VPWR,li1,78.2000,78.8800,1.799548
FILLER_24_133,VPWR,li1,67.3900,78.8800,1.799554
FILLER_24_125,VPWR,li1,64.8600,78.8800,1.799556
FILLER_24_100,VPWR,li1,52.2100,78.8800,1.799576
FILLER_24_85,VPWR,li1,45.0800,78.8800,1.799621
FILLER_24_81,VPWR,li1,43.4700,78.8800,1.799621
FILLER_24_69,VPWR,li1,40.0200,78.8800,1.799670
FILLER_24_57,VPWR,li1,34.5000,78.8800,1.799719
FILLER_24_29,VPWR,li1,21.6200,78.8800,1.799881
FILLER_24_27,VPWR,li1,18.1700,78.8800,1.799881
FILLER_24_15,VPWR,li1,15.1800,78.8800,1.799881
FILLER_24_3,VPWR,li1,9.6600,78.8800,1.799881
FILLER_23_553,VPWR,li1,260.1300,73.4400,1.799803
FILLER_23_541,VPWR,li1,257.1400,73.4400,1.799803
FILLER_23_529,VPWR,li1,251.6200,73.4400,1.799803
FILLER_23_517,VPWR,li1,246.1000,73.4400,1.799803
FILLER_23_505,VPWR,li1,240.5800,73.4400,1.799803
FILLER_23_503,VPWR,li1,237.1300,73.4400,1.799803
FILLER_23_495,VPWR,li1,235.0600,73.4400,1.799803
FILLER_23_483,VPWR,li1,230.4600,73.4400,1.799803
FILLER_23_471,VPWR,li1,224.9400,73.4400,1.799804
FILLER_23_461,VPWR,li1,218.0400,73.4400,1.799804
FILLER_23_449,VPWR,li1,214.8200,73.4400,1.799805
FILLER_23_447,VPWR,li1,211.3700,73.4400,1.799805
FILLER_23_443,VPWR,li1,210.2200,73.4400,1.799805
FILLER_23_433,VPWR,li1,206.0800,73.4400,1.799807
FILLER_23_421,VPWR,li1,201.9400,73.4400,1.799812
FILLER_23_409,VPWR,li1,196.4200,73.4400,1.799822
FILLER_23_393,VPWR,li1,187.2200,73.4400,1.799846
FILLER_23_390,VPWR,li1,185.3800,73.4400,1.799852
FILLER_23_382,VPWR,li1,183.0800,73.4400,1.799860
FILLER_23_366,VPWR,li1,174.3400,73.4400,1.799877
FILLER_23_354,VPWR,li1,171.1200,73.4400,1.799866
FILLER_23_325,VPWR,li1,155.7100,73.4400,1.799780
FILLER_23_317,VPWR,li1,153.1800,73.4400,1.799759
FILLER_23_293,VPWR,li1,141.2200,73.4400,1.799699
FILLER_23_281,VPWR,li1,135.4700,73.4400,1.799681
FILLER_23_279,VPWR,li1,134.0900,73.4400,1.799673
FILLER_23_275,VPWR,li1,132.9400,73.4400,1.799665
FILLER_23_266,VPWR,li1,128.5700,73.4400,1.799656
FILLER_23_254,VPWR,li1,125.1200,73.4400,1.799645
FILLER_23_242,VPWR,li1,119.6000,73.4400,1.799628
FILLER_23_230,VPWR,li1,114.0800,73.4400,1.799612
FILLER_23_225,VPWR,li1,109.4800,73.4400,1.799595
FILLER_23_223,VPWR,li1,108.3300,73.4400,1.799595
FILLER_23_211,VPWR,li1,105.3400,73.4400,1.799588
FILLER_23_201,VPWR,li1,98.4400,73.4400,1.799575
FILLER_23_193,VPWR,li1,96.1400,73.4400,1.799570
FILLER_23_181,VPWR,li1,91.5400,73.4400,1.799564
FILLER_23_169,VPWR,li1,86.0200,73.4400,1.799568
FILLER_23_164,VPWR,li1,81.8800,73.4400,1.799572
FILLER_23_150,VPWR,li1,74.9800,73.4400,1.799577
FILLER_23_142,VPWR,li1,72.6800,73.4400,1.799579
FILLER_23_136,VPWR,li1,68.7700,73.4400,1.799583
FILLER_23_128,VPWR,li1,66.2400,73.4400,1.799586
FILLER_23_116,VPWR,li1,59.1100,73.4400,1.799599
FILLER_23_106,VPWR,li1,54.5100,73.4400,1.799614
FILLER_23_100,VPWR,li1,52.9000,73.4400,1.799614
FILLER_23_94,VPWR,li1,48.9900,73.4400,1.799631
FILLER_23_90,VPWR,li1,47.8400,73.4400,1.799631
FILLER_23_78,VPWR,li1,44.1600,73.4400,1.799652
FILLER_23_66,VPWR,li1,38.6400,73.4400,1.799697
FILLER_23_27,VPWR,li1,18.1700,73.4400,1.799865
FILLER_23_15,VPWR,li1,15.1800,73.4400,1.799865
FILLER_23_3,VPWR,li1,9.6600,73.4400,1.799865
FILLER_22_553,VPWR,li1,260.1300,73.4400,1.799803
FILLER_22_545,VPWR,li1,258.0600,73.4400,1.799803
FILLER_22_533,VPWR,li1,253.4600,73.4400,1.799803
FILLER_22_530,VPWR,li1,249.7800,73.4400,1.799803
FILLER_22_522,VPWR,li1,247.4800,73.4400,1.799803
FILLER_22_510,VPWR,li1,242.8800,73.4400,1.799803
FILLER_22_498,VPWR,li1,237.3600,73.4400,1.799803
FILLER_22_489,VPWR,li1,231.1500,73.4400,1.799803
FILLER_22_477,VPWR,li1,227.7000,73.4400,1.799803
FILLER_22_468,VPWR,li1,222.6400,73.4400,1.799804
FILLER_22_456,VPWR,li1,218.0400,73.4400,1.799804
FILLER_22_444,VPWR,li1,212.5200,73.4400,1.799805
FILLER_22_432,VPWR,li1,207.0000,73.4400,1.799807
FILLER_22_421,VPWR,li1,199.4100,73.4400,1.799818
FILLER_22_419,VPWR,li1,198.4900,73.4400,1.799818
FILLER_22_411,VPWR,li1,196.4200,73.4400,1.799822
FILLER_22_406,VPWR,li1,192.5100,73.4400,1.799830
FILLER_22_398,VPWR,li1,188.8300,73.4400,1.799846
FILLER_22_392,VPWR,li1,187.2200,73.4400,1.799846
FILLER_22_380,VPWR,li1,183.0800,73.4400,1.799860
FILLER_22_365,VPWR,li1,174.8000,73.4400,1.799877
FILLER_22_363,VPWR,li1,172.7300,73.4400,1.799866
FILLER_22_359,VPWR,li1,171.5800,73.4400,1.799866
FILLER_22_347,VPWR,li1,167.9000,73.4400,1.799845
FILLER_22_332,VPWR,li1,158.4700,73.4400,1.799795
FILLER_22_324,VPWR,li1,156.4000,73.4400,1.799780
FILLER_22_312,VPWR,li1,151.8000,73.4400,1.799759
FILLER_22_304,VPWR,li1,146.2800,73.4400,1.799730
FILLER_22_292,VPWR,li1,142.6000,73.4400,1.799713
FILLER_22_269,VPWR,li1,129.9500,73.4400,1.799656
FILLER_22_257,VPWR,li1,126.5000,73.4400,1.799645
FILLER_22_251,VPWR,li1,121.2100,73.4400,1.799628
FILLER_22_247,VPWR,li1,120.0600,73.4400,1.799628
FILLER_22_235,VPWR,li1,116.3800,73.4400,1.799619
FILLER_22_209,VPWR,li1,103.0400,73.4400,1.799584
FILLER_22_197,VPWR,li1,98.9000,73.4400,1.799575
FILLER_22_194,VPWR,li1,95.2200,73.4400,1.799570
FILLER_22_175,VPWR,li1,87.4000,73.4400,1.799568
FILLER_22_157,VPWR,li1,77.9700,73.4400,1.799575
FILLER_22_153,VPWR,li1,76.8200,73.4400,1.799575
FILLER_22_141,VPWR,li1,73.1400,73.4400,1.799579
FILLER_22_139,VPWR,li1,69.6900,73.4400,1.799583
FILLER_22_111,VPWR,li1,58.4200,73.4400,1.799599
FILLER_22_99,VPWR,li1,53.8200,73.4400,1.799614
FILLER_22_95,VPWR,li1,49.4500,73.4400,1.799631
FILLER_22_91,VPWR,li1,48.3000,73.4400,1.799631
FILLER_22_70,VPWR,li1,39.1000,73.4400,1.799680
FILLER_22_40,VPWR,li1,24.1500,73.4400,1.799838
FILLER_22_29,VPWR,li1,19.3200,73.4400,1.799865
FILLER_22_23,VPWR,li1,16.5600,73.4400,1.799865
FILLER_22_15,VPWR,li1,14.2600,73.4400,1.799865
FILLER_22_3,VPWR,li1,9.6600,73.4400,1.799865
FILLER_21_553,VPWR,li1,260.1300,68.0000,1.799734
FILLER_21_541,VPWR,li1,257.1400,68.0000,1.799734
FILLER_21_529,VPWR,li1,251.6200,68.0000,1.799734
FILLER_21_517,VPWR,li1,246.1000,68.0000,1.799734
FILLER_21_505,VPWR,li1,240.5800,68.0000,1.799734
FILLER_21_502,VPWR,li1,236.9000,68.0000,1.799734
FILLER_21_465,VPWR,li1,219.8800,68.0000,1.799739
FILLER_21_455,VPWR,li1,215.0500,68.0000,1.799743
FILLER_21_449,VPWR,li1,213.4400,68.0000,1.799743
FILLER_21_445,VPWR,li1,210.9100,68.0000,1.799745
FILLER_21_437,VPWR,li1,208.3800,68.0000,1.799748
FILLER_21_428,VPWR,li1,202.6300,68.0000,1.799756
FILLER_21_422,VPWR,li1,201.0200,68.0000,1.799756
FILLER_21_410,VPWR,li1,196.8800,68.0000,1.799763
FILLER_21_393,VPWR,li1,186.9900,68.0000,1.799795
FILLER_21_390,VPWR,li1,185.3800,68.0000,1.799806
FILLER_21_378,VPWR,li1,182.1600,68.0000,1.799820
FILLER_21_366,VPWR,li1,176.6400,68.0000,1.799857
FILLER_21_352,VPWR,li1,167.9000,68.0000,1.799792
FILLER_21_344,VPWR,li1,165.6000,68.0000,1.799772
FILLER_21_333,VPWR,li1,159.3900,68.0000,1.799719
FILLER_21_321,VPWR,li1,155.9400,68.0000,1.799689
FILLER_21_309,VPWR,li1,150.4200,68.0000,1.799646
FILLER_21_288,VPWR,li1,139.3800,68.0000,1.799576
FILLER_21_266,VPWR,li1,129.7200,68.0000,1.799530
FILLER_21_248,VPWR,li1,119.8300,68.0000,1.799492
FILLER_21_242,VPWR,li1,118.2200,68.0000,1.799486
FILLER_21_230,VPWR,li1,114.0800,68.0000,1.799477
FILLER_21_223,VPWR,li1,108.3300,68.0000,1.799462
FILLER_21_211,VPWR,li1,105.3400,68.0000,1.799458
FILLER_21_201,VPWR,li1,98.4400,68.0000,1.799451
FILLER_21_189,VPWR,li1,95.2200,68.0000,1.799452
FILLER_21_181,VPWR,li1,89.0100,68.0000,1.799458
FILLER_21_175,VPWR,li1,87.4000,68.0000,1.799458
FILLER_21_165,VPWR,li1,82.1100,68.0000,1.799466
FILLER_21_149,VPWR,li1,75.9000,68.0000,1.799483
FILLER_21_137,VPWR,li1,71.3000,68.0000,1.799503
FILLER_21_125,VPWR,li1,65.7800,68.0000,1.799521
FILLER_21_113,VPWR,li1,60.2600,68.0000,1.799538
FILLER_21_110,VPWR,li1,56.5800,68.0000,1.799551
FILLER_21_98,VPWR,li1,53.3600,68.0000,1.799563
FILLER_21_69,VPWR,li1,38.1800,68.0000,1.799670
FILLER_21_57,VPWR,li1,34.5000,68.0000,1.799711
FILLER_21_55,VPWR,li1,31.0500,68.0000,1.799750
FILLER_21_51,VPWR,li1,29.9000,68.0000,1.799781
FILLER_21_44,VPWR,li1,26.6800,68.0000,1.799806
FILLER_21_23,VPWR,li1,16.3300,68.0000,1.799867
FILLER_21_15,VPWR,li1,14.2600,68.0000,1.799867
FILLER_21_3,VPWR,li1,9.6600,68.0000,1.799867
FILLER_20_553,VPWR,li1,260.1300,68.0000,1.799734
FILLER_20_545,VPWR,li1,258.0600,68.0000,1.799734
FILLER_20_533,VPWR,li1,253.4600,68.0000,1.799734
FILLER_20_530,VPWR,li1,249.7800,68.0000,1.799734
FILLER_20_518,VPWR,li1,246.5600,68.0000,1.799734
FILLER_20_506,VPWR,li1,241.0400,68.0000,1.799734
FILLER_20_494,VPWR,li1,235.5200,68.0000,1.799734
FILLER_20_487,VPWR,li1,229.7700,68.0000,1.799735
FILLER_20_483,VPWR,li1,228.6200,68.0000,1.799735
FILLER_20_473,VPWR,li1,223.7900,68.0000,1.799737
FILLER_20_432,VPWR,li1,207.0000,68.0000,1.799748
FILLER_20_421,VPWR,li1,200.1000,68.0000,1.799760
FILLER_20_414,VPWR,li1,197.3400,68.0000,1.799763
FILLER_20_402,VPWR,li1,190.6700,68.0000,1.799785
FILLER_20_396,VPWR,li1,189.0600,68.0000,1.799785
FILLER_20_384,VPWR,li1,184.9200,68.0000,1.799806
FILLER_20_372,VPWR,li1,179.4000,68.0000,1.799834
FILLER_20_363,VPWR,li1,172.7300,68.0000,1.799825
FILLER_20_326,VPWR,li1,155.7100,68.0000,1.799689
FILLER_20_320,VPWR,li1,153.4100,68.0000,1.799670
FILLER_20_312,VPWR,li1,150.8800,68.0000,1.799646
FILLER_20_306,VPWR,li1,146.7400,68.0000,1.799604
FILLER_20_284,VPWR,li1,136.6200,68.0000,1.799562
FILLER_20_275,VPWR,li1,132.4800,68.0000,1.799543
FILLER_20_263,VPWR,li1,129.2600,68.0000,1.799530
FILLER_20_250,VPWR,li1,120.9800,68.0000,1.799498
FILLER_20_241,VPWR,li1,117.0700,68.0000,1.799486
FILLER_20_229,VPWR,li1,113.6200,68.0000,1.799477
FILLER_20_219,VPWR,li1,106.4900,68.0000,1.799458
FILLER_20_197,VPWR,li1,96.6000,68.0000,1.799452
FILLER_20_195,VPWR,li1,95.4500,68.0000,1.799452
FILLER_20_190,VPWR,li1,93.3800,68.0000,1.799452
FILLER_20_178,VPWR,li1,90.1600,68.0000,1.799454
FILLER_20_166,VPWR,li1,84.6400,68.0000,1.799462
FILLER_20_153,VPWR,li1,77.2800,68.0000,1.799483
FILLER_20_141,VPWR,li1,73.1400,68.0000,1.799493
FILLER_20_139,VPWR,li1,69.6900,68.0000,1.799510
FILLER_20_133,VPWR,li1,68.0800,68.0000,1.799510
FILLER_20_125,VPWR,li1,63.2500,68.0000,1.799527
FILLER_20_113,VPWR,li1,60.2600,68.0000,1.799538
FILLER_20_101,VPWR,li1,54.7400,68.0000,1.799563
FILLER_20_92,VPWR,li1,48.3000,68.0000,1.799582
FILLER_20_77,VPWR,li1,41.1700,68.0000,1.799642
FILLER_20_71,VPWR,li1,39.5600,68.0000,1.799670
FILLER_20_59,VPWR,li1,35.4200,68.0000,1.799711
FILLER_20_41,VPWR,li1,26.2200,68.0000,1.799806
FILLER_20_29,VPWR,li1,21.6200,68.0000,1.799867
FILLER_20_27,VPWR,li1,18.1700,68.0000,1.799867
FILLER_20_15,VPWR,li1,15.1800,68.0000,1.799867
FILLER_20_3,VPWR,li1,9.6600,68.0000,1.799867
FILLER_19_553,VPWR,li1,260.1300,62.5600,1.799624
FILLER_19_541,VPWR,li1,257.1400,62.5600,1.799624
FILLER_19_529,VPWR,li1,251.6200,62.5600,1.799624
FILLER_19_517,VPWR,li1,246.1000,62.5600,1.799624
FILLER_19_505,VPWR,li1,240.5800,62.5600,1.799624
FILLER_19_503,VPWR,li1,237.1300,62.5600,1.799624
FILLER_19_495,VPWR,li1,235.0600,62.5600,1.799624
FILLER_19_483,VPWR,li1,230.4600,62.5600,1.799624
FILLER_19_471,VPWR,li1,224.9400,62.5600,1.799624
FILLER_19_463,VPWR,li1,218.7300,62.5600,1.799624
FILLER_19_459,VPWR,li1,216.8900,62.5600,1.799624
FILLER_19_453,VPWR,li1,214.1300,62.5600,1.799625
FILLER_19_449,VPWR,li1,212.2900,62.5600,1.799625
FILLER_19_445,VPWR,li1,210.9100,62.5600,1.799626
FILLER_19_437,VPWR,li1,208.3800,62.5600,1.799627
FILLER_19_405,VPWR,li1,193.2000,62.5600,1.799686
FILLER_19_393,VPWR,li1,189.0600,62.5600,1.799721
FILLER_19_388,VPWR,li1,184.9200,62.5600,1.799756
FILLER_19_378,VPWR,li1,180.7800,62.5600,1.799799
FILLER_19_372,VPWR,li1,177.1000,62.5600,1.799823
FILLER_19_364,VPWR,li1,174.8000,62.5600,1.799845
FILLER_19_344,VPWR,li1,166.5200,62.5600,1.799786
FILLER_19_337,VPWR,li1,161.4600,62.5600,1.799759
FILLER_19_334,VPWR,li1,159.6200,62.5600,1.799747
FILLER_19_289,VPWR,li1,138.9200,62.5600,1.799619
FILLER_19_281,VPWR,li1,136.6200,62.5600,1.799606
FILLER_19_277,VPWR,li1,133.6300,62.5600,1.799588
FILLER_19_269,VPWR,li1,131.1000,62.5600,1.799574
FILLER_19_238,VPWR,li1,115.6900,62.5600,1.799490
FILLER_19_222,VPWR,li1,108.1000,62.5600,1.799464
FILLER_19_193,VPWR,li1,95.2200,62.5600,1.799441
FILLER_19_184,VPWR,li1,90.8500,62.5600,1.799441
FILLER_19_172,VPWR,li1,87.4000,62.5600,1.799445
FILLER_19_167,VPWR,li1,82.5700,62.5600,1.799451
FILLER_19_163,VPWR,li1,80.7300,62.5600,1.799454
FILLER_19_145,VPWR,li1,74.9800,62.5600,1.799469
FILLER_19_113,VPWR,li1,60.2600,62.5600,1.799517
FILLER_19_106,VPWR,li1,55.6600,62.5600,1.799533
FILLER_19_95,VPWR,li1,49.4500,62.5600,1.799566
FILLER_19_87,VPWR,li1,47.3800,62.5600,1.799582
FILLER_19_77,VPWR,li1,42.3200,62.5600,1.799621
FILLER_19_65,VPWR,li1,38.1800,62.5600,1.799670
FILLER_19_55,VPWR,li1,31.0500,62.5600,1.799757
FILLER_19_51,VPWR,li1,29.9000,62.5600,1.799757
FILLER_19_39,VPWR,li1,26.2200,62.5600,1.799817
FILLER_19_27,VPWR,li1,20.7000,62.5600,1.799872
FILLER_19_15,VPWR,li1,15.1800,62.5600,1.799872
FILLER_19_3,VPWR,li1,9.6600,62.5600,1.799872
FILLER_18_553,VPWR,li1,260.1300,62.5600,1.799624
FILLER_18_545,VPWR,li1,258.0600,62.5600,1.799624
FILLER_18_533,VPWR,li1,253.4600,62.5600,1.799624
FILLER_18_530,VPWR,li1,249.7800,62.5600,1.799624
FILLER_18_518,VPWR,li1,246.5600,62.5600,1.799624
FILLER_18_506,VPWR,li1,241.0400,62.5600,1.799624
FILLER_18_494,VPWR,li1,235.5200,62.5600,1.799624
FILLER_18_482,VPWR,li1,230.0000,62.5600,1.799624
FILLER_18_473,VPWR,li1,223.7900,62.5600,1.799624
FILLER_18_456,VPWR,li1,215.5100,62.5600,1.799625
FILLER_18_428,VPWR,li1,202.8600,62.5600,1.799631
FILLER_18_421,VPWR,li1,199.8700,62.5600,1.799644
FILLER_18_408,VPWR,li1,195.9600,62.5600,1.799662
FILLER_18_396,VPWR,li1,190.4400,62.5600,1.799721
FILLER_18_378,VPWR,li1,179.8600,62.5600,1.799799
FILLER_18_365,VPWR,li1,173.6500,62.5600,1.799831
FILLER_18_362,VPWR,li1,172.5000,62.5600,1.799831
FILLER_18_354,VPWR,li1,170.2000,62.5600,1.799816
FILLER_18_342,VPWR,li1,165.6000,62.5600,1.799786
FILLER_18_330,VPWR,li1,160.0800,62.5600,1.799747
FILLER_18_320,VPWR,li1,153.1800,62.5600,1.799705
FILLER_18_312,VPWR,li1,150.8800,62.5600,1.799691
FILLER_18_276,VPWR,li1,133.4000,62.5600,1.799588
FILLER_18_253,VPWR,li1,122.3600,62.5600,1.799524
FILLER_18_238,VPWR,li1,115.2300,62.5600,1.799490
FILLER_18_234,VPWR,li1,114.0800,62.5600,1.799490
FILLER_18_227,VPWR,li1,110.6300,62.5600,1.799476
FILLER_18_215,VPWR,li1,107.1800,62.5600,1.799464
FILLER_18_197,VPWR,li1,96.8300,62.5600,1.799441
FILLER_18_177,VPWR,li1,87.8600,62.5600,1.799445
FILLER_18_165,VPWR,li1,84.1800,62.5600,1.799451
FILLER_18_153,VPWR,li1,78.6600,62.5600,1.799458
FILLER_18_141,VPWR,li1,73.1400,62.5600,1.799475
FILLER_18_139,VPWR,li1,69.6900,62.5600,1.799486
FILLER_18_135,VPWR,li1,68.5400,62.5600,1.799495
FILLER_18_119,VPWR,li1,61.6400,62.5600,1.799517
FILLER_18_107,VPWR,li1,57.5000,62.5600,1.799526
FILLER_18_95,VPWR,li1,51.9800,62.5600,1.799549
FILLER_18_83,VPWR,li1,43.9300,62.5600,1.799621
FILLER_18_77,VPWR,li1,42.3200,62.5600,1.799621
FILLER_18_42,VPWR,li1,25.0700,62.5600,1.799817
FILLER_18_33,VPWR,li1,20.9300,62.5600,1.799872
FILLER_18_29,VPWR,li1,19.7800,62.5600,1.799872
FILLER_18_27,VPWR,li1,18.1700,62.5600,1.799872
FILLER_18_15,VPWR,li1,15.1800,62.5600,1.799872
FILLER_18_3,VPWR,li1,9.6600,62.5600,1.799872
FILLER_17_553,VPWR,li1,260.1300,57.1200,1.799917
FILLER_17_541,VPWR,li1,257.1400,57.1200,1.799917
FILLER_17_529,VPWR,li1,251.6200,57.1200,1.799917
FILLER_17_517,VPWR,li1,246.1000,57.1200,1.799917
FILLER_17_505,VPWR,li1,240.5800,57.1200,1.799917
FILLER_17_502,VPWR,li1,236.9000,57.1200,1.799917
FILLER_17_494,VPWR,li1,234.6000,57.1200,1.799917
FILLER_17_482,VPWR,li1,230.0000,57.1200,1.799917
FILLER_17_470,VPWR,li1,224.4800,57.1200,1.799918
FILLER_17_461,VPWR,li1,217.8100,57.1200,1.799918
FILLER_17_449,VPWR,li1,214.8200,57.1200,1.799918
FILLER_17_444,VPWR,li1,210.6800,57.1200,1.799918
FILLER_17_432,VPWR,li1,207.0000,57.1200,1.799918
FILLER_17_420,VPWR,li1,201.4800,57.1200,1.799919
FILLER_17_408,VPWR,li1,195.9600,57.1200,1.799919
FILLER_17_381,VPWR,li1,181.0100,57.1200,1.799923
FILLER_17_361,VPWR,li1,172.5000,57.1200,1.799908
FILLER_17_349,VPWR,li1,168.8200,57.1200,1.799884
FILLER_17_337,VPWR,li1,163.3000,57.1200,1.799847
FILLER_17_333,VPWR,li1,159.3900,57.1200,1.799821
FILLER_17_305,VPWR,li1,146.2800,57.1200,1.799745
FILLER_17_293,VPWR,li1,143.0600,57.1200,1.799729
FILLER_17_281,VPWR,li1,137.5400,57.1200,1.799702
FILLER_17_279,VPWR,li1,134.0900,57.1200,1.799684
FILLER_17_267,VPWR,li1,131.1000,57.1200,1.799676
FILLER_17_252,VPWR,li1,123.2800,57.1200,1.799644
FILLER_17_246,VPWR,li1,118.9100,57.1200,1.799622
FILLER_17_240,VPWR,li1,117.3000,57.1200,1.799622
FILLER_17_223,VPWR,li1,108.3300,57.1200,1.799591
FILLER_17_219,VPWR,li1,107.1800,57.1200,1.799591
FILLER_17_207,VPWR,li1,103.5000,57.1200,1.799582
FILLER_17_192,VPWR,li1,94.7600,57.1200,1.799563
FILLER_17_180,VPWR,li1,91.0800,57.1200,1.799556
FILLER_17_155,VPWR,li1,78.2000,57.1200,1.799552
FILLER_17_143,VPWR,li1,74.0600,57.1200,1.799556
FILLER_17_137,VPWR,li1,69.0000,57.1200,1.799563
FILLER_17_125,VPWR,li1,65.7800,57.1200,1.799567
FILLER_17_113,VPWR,li1,60.2600,57.1200,1.799575
FILLER_17_104,VPWR,li1,55.2000,57.1200,1.799583
FILLER_17_92,VPWR,li1,50.6000,57.1200,1.799597
FILLER_17_77,VPWR,li1,43.7000,57.1200,1.799627
FILLER_17_25,VPWR,li1,17.7100,57.1200,1.799845
FILLER_17_11,VPWR,li1,11.2700,57.1200,1.799843
FILLER_17_3,VPWR,li1,8.7400,57.1200,1.799843
FILLER_16_553,VPWR,li1,260.1300,57.1200,1.799917
FILLER_16_545,VPWR,li1,258.0600,57.1200,1.799917
FILLER_16_533,VPWR,li1,253.4600,57.1200,1.799917
FILLER_16_531,VPWR,li1,250.0100,57.1200,1.799917
FILLER_16_523,VPWR,li1,247.9400,57.1200,1.799917
FILLER_16_511,VPWR,li1,243.3400,57.1200,1.799917
FILLER_16_499,VPWR,li1,237.8200,57.1200,1.799917
FILLER_16_489,VPWR,li1,231.1500,57.1200,1.799917
FILLER_16_477,VPWR,li1,227.7000,57.1200,1.799917
FILLER_16_475,VPWR,li1,224.2500,57.1200,1.799918
FILLER_16_469,VPWR,li1,222.6400,57.1200,1.799918
FILLER_16_457,VPWR,li1,218.5000,57.1200,1.799918
FILLER_16_445,VPWR,li1,212.9800,57.1200,1.799918
FILLER_16_433,VPWR,li1,207.4600,57.1200,1.799918
FILLER_16_421,VPWR,li1,201.9400,57.1200,1.799919
FILLER_16_408,VPWR,li1,195.9600,57.1200,1.799919
FILLER_16_396,VPWR,li1,190.4400,57.1200,1.799919
FILLER_16_378,VPWR,li1,179.6300,57.1200,1.799924
FILLER_16_373,VPWR,li1,177.3300,57.1200,1.799925
FILLER_16_365,VPWR,li1,175.2600,57.1200,1.799926
FILLER_16_362,VPWR,li1,172.5000,57.1200,1.799908
FILLER_16_350,VPWR,li1,169.2800,57.1200,1.799884
FILLER_16_338,VPWR,li1,163.7600,57.1200,1.799847
FILLER_16_317,VPWR,li1,151.5700,57.1200,1.799771
FILLER_16_305,VPWR,li1,146.5100,57.1200,1.799745
FILLER_16_297,VPWR,li1,143.9800,57.1200,1.799729
FILLER_16_283,VPWR,li1,137.0800,57.1200,1.799702
FILLER_16_271,VPWR,li1,132.9400,57.1200,1.799684
FILLER_16_263,VPWR,li1,127.4200,57.1200,1.799660
FILLER_16_240,VPWR,li1,118.6800,57.1200,1.799622
FILLER_16_221,VPWR,li1,107.6400,57.1200,1.799591
FILLER_16_209,VPWR,li1,104.4200,57.1200,1.799582
FILLER_16_197,VPWR,li1,98.9000,57.1200,1.799572
FILLER_16_192,VPWR,li1,94.7600,57.1200,1.799563
FILLER_16_175,VPWR,li1,86.2500,57.1200,1.799551
FILLER_16_169,VPWR,li1,84.6400,57.1200,1.799551
FILLER_16_161,VPWR,li1,80.0400,57.1200,1.799551
FILLER_16_152,VPWR,li1,76.1300,57.1200,1.799554
FILLER_16_126,VPWR,li1,63.9400,57.1200,1.799569
FILLER_16_118,VPWR,li1,61.6400,57.1200,1.799575
FILLER_16_111,VPWR,li1,57.0400,57.1200,1.799579
FILLER_16_92,VPWR,li1,50.6000,57.1200,1.799597
FILLER_16_76,VPWR,li1,40.7100,57.1200,1.799638
FILLER_16_72,VPWR,li1,39.5600,57.1200,1.799649
FILLER_16_37,VPWR,li1,23.0000,57.1200,1.799809
FILLER_16_29,VPWR,li1,20.7000,57.1200,1.799848
FILLER_16_27,VPWR,li1,18.1700,57.1200,1.799846
FILLER_16_3,VPWR,li1,7.8200,57.1200,1.799843
FILLER_15_553,VPWR,li1,260.1300,51.6800,1.799917
FILLER_15_541,VPWR,li1,257.1400,51.6800,1.799917
FILLER_15_529,VPWR,li1,251.6200,51.6800,1.799917
FILLER_15_517,VPWR,li1,246.1000,51.6800,1.799917
FILLER_15_505,VPWR,li1,240.5800,51.6800,1.799917
FILLER_15_502,VPWR,li1,236.9000,51.6800,1.799917
FILLER_15_494,VPWR,li1,234.6000,51.6800,1.799917
FILLER_15_461,VPWR,li1,219.4200,51.6800,1.799922
FILLER_15_449,VPWR,li1,214.8200,51.6800,1.799924
FILLER_15_447,VPWR,li1,211.3700,51.6800,1.799928
FILLER_15_441,VPWR,li1,209.7600,51.6800,1.799928
FILLER_15_429,VPWR,li1,205.6200,51.6800,1.799930
FILLER_15_417,VPWR,li1,200.1000,51.6800,1.799934
FILLER_15_405,VPWR,li1,194.5800,51.6800,1.799937
FILLER_15_393,VPWR,li1,189.0600,51.6800,1.799940
FILLER_15_389,VPWR,li1,185.1500,51.6800,1.799943
FILLER_15_383,VPWR,li1,182.3900,51.6800,1.799945
FILLER_15_373,VPWR,li1,178.4800,51.6800,1.799947
FILLER_15_361,VPWR,li1,174.3400,51.6800,1.799939
FILLER_15_349,VPWR,li1,168.8200,51.6800,1.799920
FILLER_15_337,VPWR,li1,163.3000,51.6800,1.799895
FILLER_15_334,VPWR,li1,159.6200,51.6800,1.799877
FILLER_15_326,VPWR,li1,157.3200,51.6800,1.799869
FILLER_15_314,VPWR,li1,152.7200,51.6800,1.799849
FILLER_15_304,VPWR,li1,146.7400,51.6800,1.799823
FILLER_15_281,VPWR,li1,137.5400,51.6800,1.799785
FILLER_15_279,VPWR,li1,134.0900,51.6800,1.799766
FILLER_15_273,VPWR,li1,132.4800,51.6800,1.799766
FILLER_15_263,VPWR,li1,127.4200,51.6800,1.799750
FILLER_15_251,VPWR,li1,123.7400,51.6800,1.799737
FILLER_15_233,VPWR,li1,113.1600,51.6800,1.799715
FILLER_15_225,VPWR,li1,110.8600,51.6800,1.799711
FILLER_15_223,VPWR,li1,108.3300,51.6800,1.799707
FILLER_15_217,VPWR,li1,106.7200,51.6800,1.799702
FILLER_15_205,VPWR,li1,102.5800,51.6800,1.799697
FILLER_15_198,VPWR,li1,97.5200,51.6800,1.799689
FILLER_15_186,VPWR,li1,93.8400,51.6800,1.799686
FILLER_15_166,VPWR,li1,82.3400,51.6800,1.799685
FILLER_15_157,VPWR,li1,78.2000,51.6800,1.799688
FILLER_15_139,VPWR,li1,70.1500,51.6800,1.799701
FILLER_15_130,VPWR,li1,66.0100,51.6800,1.799709
FILLER_15_118,VPWR,li1,62.5600,51.6800,1.799718
FILLER_15_104,VPWR,li1,53.8200,51.6800,1.799737
FILLER_15_96,VPWR,li1,51.5200,51.6800,1.799744
FILLER_15_88,VPWR,li1,46.2300,51.6800,1.799767
FILLER_15_84,VPWR,li1,45.0800,51.6800,1.799781
FILLER_15_72,VPWR,li1,41.4000,51.6800,1.799802
FILLER_15_60,VPWR,li1,35.8800,51.6800,1.799836
FILLER_15_34,VPWR,li1,21.6200,51.6800,1.799922
FILLER_15_26,VPWR,li1,19.3200,51.6800,1.799921
FILLER_15_15,VPWR,li1,12.8800,51.6800,1.799920
FILLER_15_3,VPWR,li1,9.6600,51.6800,1.799920
FILLER_14_553,VPWR,li1,260.1300,51.6800,1.799917
FILLER_14_545,VPWR,li1,258.0600,51.6800,1.799917
FILLER_14_533,VPWR,li1,253.4600,51.6800,1.799917
FILLER_14_529,VPWR,li1,249.5500,51.6800,1.799917
FILLER_14_521,VPWR,li1,247.0200,51.6800,1.799917
FILLER_14_509,VPWR,li1,242.4200,51.6800,1.799917
FILLER_14_497,VPWR,li1,236.9000,51.6800,1.799917
FILLER_14_485,VPWR,li1,231.3800,51.6800,1.799917
FILLER_14_481,VPWR,li1,227.0100,51.6800,1.799917
FILLER_14_477,VPWR,li1,225.8600,51.6800,1.799919
FILLER_14_475,VPWR,li1,224.2500,51.6800,1.799919
FILLER_14_469,VPWR,li1,222.6400,51.6800,1.799920
FILLER_14_457,VPWR,li1,218.5000,51.6800,1.799922
FILLER_14_445,VPWR,li1,212.9800,51.6800,1.799926
FILLER_14_433,VPWR,li1,207.4600,51.6800,1.799929
FILLER_14_421,VPWR,li1,201.9400,51.6800,1.799932
FILLER_14_419,VPWR,li1,198.4900,51.6800,1.799935
FILLER_14_413,VPWR,li1,196.8800,51.6800,1.799935
FILLER_14_401,VPWR,li1,192.7400,51.6800,1.799938
FILLER_14_389,VPWR,li1,187.2200,51.6800,1.799942
FILLER_14_377,VPWR,li1,181.7000,51.6800,1.799945
FILLER_14_365,VPWR,li1,176.1800,51.6800,1.799949
FILLER_14_352,VPWR,li1,170.2000,51.6800,1.799920
FILLER_14_340,VPWR,li1,164.6800,51.6800,1.799895
FILLER_14_328,VPWR,li1,159.1600,51.6800,1.799877
FILLER_14_316,VPWR,li1,153.6400,51.6800,1.799849
FILLER_14_312,VPWR,li1,149.2700,51.6800,1.799832
FILLER_14_307,VPWR,li1,146.9700,51.6800,1.799823
FILLER_14_277,VPWR,li1,133.1700,51.6800,1.799766
FILLER_14_253,VPWR,li1,122.5900,51.6800,1.799737
FILLER_14_246,VPWR,li1,120.0600,51.6800,1.799730
FILLER_14_222,VPWR,li1,108.3300,51.6800,1.799707
FILLER_14_214,VPWR,li1,105.8000,51.6800,1.799702
FILLER_14_197,VPWR,li1,97.0600,51.6800,1.799689
FILLER_14_184,VPWR,li1,92.9200,51.6800,1.799686
FILLER_14_165,VPWR,li1,81.8800,51.6800,1.799685
FILLER_14_153,VPWR,li1,77.2800,51.6800,1.799692
FILLER_14_141,VPWR,li1,73.1400,51.6800,1.799697
FILLER_14_128,VPWR,li1,67.1600,51.6800,1.799709
FILLER_14_116,VPWR,li1,61.6400,51.6800,1.799718
FILLER_14_104,VPWR,li1,56.1200,51.6800,1.799731
FILLER_14_85,VPWR,li1,44.8500,51.6800,1.799781
FILLER_14_81,VPWR,li1,43.4700,51.6800,1.799781
FILLER_14_69,VPWR,li1,40.0200,51.6800,1.799802
FILLER_14_57,VPWR,li1,34.5000,51.6800,1.799836
FILLER_14_41,VPWR,li1,25.3000,51.6800,1.799894
FILLER_14_29,VPWR,li1,21.6200,51.6800,1.799922
FILLER_14_27,VPWR,li1,18.1700,51.6800,1.799921
FILLER_14_19,VPWR,li1,16.1000,51.6800,1.799921
FILLER_14_7,VPWR,li1,11.5000,51.6800,1.799920
FILLER_13_553,VPWR,li1,260.1300,46.2400,1.799951
FILLER_13_541,VPWR,li1,257.1400,46.2400,1.799951
FILLER_13_529,VPWR,li1,251.6200,46.2400,1.799951
FILLER_13_517,VPWR,li1,246.1000,46.2400,1.799951
FILLER_13_505,VPWR,li1,240.5800,46.2400,1.799951
FILLER_13_503,VPWR,li1,237.1300,46.2400,1.799951
FILLER_13_497,VPWR,li1,235.5200,46.2400,1.799951
FILLER_13_485,VPWR,li1,231.3800,46.2400,1.799951
FILLER_13_473,VPWR,li1,225.8600,46.2400,1.799951
FILLER_13_461,VPWR,li1,220.3400,46.2400,1.799951
FILLER_13_449,VPWR,li1,214.8200,46.2400,1.799951
FILLER_13_447,VPWR,li1,211.3700,46.2400,1.799951
FILLER_13_441,VPWR,li1,209.7600,46.2400,1.799951
FILLER_13_429,VPWR,li1,205.6200,46.2400,1.799951
FILLER_13_417,VPWR,li1,200.1000,46.2400,1.799951
FILLER_13_405,VPWR,li1,194.5800,46.2400,1.799951
FILLER_13_393,VPWR,li1,189.0600,46.2400,1.799951
FILLER_13_391,VPWR,li1,185.6100,46.2400,1.799951
FILLER_13_385,VPWR,li1,184.0000,46.2400,1.799951
FILLER_13_373,VPWR,li1,179.8600,46.2400,1.799951
FILLER_13_361,VPWR,li1,174.3400,46.2400,1.799951
FILLER_13_349,VPWR,li1,168.8200,46.2400,1.799925
FILLER_13_337,VPWR,li1,163.3000,46.2400,1.799898
FILLER_13_328,VPWR,li1,158.2400,46.2400,1.799873
FILLER_13_318,VPWR,li1,152.0300,46.2400,1.799844
FILLER_13_290,VPWR,li1,140.7600,46.2400,1.799805
FILLER_13_255,VPWR,li1,123.5100,46.2400,1.799760
FILLER_13_247,VPWR,li1,120.9800,46.2400,1.799755
FILLER_13_225,VPWR,li1,109.4800,46.2400,1.799740
FILLER_13_220,VPWR,li1,107.6400,46.2400,1.799738
FILLER_13_205,VPWR,li1,100.2800,46.2400,1.799734
FILLER_13_184,VPWR,li1,90.6200,46.2400,1.799736
FILLER_13_172,VPWR,li1,87.4000,46.2400,1.799737
FILLER_13_164,VPWR,li1,81.8800,46.2400,1.799740
FILLER_13_151,VPWR,li1,75.9000,46.2400,1.799746
FILLER_13_139,VPWR,li1,72.2200,46.2400,1.799752
FILLER_13_127,VPWR,li1,66.7000,46.2400,1.799761
FILLER_13_113,VPWR,li1,57.9600,46.2400,1.799784
FILLER_13_106,VPWR,li1,55.6600,46.2400,1.799790
FILLER_13_101,VPWR,li1,52.4400,46.2400,1.799797
FILLER_13_93,VPWR,li1,50.1400,46.2400,1.799803
FILLER_13_81,VPWR,li1,45.5400,46.2400,1.799825
FILLER_13_69,VPWR,li1,39.1000,46.2400,1.799843
FILLER_13_33,VPWR,li1,21.3900,46.2400,1.799929
FILLER_13_25,VPWR,li1,18.8600,46.2400,1.799927
FILLER_13_11,VPWR,li1,11.2700,46.2400,1.799921
FILLER_13_3,VPWR,li1,8.7400,46.2400,1.799921
FILLER_12_553,VPWR,li1,260.1300,46.2400,1.799951
FILLER_12_545,VPWR,li1,258.0600,46.2400,1.799951
FILLER_12_533,VPWR,li1,253.4600,46.2400,1.799951
FILLER_12_531,VPWR,li1,250.0100,46.2400,1.799951
FILLER_12_525,VPWR,li1,248.4000,46.2400,1.799951
FILLER_12_513,VPWR,li1,244.2600,46.2400,1.799951
FILLER_12_501,VPWR,li1,238.7400,46.2400,1.799951
FILLER_12_489,VPWR,li1,233.2200,46.2400,1.799951
FILLER_12_477,VPWR,li1,227.7000,46.2400,1.799951
FILLER_12_475,VPWR,li1,224.2500,46.2400,1.799951
FILLER_12_469,VPWR,li1,222.6400,46.2400,1.799951
FILLER_12_457,VPWR,li1,218.5000,46.2400,1.799951
FILLER_12_445,VPWR,li1,212.9800,46.2400,1.799951
FILLER_12_433,VPWR,li1,207.4600,46.2400,1.799951
FILLER_12_421,VPWR,li1,201.9400,46.2400,1.799951
FILLER_12_419,VPWR,li1,198.4900,46.2400,1.799951
FILLER_12_413,VPWR,li1,196.8800,46.2400,1.799951
FILLER_12_401,VPWR,li1,192.7400,46.2400,1.799951
FILLER_12_389,VPWR,li1,187.2200,46.2400,1.799951
FILLER_12_377,VPWR,li1,181.7000,46.2400,1.799951
FILLER_12_365,VPWR,li1,176.1800,46.2400,1.799951
FILLER_12_361,VPWR,li1,172.2700,46.2400,1.799941
FILLER_12_353,VPWR,li1,169.7400,46.2400,1.799925
FILLER_12_341,VPWR,li1,165.1400,46.2400,1.799907
FILLER_12_329,VPWR,li1,159.6200,46.2400,1.799873
FILLER_12_306,VPWR,li1,146.7400,46.2400,1.799823
FILLER_12_294,VPWR,li1,143.5200,46.2400,1.799813
FILLER_12_282,VPWR,li1,138.0000,46.2400,1.799793
FILLER_12_253,VPWR,li1,122.5900,46.2400,1.799760
FILLER_12_246,VPWR,li1,120.0600,46.2400,1.799755
FILLER_12_228,VPWR,li1,110.6300,46.2400,1.799740
FILLER_12_220,VPWR,li1,108.5600,46.2400,1.799738
FILLER_12_202,VPWR,li1,99.1300,46.2400,1.799734
FILLER_12_189,VPWR,li1,93.1500,46.2400,1.799735
FILLER_12_177,VPWR,li1,89.7000,46.2400,1.799736
FILLER_12_165,VPWR,li1,84.1800,46.2400,1.799738
FILLER_12_153,VPWR,li1,78.6600,46.2400,1.799743
FILLER_12_141,VPWR,li1,73.1400,46.2400,1.799752
FILLER_12_139,VPWR,li1,69.6900,46.2400,1.799758
FILLER_12_135,VPWR,li1,68.5400,46.2400,1.799758
FILLER_12_109,VPWR,li1,56.3500,46.2400,1.799784
FILLER_12_97,VPWR,li1,50.6000,46.2400,1.799803
FILLER_12_85,VPWR,li1,47.3800,46.2400,1.799813
FILLER_12_83,VPWR,li1,43.9300,46.2400,1.799825
FILLER_12_69,VPWR,li1,38.1800,46.2400,1.799853
FILLER_12_57,VPWR,li1,34.5000,46.2400,1.799863
FILLER_12_29,VPWR,li1,20.7000,46.2400,1.799929
FILLER_12_27,VPWR,li1,18.1700,46.2400,1.799927
FILLER_11_553,VPWR,li1,260.1300,40.8000,1.799958
FILLER_11_541,VPWR,li1,257.1400,40.8000,1.799958
FILLER_11_529,VPWR,li1,251.6200,40.8000,1.799958
FILLER_11_517,VPWR,li1,246.1000,40.8000,1.799958
FILLER_11_505,VPWR,li1,240.5800,40.8000,1.799958
FILLER_11_503,VPWR,li1,237.1300,40.8000,1.799958
FILLER_11_497,VPWR,li1,235.5200,40.8000,1.799958
FILLER_11_485,VPWR,li1,231.3800,40.8000,1.799958
FILLER_11_473,VPWR,li1,225.8600,40.8000,1.799958
FILLER_11_461,VPWR,li1,220.3400,40.8000,1.799958
FILLER_11_449,VPWR,li1,214.8200,40.8000,1.799958
FILLER_11_447,VPWR,li1,211.3700,40.8000,1.799958
FILLER_11_441,VPWR,li1,209.7600,40.8000,1.799958
FILLER_11_429,VPWR,li1,205.6200,40.8000,1.799958
FILLER_11_417,VPWR,li1,200.1000,40.8000,1.799958
FILLER_11_405,VPWR,li1,194.5800,40.8000,1.799958
FILLER_11_393,VPWR,li1,189.0600,40.8000,1.799958
FILLER_11_391,VPWR,li1,185.6100,40.8000,1.799958
FILLER_11_379,VPWR,li1,182.6200,40.8000,1.799958
FILLER_11_357,VPWR,li1,171.1200,40.8000,1.799942
FILLER_11_345,VPWR,li1,166.9800,40.8000,1.799933
FILLER_11_330,VPWR,li1,158.7000,40.8000,1.799908
FILLER_11_317,VPWR,li1,152.2600,40.8000,1.799891
FILLER_11_303,VPWR,li1,146.2800,40.8000,1.799877
FILLER_11_293,VPWR,li1,140.5300,40.8000,1.799865
FILLER_11_281,VPWR,li1,137.5400,40.8000,1.799860
FILLER_11_276,VPWR,li1,133.4000,40.8000,1.799857
FILLER_11_260,VPWR,li1,126.0400,40.8000,1.799848
FILLER_11_248,VPWR,li1,122.3600,40.8000,1.799845
FILLER_11_236,VPWR,li1,116.8400,40.8000,1.799840
FILLER_11_231,VPWR,li1,112.0100,40.8000,1.799836
FILLER_11_225,VPWR,li1,110.4000,40.8000,1.799833
FILLER_11_223,VPWR,li1,108.3300,40.8000,1.799831
FILLER_11_217,VPWR,li1,106.7200,40.8000,1.799831
FILLER_11_205,VPWR,li1,102.5800,40.8000,1.799828
FILLER_11_193,VPWR,li1,97.0600,40.8000,1.799823
FILLER_11_181,VPWR,li1,91.5400,40.8000,1.799819
FILLER_11_169,VPWR,li1,86.0200,40.8000,1.799814
FILLER_11_165,VPWR,li1,82.1100,40.8000,1.799813
FILLER_11_157,VPWR,li1,79.5800,40.8000,1.799811
FILLER_11_150,VPWR,li1,74.7500,40.8000,1.799809
FILLER_11_142,VPWR,li1,72.6800,40.8000,1.799809
FILLER_11_131,VPWR,li1,66.7000,40.8000,1.799811
FILLER_11_120,VPWR,li1,61.6400,40.8000,1.799815
FILLER_11_113,VPWR,li1,57.9600,40.8000,1.799817
FILLER_11_104,VPWR,li1,54.0500,40.8000,1.799826
FILLER_11_92,VPWR,li1,50.6000,40.8000,1.799831
FILLER_11_84,VPWR,li1,44.8500,40.8000,1.799848
FILLER_11_69,VPWR,li1,37.7200,40.8000,1.799875
FILLER_11_57,VPWR,li1,34.5000,40.8000,1.799889
FILLER_11_50,VPWR,li1,29.9000,40.8000,1.799910
FILLER_11_38,VPWR,li1,25.7600,40.8000,1.799929
FILLER_11_26,VPWR,li1,20.2400,40.8000,1.799954
FILLER_11_15,VPWR,li1,12.8800,40.8000,1.799954
FILLER_11_3,VPWR,li1,9.6600,40.8000,1.799954
FILLER_10_553,VPWR,li1,260.1300,40.8000,1.799958
FILLER_10_545,VPWR,li1,258.0600,40.8000,1.799958
FILLER_10_533,VPWR,li1,253.4600,40.8000,1.799958
FILLER_10_531,VPWR,li1,250.0100,40.8000,1.799958
FILLER_10_525,VPWR,li1,248.4000,40.8000,1.799958
FILLER_10_513,VPWR,li1,244.2600,40.8000,1.799958
FILLER_10_501,VPWR,li1,238.7400,40.8000,1.799958
FILLER_10_489,VPWR,li1,233.2200,40.8000,1.799958
FILLER_10_477,VPWR,li1,227.7000,40.8000,1.799958
FILLER_10_475,VPWR,li1,224.2500,40.8000,1.799958
FILLER_10_469,VPWR,li1,222.6400,40.8000,1.799958
FILLER_10_457,VPWR,li1,218.5000,40.8000,1.799958
FILLER_10_445,VPWR,li1,212.9800,40.8000,1.799958
FILLER_10_433,VPWR,li1,207.4600,40.8000,1.799958
FILLER_10_421,VPWR,li1,201.9400,40.8000,1.799958
FILLER_10_414,VPWR,li1,197.3400,40.8000,1.799958
FILLER_10_402,VPWR,li1,193.2000,40.8000,1.799958
FILLER_10_390,VPWR,li1,187.6800,40.8000,1.799958
FILLER_10_357,VPWR,li1,169.9700,40.8000,1.799942
FILLER_10_351,VPWR,li1,168.3600,40.8000,1.799933
FILLER_10_339,VPWR,li1,164.2200,40.8000,1.799924
FILLER_10_315,VPWR,li1,150.6500,40.8000,1.799884
FILLER_10_309,VPWR,li1,149.0400,40.8000,1.799884
FILLER_10_307,VPWR,li1,146.9700,40.8000,1.799877
FILLER_10_283,VPWR,li1,135.9300,40.8000,1.799860
FILLER_10_277,VPWR,li1,134.3200,40.8000,1.799857
FILLER_10_265,VPWR,li1,130.1800,40.8000,1.799851
FILLER_10_253,VPWR,li1,124.6600,40.8000,1.799848
FILLER_10_244,VPWR,li1,119.6000,40.8000,1.799843
FILLER_10_232,VPWR,li1,115.0000,40.8000,1.799838
FILLER_10_220,VPWR,li1,109.4800,40.8000,1.799833
FILLER_10_208,VPWR,li1,103.9600,40.8000,1.799828
FILLER_10_197,VPWR,li1,97.9800,40.8000,1.799823
FILLER_10_190,VPWR,li1,94.3000,40.8000,1.799821
FILLER_10_180,VPWR,li1,88.7800,40.8000,1.799817
FILLER_10_168,VPWR,li1,83.2600,40.8000,1.799813
FILLER_10_156,VPWR,li1,80.0400,40.8000,1.799811
FILLER_10_147,VPWR,li1,73.3700,40.8000,1.799809
FILLER_10_141,VPWR,li1,71.7600,40.8000,1.799809
FILLER_10_137,VPWR,li1,69.2300,40.8000,1.799810
FILLER_10_129,VPWR,li1,66.7000,40.8000,1.799811
FILLER_10_118,VPWR,li1,60.0300,40.8000,1.799815
FILLER_10_106,VPWR,li1,57.0400,40.8000,1.799821
FILLER_10_85,VPWR,li1,45.3100,40.8000,1.799848
FILLER_10_82,VPWR,li1,43.7000,40.8000,1.799855
FILLER_10_73,VPWR,li1,39.3300,40.8000,1.799867
FILLER_10_65,VPWR,li1,35.6500,40.8000,1.799889
FILLER_10_53,VPWR,li1,32.6600,40.8000,1.799897
FILLER_10_41,VPWR,li1,27.1400,40.8000,1.799929
FILLER_10_29,VPWR,li1,21.6200,40.8000,1.799954
FILLER_10_27,VPWR,li1,18.1700,40.8000,1.799954
FILLER_10_15,VPWR,li1,15.1800,40.8000,1.799954
FILLER_10_3,VPWR,li1,9.6600,40.8000,1.799954
FILLER_9_553,VPWR,li1,260.1300,35.3600,1.799960
FILLER_9_541,VPWR,li1,257.1400,35.3600,1.799960
FILLER_9_529,VPWR,li1,251.6200,35.3600,1.799960
FILLER_9_517,VPWR,li1,246.1000,35.3600,1.799960
FILLER_9_505,VPWR,li1,240.5800,35.3600,1.799960
FILLER_9_503,VPWR,li1,237.1300,35.3600,1.799960
FILLER_9_497,VPWR,li1,235.5200,35.3600,1.799960
FILLER_9_485,VPWR,li1,231.3800,35.3600,1.799960
FILLER_9_473,VPWR,li1,225.8600,35.3600,1.799960
FILLER_9_461,VPWR,li1,220.3400,35.3600,1.799960
FILLER_9_449,VPWR,li1,214.8200,35.3600,1.799960
FILLER_9_447,VPWR,li1,211.3700,35.3600,1.799960
FILLER_9_441,VPWR,li1,209.7600,35.3600,1.799960
FILLER_9_429,VPWR,li1,205.6200,35.3600,1.799960
FILLER_9_417,VPWR,li1,200.1000,35.3600,1.799960
FILLER_9_405,VPWR,li1,194.5800,35.3600,1.799960
FILLER_9_393,VPWR,li1,189.0600,35.3600,1.799960
FILLER_9_353,VPWR,li1,168.1300,35.3600,1.799934
FILLER_9_349,VPWR,li1,166.9800,35.3600,1.799934
FILLER_9_337,VPWR,li1,163.3000,35.3600,1.799921
FILLER_9_324,VPWR,li1,157.3200,35.3600,1.799904
FILLER_9_312,VPWR,li1,151.8000,35.3600,1.799889
FILLER_9_281,VPWR,li1,135.2400,35.3600,1.799848
FILLER_9_268,VPWR,li1,131.5600,35.3600,1.799843
FILLER_9_241,VPWR,li1,116.6100,35.3600,1.799826
FILLER_9_237,VPWR,li1,115.4600,35.3600,1.799826
FILLER_9_225,VPWR,li1,111.7800,35.3600,1.799824
FILLER_9_223,VPWR,li1,108.3300,35.3600,1.799822
FILLER_9_196,VPWR,li1,97.5200,35.3600,1.799821
FILLER_9_159,VPWR,li1,78.8900,35.3600,1.799825
FILLER_9_151,VPWR,li1,76.8200,35.3600,1.799826
FILLER_9_139,VPWR,li1,72.2200,35.3600,1.799830
FILLER_9_127,VPWR,li1,66.7000,35.3600,1.799835
FILLER_9_113,VPWR,li1,58.8800,35.3600,1.799847
FILLER_9_104,VPWR,li1,55.2000,35.3600,1.799851
FILLER_9_83,VPWR,li1,44.1600,35.3600,1.799881
FILLER_9_77,VPWR,li1,41.1700,35.3600,1.799890
FILLER_9_69,VPWR,li1,39.1000,35.3600,1.799901
FILLER_9_57,VPWR,li1,34.5000,35.3600,1.799914
FILLER_9_55,VPWR,li1,31.0500,35.3600,1.799931
FILLER_9_51,VPWR,li1,29.9000,35.3600,1.799931
FILLER_9_39,VPWR,li1,26.2200,35.3600,1.799944
FILLER_9_27,VPWR,li1,20.7000,35.3600,1.799964
FILLER_9_15,VPWR,li1,15.1800,35.3600,1.799964
FILLER_9_3,VPWR,li1,9.6600,35.3600,1.799964
FILLER_8_553,VPWR,li1,260.1300,35.3600,1.799960
FILLER_8_545,VPWR,li1,258.0600,35.3600,1.799960
FILLER_8_533,VPWR,li1,253.4600,35.3600,1.799960
FILLER_8_531,VPWR,li1,250.0100,35.3600,1.799960
FILLER_8_525,VPWR,li1,248.4000,35.3600,1.799960
FILLER_8_513,VPWR,li1,244.2600,35.3600,1.799960
FILLER_8_501,VPWR,li1,238.7400,35.3600,1.799960
FILLER_8_489,VPWR,li1,233.2200,35.3600,1.799960
FILLER_8_477,VPWR,li1,227.7000,35.3600,1.799960
FILLER_8_475,VPWR,li1,224.2500,35.3600,1.799960
FILLER_8_469,VPWR,li1,222.6400,35.3600,1.799960
FILLER_8_457,VPWR,li1,218.5000,35.3600,1.799960
FILLER_8_445,VPWR,li1,212.9800,35.3600,1.799960
FILLER_8_433,VPWR,li1,207.4600,35.3600,1.799960
FILLER_8_421,VPWR,li1,201.9400,35.3600,1.799960
FILLER_8_419,VPWR,li1,198.4900,35.3600,1.799960
FILLER_8_407,VPWR,li1,195.5000,35.3600,1.799960
FILLER_8_395,VPWR,li1,189.9800,35.3600,1.799960
FILLER_8_383,VPWR,li1,184.4600,35.3600,1.799960
FILLER_8_365,VPWR,li1,173.6500,35.3600,1.799952
FILLER_8_362,VPWR,li1,172.5000,35.3600,1.799952
FILLER_8_356,VPWR,li1,169.5100,35.3600,1.799942
FILLER_8_334,VPWR,li1,159.6200,35.3600,1.799911
FILLER_8_326,VPWR,li1,157.3200,35.3600,1.799904
FILLER_8_302,VPWR,li1,145.8200,35.3600,1.799873
FILLER_8_290,VPWR,li1,141.6800,35.3600,1.799859
FILLER_8_278,VPWR,li1,136.1600,35.3600,1.799852
FILLER_8_266,VPWR,li1,130.6400,35.3600,1.799843
FILLER_8_253,VPWR,li1,122.1300,35.3600,1.799828
FILLER_8_246,VPWR,li1,119.3700,35.3600,1.799827
FILLER_8_238,VPWR,li1,116.8400,35.3600,1.799826
FILLER_8_228,VPWR,li1,111.0900,35.3600,1.799824
FILLER_8_197,VPWR,li1,97.5200,35.3600,1.799821
FILLER_8_195,VPWR,li1,95.4500,35.3600,1.799821
FILLER_8_189,VPWR,li1,93.8400,35.3600,1.799821
FILLER_8_177,VPWR,li1,87.1700,35.3600,1.799822
FILLER_8_169,VPWR,li1,85.1000,35.3600,1.799822
FILLER_8_148,VPWR,li1,74.2900,35.3600,1.799828
FILLER_8_124,VPWR,li1,63.0200,35.3600,1.799839
FILLER_8_103,VPWR,li1,55.6600,35.3600,1.799851
FILLER_8_91,VPWR,li1,50.1400,35.3600,1.799866
FILLER_8_85,VPWR,li1,44.8500,35.3600,1.799881
FILLER_8_83,VPWR,li1,43.9300,35.3600,1.799881
FILLER_8_77,VPWR,li1,42.3200,35.3600,1.799890
FILLER_8_65,VPWR,li1,38.1800,35.3600,1.799901
FILLER_8_53,VPWR,li1,32.6600,35.3600,1.799921
FILLER_8_41,VPWR,li1,27.1400,35.3600,1.799944
FILLER_8_29,VPWR,li1,21.6200,35.3600,1.799964
FILLER_8_27,VPWR,li1,18.1700,35.3600,1.799964
FILLER_8_15,VPWR,li1,15.1800,35.3600,1.799964
FILLER_8_3,VPWR,li1,9.6600,35.3600,1.799964
FILLER_7_553,VPWR,li1,260.1300,29.9200,1.799900
FILLER_7_541,VPWR,li1,257.1400,29.9200,1.799900
FILLER_7_529,VPWR,li1,251.6200,29.9200,1.799900
FILLER_7_517,VPWR,li1,246.1000,29.9200,1.799900
FILLER_7_505,VPWR,li1,240.5800,29.9200,1.799900
FILLER_7_503,VPWR,li1,237.1300,29.9200,1.799900
FILLER_7_497,VPWR,li1,235.5200,29.9200,1.799900
FILLER_7_485,VPWR,li1,231.3800,29.9200,1.799900
FILLER_7_473,VPWR,li1,225.8600,29.9200,1.799900
FILLER_7_461,VPWR,li1,220.3400,29.9200,1.799900
FILLER_7_449,VPWR,li1,214.8200,29.9200,1.799900
FILLER_7_447,VPWR,li1,211.3700,29.9200,1.799900
FILLER_7_441,VPWR,li1,209.7600,29.9200,1.799900
FILLER_7_429,VPWR,li1,205.6200,29.9200,1.799900
FILLER_7_417,VPWR,li1,200.1000,29.9200,1.799900
FILLER_7_405,VPWR,li1,194.5800,29.9200,1.799900
FILLER_7_393,VPWR,li1,189.0600,29.9200,1.799900
FILLER_7_380,VPWR,li1,183.0800,29.9200,1.799900
FILLER_7_368,VPWR,li1,177.5600,29.9200,1.799900
FILLER_7_349,VPWR,li1,166.7500,29.9200,1.799827
FILLER_7_345,VPWR,li1,164.4500,29.9200,1.799812
FILLER_7_337,VPWR,li1,162.3800,29.9200,1.799792
FILLER_7_333,VPWR,li1,159.3900,29.9200,1.799778
FILLER_7_321,VPWR,li1,155.9400,29.9200,1.799755
FILLER_7_274,VPWR,li1,132.2500,29.9200,1.799645
FILLER_7_262,VPWR,li1,128.8000,29.9200,1.799636
FILLER_7_222,VPWR,li1,108.1000,29.9200,1.799663
FILLER_7_209,VPWR,li1,102.5800,29.9200,1.799677
FILLER_7_205,VPWR,li1,100.0500,29.9200,1.799683
FILLER_7_199,VPWR,li1,98.4400,29.9200,1.799683
FILLER_7_187,VPWR,li1,94.3000,29.9200,1.799694
FILLER_7_175,VPWR,li1,88.7800,29.9200,1.799706
FILLER_7_166,VPWR,li1,82.3400,29.9200,1.799724
FILLER_7_152,VPWR,li1,75.6700,29.9200,1.799739
FILLER_7_140,VPWR,li1,72.6800,29.9200,1.799747
FILLER_7_133,VPWR,li1,66.9300,29.9200,1.799765
FILLER_7_125,VPWR,li1,64.8600,29.9200,1.799772
FILLER_7_113,VPWR,li1,60.2600,29.9200,1.799781
FILLER_7_110,VPWR,li1,56.5800,29.9200,1.799796
FILLER_7_81,VPWR,li1,45.5400,29.9200,1.799841
FILLER_7_69,VPWR,li1,40.0200,29.9200,1.799861
FILLER_7_57,VPWR,li1,34.5000,29.9200,1.799888
FILLER_7_55,VPWR,li1,31.0500,29.9200,1.799909
FILLER_7_51,VPWR,li1,29.9000,29.9200,1.799909
FILLER_7_39,VPWR,li1,26.2200,29.9200,1.799927
FILLER_7_27,VPWR,li1,20.7000,29.9200,1.799953
FILLER_7_15,VPWR,li1,15.1800,29.9200,1.799953
FILLER_7_3,VPWR,li1,9.6600,29.9200,1.799953
FILLER_6_553,VPWR,li1,260.1300,29.9200,1.799900
FILLER_6_545,VPWR,li1,258.0600,29.9200,1.799900
FILLER_6_533,VPWR,li1,253.4600,29.9200,1.799900
FILLER_6_531,VPWR,li1,250.0100,29.9200,1.799900
FILLER_6_525,VPWR,li1,248.4000,29.9200,1.799900
FILLER_6_513,VPWR,li1,244.2600,29.9200,1.799900
FILLER_6_501,VPWR,li1,238.7400,29.9200,1.799900
FILLER_6_489,VPWR,li1,233.2200,29.9200,1.799900
FILLER_6_477,VPWR,li1,227.7000,29.9200,1.799900
FILLER_6_475,VPWR,li1,224.2500,29.9200,1.799900
FILLER_6_469,VPWR,li1,222.6400,29.9200,1.799900
FILLER_6_457,VPWR,li1,218.5000,29.9200,1.799900
FILLER_6_445,VPWR,li1,212.9800,29.9200,1.799900
FILLER_6_433,VPWR,li1,207.4600,29.9200,1.799900
FILLER_6_421,VPWR,li1,201.9400,29.9200,1.799900
FILLER_6_419,VPWR,li1,198.4900,29.9200,1.799900
FILLER_6_413,VPWR,li1,196.8800,29.9200,1.799900
FILLER_6_401,VPWR,li1,192.7400,29.9200,1.799900
FILLER_6_389,VPWR,li1,187.2200,29.9200,1.799900
FILLER_6_377,VPWR,li1,181.7000,29.9200,1.799900
FILLER_6_365,VPWR,li1,176.1800,29.9200,1.799900
FILLER_6_363,VPWR,li1,172.7300,29.9200,1.799856
FILLER_6_357,VPWR,li1,171.1200,29.9200,1.799856
FILLER_6_345,VPWR,li1,166.9800,29.9200,1.799827
FILLER_6_333,VPWR,li1,161.4600,29.9200,1.799792
FILLER_6_321,VPWR,li1,155.9400,29.9200,1.799755
FILLER_6_309,VPWR,li1,150.4200,29.9200,1.799719
FILLER_6_305,VPWR,li1,146.5100,29.9200,1.799693
FILLER_6_293,VPWR,li1,140.5300,29.9200,1.799662
FILLER_6_287,VPWR,li1,138.9200,29.9200,1.799662
FILLER_6_264,VPWR,li1,127.6500,29.9200,1.799636
FILLER_6_242,VPWR,li1,117.0700,29.9200,1.799644
FILLER_6_236,VPWR,li1,115.4600,29.9200,1.799644
FILLER_6_229,VPWR,li1,111.0900,29.9200,1.799655
FILLER_6_221,VPWR,li1,109.0200,29.9200,1.799659
FILLER_6_209,VPWR,li1,104.4200,29.9200,1.799669
FILLER_6_197,VPWR,li1,98.9000,29.9200,1.799683
FILLER_6_188,VPWR,li1,93.8400,29.9200,1.799694
FILLER_6_176,VPWR,li1,89.2400,29.9200,1.799706
FILLER_6_164,VPWR,li1,81.4200,29.9200,1.799724
FILLER_6_153,VPWR,li1,76.5900,29.9200,1.799739
FILLER_6_141,VPWR,li1,73.1400,29.9200,1.799747
FILLER_6_130,VPWR,li1,66.0100,29.9200,1.799765
FILLER_6_122,VPWR,li1,63.4800,29.9200,1.799772
FILLER_6_110,VPWR,li1,58.8800,29.9200,1.799790
FILLER_6_85,VPWR,li1,46.4600,29.9200,1.799831
FILLER_6_83,VPWR,li1,43.9300,29.9200,1.799851
FILLER_6_77,VPWR,li1,42.3200,29.9200,1.799851
FILLER_6_65,VPWR,li1,38.1800,29.9200,1.799870
FILLER_6_53,VPWR,li1,32.6600,29.9200,1.799896
FILLER_6_41,VPWR,li1,27.1400,29.9200,1.799927
FILLER_6_29,VPWR,li1,21.6200,29.9200,1.799953
FILLER_6_27,VPWR,li1,18.1700,29.9200,1.799953
FILLER_6_15,VPWR,li1,15.1800,29.9200,1.799953
FILLER_6_3,VPWR,li1,9.6600,29.9200,1.799953
FILLER_5_553,VPWR,li1,260.1300,24.4800,1.799976
FILLER_5_541,VPWR,li1,257.1400,24.4800,1.799976
FILLER_5_529,VPWR,li1,251.6200,24.4800,1.799976
FILLER_5_517,VPWR,li1,246.1000,24.4800,1.799976
FILLER_5_505,VPWR,li1,240.5800,24.4800,1.799976
FILLER_5_503,VPWR,li1,237.1300,24.4800,1.799976
FILLER_5_497,VPWR,li1,235.5200,24.4800,1.799976
FILLER_5_485,VPWR,li1,231.3800,24.4800,1.799976
FILLER_5_473,VPWR,li1,225.8600,24.4800,1.799976
FILLER_5_461,VPWR,li1,220.3400,24.4800,1.799976
FILLER_5_449,VPWR,li1,214.8200,24.4800,1.799976
FILLER_5_447,VPWR,li1,211.3700,24.4800,1.799976
FILLER_5_441,VPWR,li1,209.7600,24.4800,1.799976
FILLER_5_429,VPWR,li1,205.6200,24.4800,1.799976
FILLER_5_417,VPWR,li1,200.1000,24.4800,1.799976
FILLER_5_405,VPWR,li1,194.5800,24.4800,1.799976
FILLER_5_393,VPWR,li1,189.0600,24.4800,1.799976
FILLER_5_389,VPWR,li1,185.1500,24.4800,1.799976
FILLER_5_357,VPWR,li1,169.9700,24.4800,1.799971
FILLER_5_349,VPWR,li1,167.9000,24.4800,1.799968
FILLER_5_337,VPWR,li1,163.3000,24.4800,1.799960
FILLER_5_324,VPWR,li1,157.3200,24.4800,1.799949
FILLER_5_297,VPWR,li1,143.0600,24.4800,1.799932
FILLER_5_287,VPWR,li1,137.7700,24.4800,1.799929
FILLER_5_281,VPWR,li1,136.1600,24.4800,1.799929
FILLER_5_279,VPWR,li1,134.0900,24.4800,1.799928
FILLER_5_273,VPWR,li1,132.4800,24.4800,1.799928
FILLER_5_261,VPWR,li1,128.3400,24.4800,1.799928
FILLER_5_249,VPWR,li1,122.8200,24.4800,1.799928
FILLER_5_237,VPWR,li1,117.3000,24.4800,1.799928
FILLER_5_225,VPWR,li1,111.7800,24.4800,1.799929
FILLER_5_223,VPWR,li1,108.3300,24.4800,1.799930
FILLER_5_215,VPWR,li1,106.2600,24.4800,1.799930
FILLER_5_203,VPWR,li1,101.6600,24.4800,1.799931
FILLER_5_195,VPWR,li1,95.4500,24.4800,1.799932
FILLER_5_189,VPWR,li1,93.8400,24.4800,1.799932
FILLER_5_177,VPWR,li1,89.7000,24.4800,1.799933
FILLER_5_165,VPWR,li1,82.1100,24.4800,1.799936
FILLER_5_153,VPWR,li1,78.6600,24.4800,1.799937
FILLER_5_141,VPWR,li1,73.1400,24.4800,1.799939
FILLER_5_119,VPWR,li1,60.4900,24.4800,1.799948
FILLER_5_113,VPWR,li1,58.8800,24.4800,1.799948
FILLER_5_109,VPWR,li1,56.3500,24.4800,1.799951
FILLER_5_101,VPWR,li1,53.8200,24.4800,1.799953
FILLER_5_97,VPWR,li1,50.3700,24.4800,1.799958
FILLER_5_93,VPWR,li1,49.2200,24.4800,1.799958
FILLER_5_81,VPWR,li1,45.5400,24.4800,1.799964
FILLER_5_69,VPWR,li1,40.0200,24.4800,1.799968
FILLER_5_57,VPWR,li1,34.5000,24.4800,1.799974
FILLER_5_55,VPWR,li1,31.0500,24.4800,1.799979
FILLER_5_51,VPWR,li1,29.9000,24.4800,1.799979
FILLER_5_39,VPWR,li1,26.2200,24.4800,1.799983
FILLER_5_27,VPWR,li1,20.7000,24.4800,1.799989
FILLER_5_15,VPWR,li1,15.1800,24.4800,1.799989
FILLER_5_3,VPWR,li1,9.6600,24.4800,1.799989
FILLER_4_553,VPWR,li1,260.1300,24.4800,1.799976
FILLER_4_545,VPWR,li1,258.0600,24.4800,1.799976
FILLER_4_533,VPWR,li1,253.4600,24.4800,1.799976
FILLER_4_531,VPWR,li1,250.0100,24.4800,1.799976
FILLER_4_525,VPWR,li1,248.4000,24.4800,1.799976
FILLER_4_513,VPWR,li1,244.2600,24.4800,1.799976
FILLER_4_501,VPWR,li1,238.7400,24.4800,1.799976
FILLER_4_489,VPWR,li1,233.2200,24.4800,1.799976
FILLER_4_477,VPWR,li1,227.7000,24.4800,1.799976
FILLER_4_475,VPWR,li1,224.2500,24.4800,1.799976
FILLER_4_469,VPWR,li1,222.6400,24.4800,1.799976
FILLER_4_457,VPWR,li1,218.5000,24.4800,1.799976
FILLER_4_445,VPWR,li1,212.9800,24.4800,1.799976
FILLER_4_433,VPWR,li1,207.4600,24.4800,1.799976
FILLER_4_421,VPWR,li1,201.9400,24.4800,1.799976
FILLER_4_419,VPWR,li1,198.4900,24.4800,1.799976
FILLER_4_407,VPWR,li1,195.5000,24.4800,1.799976
FILLER_4_395,VPWR,li1,189.9800,24.4800,1.799976
FILLER_4_383,VPWR,li1,184.4600,24.4800,1.799976
FILLER_4_345,VPWR,li1,164.6800,24.4800,1.799960
FILLER_4_333,VPWR,li1,161.4600,24.4800,1.799956
FILLER_4_321,VPWR,li1,155.9400,24.4800,1.799949
FILLER_4_309,VPWR,li1,150.4200,24.4800,1.799941
FILLER_4_307,VPWR,li1,146.9700,24.4800,1.799935
FILLER_4_278,VPWR,li1,133.6300,24.4800,1.799928
FILLER_4_270,VPWR,li1,131.5600,24.4800,1.799928
FILLER_4_248,VPWR,li1,120.5200,24.4800,1.799928
FILLER_4_236,VPWR,li1,115.0000,24.4800,1.799929
FILLER_4_224,VPWR,li1,111.3200,24.4800,1.799929
FILLER_4_212,VPWR,li1,105.8000,24.4800,1.799930
FILLER_4_197,VPWR,li1,96.6000,24.4800,1.799932
FILLER_4_189,VPWR,li1,92.6900,24.4800,1.799932
FILLER_4_183,VPWR,li1,91.0800,24.4800,1.799933
FILLER_4_177,VPWR,li1,87.4000,24.4800,1.799934
FILLER_4_169,VPWR,li1,85.1000,24.4800,1.799935
FILLER_4_157,VPWR,li1,80.5000,24.4800,1.799936
FILLER_4_145,VPWR,li1,74.9800,24.4800,1.799938
FILLER_4_139,VPWR,li1,69.6900,24.4800,1.799941
FILLER_4_130,VPWR,li1,66.0100,24.4800,1.799943
FILLER_4_117,VPWR,li1,60.0300,24.4800,1.799948
FILLER_4_109,VPWR,li1,57.5000,24.4800,1.799951
FILLER_4_97,VPWR,li1,52.9000,24.4800,1.799956
FILLER_4_85,VPWR,li1,47.3800,24.4800,1.799960
FILLER_4_83,VPWR,li1,43.9300,24.4800,1.799966
FILLER_4_77,VPWR,li1,42.3200,24.4800,1.799966
FILLER_4_65,VPWR,li1,38.1800,24.4800,1.799970
FILLER_4_53,VPWR,li1,32.6600,24.4800,1.799976
FILLER_4_41,VPWR,li1,27.1400,24.4800,1.799983
FILLER_4_29,VPWR,li1,21.6200,24.4800,1.799989
FILLER_4_27,VPWR,li1,18.1700,24.4800,1.799989
FILLER_4_15,VPWR,li1,15.1800,24.4800,1.799989
FILLER_4_3,VPWR,li1,9.6600,24.4800,1.799989
FILLER_3_553,VPWR,li1,260.1300,19.0400,1.799944
FILLER_3_541,VPWR,li1,257.1400,19.0400,1.799944
FILLER_3_529,VPWR,li1,251.6200,19.0400,1.799944
FILLER_3_517,VPWR,li1,246.1000,19.0400,1.799944
FILLER_3_505,VPWR,li1,240.5800,19.0400,1.799944
FILLER_3_503,VPWR,li1,237.1300,19.0400,1.799944
FILLER_3_497,VPWR,li1,235.5200,19.0400,1.799944
FILLER_3_485,VPWR,li1,231.3800,19.0400,1.799944
FILLER_3_473,VPWR,li1,225.8600,19.0400,1.799944
FILLER_3_461,VPWR,li1,220.3400,19.0400,1.799944
FILLER_3_449,VPWR,li1,214.8200,19.0400,1.799944
FILLER_3_447,VPWR,li1,211.3700,19.0400,1.799944
FILLER_3_441,VPWR,li1,209.7600,19.0400,1.799944
FILLER_3_429,VPWR,li1,205.6200,19.0400,1.799944
FILLER_3_417,VPWR,li1,200.1000,19.0400,1.799944
FILLER_3_405,VPWR,li1,194.5800,19.0400,1.799944
FILLER_3_393,VPWR,li1,189.0600,19.0400,1.799944
FILLER_3_391,VPWR,li1,185.6100,19.0400,1.799944
FILLER_3_340,VPWR,li1,162.8400,19.0400,1.799896
FILLER_3_314,VPWR,li1,150.4200,19.0400,1.799854
FILLER_3_302,VPWR,li1,147.2000,19.0400,1.799845
FILLER_3_293,VPWR,li1,141.6800,19.0400,1.799832
FILLER_3_281,VPWR,li1,137.5400,19.0400,1.799824
FILLER_3_225,VPWR,li1,109.7100,19.0400,1.799810
FILLER_3_223,VPWR,li1,108.3300,19.0400,1.799812
FILLER_3_219,VPWR,li1,107.1800,19.0400,1.799812
FILLER_3_191,VPWR,li1,94.0700,19.0400,1.799826
FILLER_3_183,VPWR,li1,90.3900,19.0400,1.799831
FILLER_3_169,VPWR,li1,85.1000,19.0400,1.799841
FILLER_3_164,VPWR,li1,81.8800,19.0400,1.799844
FILLER_3_159,VPWR,li1,78.8900,19.0400,1.799848
FILLER_3_153,VPWR,li1,76.1300,19.0400,1.799853
FILLER_3_147,VPWR,li1,74.5200,19.0400,1.799857
FILLER_3_125,VPWR,li1,63.2500,19.0400,1.799879
FILLER_3_113,VPWR,li1,60.2600,19.0400,1.799886
FILLER_3_111,VPWR,li1,56.8100,19.0400,1.799897
FILLER_3_105,VPWR,li1,55.2000,19.0400,1.799897
FILLER_3_93,VPWR,li1,51.0600,19.0400,1.799907
FILLER_3_81,VPWR,li1,45.5400,19.0400,1.799922
FILLER_3_69,VPWR,li1,40.0200,19.0400,1.799932
FILLER_3_57,VPWR,li1,34.5000,19.0400,1.799945
FILLER_3_55,VPWR,li1,31.0500,19.0400,1.799956
FILLER_3_51,VPWR,li1,29.9000,19.0400,1.799956
FILLER_3_39,VPWR,li1,26.2200,19.0400,1.799964
FILLER_3_27,VPWR,li1,20.7000,19.0400,1.799977
FILLER_3_15,VPWR,li1,15.1800,19.0400,1.799977
FILLER_3_3,VPWR,li1,9.6600,19.0400,1.799977
FILLER_2_553,VPWR,li1,260.1300,19.0400,1.799944
FILLER_2_545,VPWR,li1,258.0600,19.0400,1.799944
FILLER_2_533,VPWR,li1,253.4600,19.0400,1.799944
FILLER_2_531,VPWR,li1,250.0100,19.0400,1.799944
FILLER_2_525,VPWR,li1,248.4000,19.0400,1.799944
FILLER_2_513,VPWR,li1,244.2600,19.0400,1.799944
FILLER_2_501,VPWR,li1,238.7400,19.0400,1.799944
FILLER_2_489,VPWR,li1,233.2200,19.0400,1.799944
FILLER_2_477,VPWR,li1,227.7000,19.0400,1.799944
FILLER_2_475,VPWR,li1,224.2500,19.0400,1.799944
FILLER_2_469,VPWR,li1,222.6400,19.0400,1.799944
FILLER_2_457,VPWR,li1,218.5000,19.0400,1.799944
FILLER_2_445,VPWR,li1,212.9800,19.0400,1.799944
FILLER_2_433,VPWR,li1,207.4600,19.0400,1.799944
FILLER_2_421,VPWR,li1,201.9400,19.0400,1.799944
FILLER_2_419,VPWR,li1,198.4900,19.0400,1.799944
FILLER_2_407,VPWR,li1,195.5000,19.0400,1.799944
FILLER_2_395,VPWR,li1,189.9800,19.0400,1.799944
FILLER_2_365,VPWR,li1,173.6500,19.0400,1.799934
FILLER_2_360,VPWR,li1,172.0400,19.0400,1.799934
FILLER_2_341,VPWR,li1,163.0700,19.0400,1.799896
FILLER_2_329,VPWR,li1,159.6200,19.0400,1.799884
FILLER_2_307,VPWR,li1,146.9700,19.0400,1.799845
FILLER_2_256,VPWR,li1,125.1200,19.0400,1.799808
FILLER_2_250,VPWR,li1,120.9800,19.0400,1.799806
FILLER_2_225,VPWR,li1,109.4800,19.0400,1.799810
FILLER_2_213,VPWR,li1,106.2600,19.0400,1.799813
FILLER_2_197,VPWR,li1,96.8300,19.0400,1.799823
FILLER_2_187,VPWR,li1,92.0000,19.0400,1.799831
FILLER_2_173,VPWR,li1,85.3300,19.0400,1.799838
FILLER_2_164,VPWR,li1,81.4200,19.0400,1.799844
FILLER_2_141,VPWR,li1,71.7600,19.0400,1.799861
FILLER_2_138,VPWR,li1,69.4600,19.0400,1.799865
FILLER_2_129,VPWR,li1,65.5500,19.0400,1.799875
FILLER_2_121,VPWR,li1,63.0200,19.0400,1.799879
FILLER_2_109,VPWR,li1,58.4200,19.0400,1.799892
FILLER_2_97,VPWR,li1,52.9000,19.0400,1.799903
FILLER_2_85,VPWR,li1,47.3800,19.0400,1.799915
FILLER_2_83,VPWR,li1,43.9300,19.0400,1.799927
FILLER_2_77,VPWR,li1,42.3200,19.0400,1.799927
FILLER_2_65,VPWR,li1,38.1800,19.0400,1.799937
FILLER_2_53,VPWR,li1,32.6600,19.0400,1.799949
FILLER_2_41,VPWR,li1,27.1400,19.0400,1.799964
FILLER_2_29,VPWR,li1,21.6200,19.0400,1.799977
FILLER_2_27,VPWR,li1,18.1700,19.0400,1.799977
FILLER_2_15,VPWR,li1,15.1800,19.0400,1.799977
FILLER_2_3,VPWR,li1,9.6600,19.0400,1.799977
FILLER_1_553,VPWR,li1,260.1300,13.6000,1.799982
FILLER_1_541,VPWR,li1,257.1400,13.6000,1.799982
FILLER_1_529,VPWR,li1,251.6200,13.6000,1.799982
FILLER_1_517,VPWR,li1,246.1000,13.6000,1.799982
FILLER_1_505,VPWR,li1,240.5800,13.6000,1.799982
FILLER_1_503,VPWR,li1,237.1300,13.6000,1.799982
FILLER_1_497,VPWR,li1,235.5200,13.6000,1.799982
FILLER_1_485,VPWR,li1,231.3800,13.6000,1.799982
FILLER_1_473,VPWR,li1,225.8600,13.6000,1.799982
FILLER_1_461,VPWR,li1,220.3400,13.6000,1.799982
FILLER_1_449,VPWR,li1,214.8200,13.6000,1.799982
FILLER_1_447,VPWR,li1,211.3700,13.6000,1.799982
FILLER_1_441,VPWR,li1,209.7600,13.6000,1.799982
FILLER_1_429,VPWR,li1,205.6200,13.6000,1.799982
FILLER_1_417,VPWR,li1,200.1000,13.6000,1.799982
FILLER_1_405,VPWR,li1,194.5800,13.6000,1.799982
FILLER_1_393,VPWR,li1,189.0600,13.6000,1.799982
FILLER_1_388,VPWR,li1,184.9200,13.6000,1.799982
FILLER_1_375,VPWR,li1,178.4800,13.6000,1.799982
FILLER_1_367,VPWR,li1,176.1800,13.6000,1.799983
FILLER_1_353,VPWR,li1,168.1300,13.6000,1.799973
FILLER_1_349,VPWR,li1,166.9800,13.6000,1.799973
FILLER_1_337,VPWR,li1,163.3000,13.6000,1.799968
FILLER_1_333,VPWR,li1,159.3900,13.6000,1.799963
FILLER_1_325,VPWR,li1,156.8600,13.6000,1.799959
FILLER_1_313,VPWR,li1,152.2600,13.6000,1.799955
FILLER_1_308,VPWR,li1,147.6600,13.6000,1.799950
FILLER_1_300,VPWR,li1,145.3600,13.6000,1.799949
FILLER_1_296,VPWR,li1,141.9100,13.6000,1.799947
FILLER_1_288,VPWR,li1,139.8400,13.6000,1.799946
FILLER_1_281,VPWR,li1,135.7000,13.6000,1.799943
FILLER_1_257,VPWR,li1,124.4300,13.6000,1.799938
FILLER_1_249,VPWR,li1,121.9000,13.6000,1.799939
FILLER_1_237,VPWR,li1,117.3000,13.6000,1.799940
FILLER_1_225,VPWR,li1,111.7800,13.6000,1.799942
FILLER_1_223,VPWR,li1,108.3300,13.6000,1.799944
FILLER_1_219,VPWR,li1,107.1800,13.6000,1.799944
FILLER_1_207,VPWR,li1,103.5000,13.6000,1.799946
FILLER_1_201,VPWR,li1,98.2100,13.6000,1.799948
FILLER_1_193,VPWR,li1,96.1400,13.6000,1.799949
FILLER_1_181,VPWR,li1,89.2400,13.6000,1.799952
FILLER_1_169,VPWR,li1,86.0200,13.6000,1.799954
FILLER_1_157,VPWR,li1,77.9700,13.6000,1.799959
FILLER_1_149,VPWR,li1,74.9800,13.6000,1.799960
FILLER_1_137,VPWR,li1,71.3000,13.6000,1.799962
FILLER_1_125,VPWR,li1,65.7800,13.6000,1.799966
FILLER_1_113,VPWR,li1,60.2600,13.6000,1.799969
FILLER_1_111,VPWR,li1,56.8100,13.6000,1.799972
FILLER_1_105,VPWR,li1,55.2000,13.6000,1.799972
FILLER_1_93,VPWR,li1,51.0600,13.6000,1.799975
FILLER_1_81,VPWR,li1,45.5400,13.6000,1.799978
FILLER_1_69,VPWR,li1,40.0200,13.6000,1.799982
FILLER_1_57,VPWR,li1,34.5000,13.6000,1.799985
FILLER_1_55,VPWR,li1,31.0500,13.6000,1.799988
FILLER_1_51,VPWR,li1,29.9000,13.6000,1.799988
FILLER_1_39,VPWR,li1,26.2200,13.6000,1.799990
FILLER_1_27,VPWR,li1,20.7000,13.6000,1.799994
FILLER_1_15,VPWR,li1,15.1800,13.6000,1.799994
FILLER_1_3,VPWR,li1,9.6600,13.6000,1.799994
FILLER_0_553,VPWR,li1,260.1300,13.6000,1.799982
FILLER_0_545,VPWR,li1,258.0600,13.6000,1.799982
FILLER_0_533,VPWR,li1,253.4600,13.6000,1.799982
FILLER_0_529,VPWR,li1,249.5500,13.6000,1.799982
FILLER_0_517,VPWR,li1,246.1000,13.6000,1.799982
FILLER_0_505,VPWR,li1,240.5800,13.6000,1.799982
FILLER_0_501,VPWR,li1,236.6700,13.6000,1.799982
FILLER_0_489,VPWR,li1,233.2200,13.6000,1.799982
FILLER_0_477,VPWR,li1,227.7000,13.6000,1.799982
FILLER_0_473,VPWR,li1,223.7900,13.6000,1.799982
FILLER_0_461,VPWR,li1,220.3400,13.6000,1.799982
FILLER_0_449,VPWR,li1,214.8200,13.6000,1.799982
FILLER_0_445,VPWR,li1,210.9100,13.6000,1.799982
FILLER_0_433,VPWR,li1,207.4600,13.6000,1.799982
FILLER_0_421,VPWR,li1,201.9400,13.6000,1.799982
FILLER_0_418,VPWR,li1,198.2600,13.6000,1.799982
FILLER_0_410,VPWR,li1,195.9600,13.6000,1.799982
FILLER_0_398,VPWR,li1,191.3600,13.6000,1.799982
FILLER_0_393,VPWR,li1,186.7600,13.6000,1.799982
FILLER_0_385,VPWR,li1,183.3100,13.6000,1.799982
FILLER_0_377,VPWR,li1,179.8600,13.6000,1.799982
FILLER_0_370,VPWR,li1,176.6400,13.6000,1.799983
FILLER_0_365,VPWR,li1,173.8800,13.6000,1.799983
FILLER_0_363,VPWR,li1,172.7300,13.6000,1.799980
FILLER_0_356,VPWR,li1,170.2000,13.6000,1.799977
FILLER_0_351,VPWR,li1,167.4400,13.6000,1.799973
FILLER_0_343,VPWR,li1,165.1400,13.6000,1.799971
FILLER_0_337,VPWR,li1,161.0000,13.6000,1.799965
FILLER_0_335,VPWR,li1,159.8500,13.6000,1.799963
FILLER_0_329,VPWR,li1,157.5500,13.6000,1.799959
FILLER_0_321,VPWR,li1,154.1000,13.6000,1.799958
FILLER_0_314,VPWR,li1,150.8800,13.6000,1.799955
FILLER_0_309,VPWR,li1,148.1200,13.6000,1.799952
FILLER_0_300,VPWR,li1,144.4400,13.6000,1.799949
FILLER_0_294,VPWR,li1,141.4500,13.6000,1.799946
FILLER_0_286,VPWR,li1,138.0000,13.6000,1.799944
FILLER_0_281,VPWR,li1,135.2400,13.6000,1.799941
FILLER_0_279,VPWR,li1,134.0900,13.6000,1.799941
FILLER_0_272,VPWR,li1,131.5600,13.6000,1.799940
FILLER_0_267,VPWR,li1,128.8000,13.6000,1.799938
FILLER_0_259,VPWR,li1,126.5000,13.6000,1.799938
FILLER_0_253,VPWR,li1,122.3600,13.6000,1.799939
FILLER_0_245,VPWR,li1,118.9100,13.6000,1.799939
FILLER_0_237,VPWR,li1,116.3800,13.6000,1.799940
FILLER_0_225,VPWR,li1,111.7800,13.6000,1.799942
FILLER_0_221,VPWR,li1,107.8700,13.6000,1.799944
FILLER_0_209,VPWR,li1,104.4200,13.6000,1.799946
FILLER_0_197,VPWR,li1,98.9000,13.6000,1.799948
FILLER_0_193,VPWR,li1,94.9900,13.6000,1.799950
FILLER_0_181,VPWR,li1,91.5400,13.6000,1.799951
FILLER_0_169,VPWR,li1,86.0200,13.6000,1.799954
FILLER_0_165,VPWR,li1,82.1100,13.6000,1.799956
FILLER_0_153,VPWR,li1,78.6600,13.6000,1.799958
FILLER_0_141,VPWR,li1,73.1400,13.6000,1.799961
FILLER_0_137,VPWR,li1,69.2300,13.6000,1.799964
FILLER_0_125,VPWR,li1,65.7800,13.6000,1.799966
FILLER_0_113,VPWR,li1,60.2600,13.6000,1.799969
FILLER_0_109,VPWR,li1,56.3500,13.6000,1.799972
FILLER_0_97,VPWR,li1,52.9000,13.6000,1.799974
FILLER_0_85,VPWR,li1,47.3800,13.6000,1.799977
FILLER_0_81,VPWR,li1,43.4700,13.6000,1.799980
FILLER_0_69,VPWR,li1,40.0200,13.6000,1.799982
FILLER_0_57,VPWR,li1,34.5000,13.6000,1.799985
FILLER_0_53,VPWR,li1,30.5900,13.6000,1.799988
FILLER_0_41,VPWR,li1,27.1400,13.6000,1.799990
FILLER_0_29,VPWR,li1,21.6200,13.6000,1.799994
FILLER_0_27,VPWR,li1,18.1700,13.6000,1.799994
FILLER_0_15,VPWR,li1,15.1800,13.6000,1.799994
FILLER_0_3,VPWR,li1,9.6600,13.6000,1.799994
ANTENNA_5,VPWR,li1,11.0400,106.0800,1.799784
ANTENNA_4,VPWR,li1,10.1200,100.6400,1.799919
ANTENNA_3,VPWR,li1,221.7200,51.6800,1.799920
ANTENNA_2,VPWR,li1,78.2000,193.1200,1.799628
ANTENNA_1,VPWR,li1,253.0000,144.1600,1.799391
hold157,VPWR,li1,212.0600,165.9200,1.799480
hold156,VPWR,li1,215.7400,160.4800,1.799444
hold155,VPWR,li1,114.0800,95.2000,1.799611
hold153,VPWR,li1,127.4200,171.3600,1.799656
hold152,VPWR,li1,123.7400,144.1600,1.799319
hold151,VPWR,li1,104.8800,149.6000,1.799286
hold149,VPWR,li1,201.4800,182.2400,1.799592
hold148,VPWR,li1,171.1200,193.1200,1.799713
hold147,VPWR,li1,166.5200,171.3600,1.799801
hold146,VPWR,li1,231.8400,198.5600,1.799454
hold145,VPWR,li1,196.4200,144.1600,1.799614
hold144,VPWR,li1,184.0000,144.1600,1.799710
hold143,VPWR,li1,226.7800,182.2400,1.799474
hold142,VPWR,li1,149.5000,176.8000,1.799691
hold141,VPWR,li1,103.5000,127.8400,1.799212
hold140,VPWR,li1,143.9800,193.1200,1.799548
hold139,VPWR,li1,131.5600,138.7200,1.799648
hold138,VPWR,li1,35.4200,133.2800,1.799683
hold137,VPWR,li1,213.9000,182.2400,1.799522
hold136,VPWR,li1,201.0200,193.1200,1.799575
hold135,VPWR,li1,110.8600,149.6000,1.799314
hold134,VPWR,li1,136.6200,133.2800,1.799496
hold133,VPWR,li1,39.5600,138.7200,1.799747
hold132,VPWR,li1,219.4200,144.1600,1.799466
hold131,VPWR,li1,207.0000,155.0400,1.799184
hold130,VPWR,li1,119.6000,138.7200,1.799610
hold129,VPWR,li1,150.8800,182.2400,1.799662
hold128,VPWR,li1,218.9600,160.4800,1.799433
hold127,VPWR,li1,239.6600,187.6800,1.798917
hold126,VPWR,li1,213.9000,187.6800,1.799114
hold125,VPWR,li1,226.7800,171.3600,1.799408
hold124,VPWR,li1,157.3200,187.6800,1.799624
hold123,VPWR,li1,235.5200,198.5600,1.799453
hold122,VPWR,li1,195.0400,155.0400,1.799361
hold121,VPWR,li1,175.2600,24.4800,1.799979
hold120,VPWR,li1,27.1400,116.9600,1.799745
hold119,VPWR,li1,165.6000,187.6800,1.799670
hold118,VPWR,li1,216.2000,176.8000,1.799303
hold117,VPWR,li1,188.1400,193.1200,1.799632
hold116,VPWR,li1,191.8200,182.2400,1.799662
hold115,VPWR,li1,44.6200,127.8400,1.799541
hold114,VPWR,li1,154.5600,182.2400,1.799681
hold113,VPWR,li1,188.1400,176.8000,1.799538
hold112,VPWR,li1,158.2400,198.5600,1.799766
hold111,VPWR,li1,181.7000,182.2400,1.799757
hold110,VPWR,li1,68.0800,155.0400,1.799448
hold109,VPWR,li1,69.4600,155.0400,1.799440
hold108,VPWR,li1,138.0000,171.3600,1.799683
hold107,VPWR,li1,175.7200,160.4800,1.799780
hold106,VPWR,li1,178.0200,165.9200,1.799780
hold104,VPWR,li1,46.0000,149.6000,1.799443
hold103,VPWR,li1,59.8000,149.6000,1.799303
hold102,VPWR,li1,127.8800,138.7200,1.799635
hold101,VPWR,li1,98.9000,133.2800,1.799432
hold100,VPWR,li1,49.2200,138.7200,1.799707
hold99,VPWR,li1,84.6400,133.2800,1.799444
hold98,VPWR,li1,166.5200,182.2400,1.799751
hold97,VPWR,li1,201.0200,176.8000,1.799392
hold96,VPWR,li1,25.7600,133.2800,1.799803
hold95,VPWR,li1,64.4000,144.1600,1.799508
hold94,VPWR,li1,120.0600,127.8400,1.799244
hold93,VPWR,li1,27.6000,155.0400,1.799771
hold92,VPWR,li1,212.5200,176.8000,1.799315
hold91,VPWR,li1,55.6600,133.2800,1.799531
hold90,VPWR,li1,140.3000,165.9200,1.799636
hold89,VPWR,li1,226.7800,176.8000,1.799279
hold88,VPWR,li1,168.3600,24.4800,1.799968
hold87,VPWR,li1,172.9600,19.0400,1.799934
hold86,VPWR,li1,180.3200,35.3600,1.799960
hold85,VPWR,li1,184.0000,35.3600,1.799960
hold84,VPWR,li1,115.0000,133.2800,1.799439
hold83,VPWR,li1,11.5000,144.1600,1.799858
hold82,VPWR,li1,162.3800,40.8000,1.799914
hold81,VPWR,li1,89.2400,138.7200,1.799567
hold80,VPWR,li1,153.6400,35.3600,1.799894
hold79,VPWR,li1,140.7600,29.9200,1.799667
hold78,VPWR,li1,252.5400,149.6000,1.799579
hold77,VPWR,li1,144.9000,24.4800,1.799934
hold76,VPWR,li1,248.4000,138.7200,1.799546
hold75,VPWR,li1,252.5400,155.0400,1.798960
hold74,VPWR,li1,253.4600,160.4800,1.799321
hold73,VPWR,li1,253.0000,122.4000,1.799568
hold72,VPWR,li1,117.7600,24.4800,1.799928
hold71,VPWR,li1,127.8800,24.4800,1.799928
hold70,VPWR,li1,16.5600,111.5200,1.799893
hold69,VPWR,li1,16.5600,100.6400,1.799923
hold68,VPWR,li1,258.5200,133.2800,1.799127
hold67,VPWR,li1,258.5200,171.3600,1.799340
hold66,VPWR,li1,258.5200,149.6000,1.799576
hold65,VPWR,li1,255.7600,176.8000,1.799249
hold64,VPWR,li1,258.5200,182.2400,1.799453
hold63,VPWR,li1,257.6000,122.4000,1.799567
hold62,VPWR,li1,13.8000,57.1200,1.799843
hold61,VPWR,li1,258.5200,116.9600,1.799567
hold60,VPWR,li1,258.5200,133.2800,1.799127
hold59,VPWR,li1,258.5200,160.4800,1.799320
hold58,VPWR,li1,11.5000,89.7600,1.799896
hold57,VPWR,li1,20.7000,127.8400,1.799842
hold56,VPWR,li1,9.2000,116.9600,1.799803
hold55,VPWR,li1,11.9600,111.5200,1.799890
hold54,VPWR,li1,13.8000,46.2400,1.799922
hold53,VPWR,li1,149.5000,40.8000,1.799884
hold52,VPWR,li1,132.0200,133.2800,1.799479
hold51,VPWR,li1,119.6000,62.5600,1.799514
hold49,VPWR,li1,136.6200,116.9600,1.799531
hold48,VPWR,li1,149.5000,57.1200,1.799761
hold47,VPWR,li1,132.4800,127.8400,1.799293
hold46,VPWR,li1,140.3000,57.1200,1.799715
hold45,VPWR,li1,145.3600,62.5600,1.799656
hold44,VPWR,li1,23.0000,62.5600,1.799842
hold43,VPWR,li1,33.5800,62.5600,1.799715
hold42,VPWR,li1,24.8400,106.0800,1.799722
hold41,VPWR,li1,138.0000,106.0800,1.799360
hold40,VPWR,li1,20.2400,57.1200,1.799848
hold39,VPWR,li1,33.5800,127.8400,1.799670
hold38,VPWR,li1,142.1400,51.6800,1.799803
hold37,VPWR,li1,37.7200,106.0800,1.799505
hold36,VPWR,li1,34.0400,116.9600,1.799637
hold35,VPWR,li1,27.1400,84.3200,1.799839
hold34,VPWR,li1,37.7200,62.5600,1.799670
hold33,VPWR,li1,129.7200,111.5200,1.799409
hold32,VPWR,li1,22.5400,95.2000,1.799889
hold31,VPWR,li1,100.7400,73.4400,1.799579
hold30,VPWR,li1,59.3400,122.4000,1.799554
hold29,VPWR,li1,41.8600,95.2000,1.799749
hold28,VPWR,li1,55.2000,116.9600,1.799423
hold27,VPWR,li1,112.7000,116.9600,1.799408
hold26,VPWR,li1,132.4800,95.2000,1.799611
hold25,VPWR,li1,86.9400,127.8400,1.799245
hold24,VPWR,li1,75.9000,127.8400,1.799296
hold23,VPWR,li1,72.2200,133.2800,1.799467
hold22,VPWR,li1,106.2600,122.4000,1.799492
hold21,VPWR,li1,107.6400,84.3200,1.799416
hold20,VPWR,li1,46.4600,100.6400,1.799807
hold19,VPWR,li1,136.1600,95.2000,1.799613
hold18,VPWR,li1,92.4600,122.4000,1.799472
rebuffer5,VPWR,li1,102.5800,68.0000,1.799453
rebuffer4,VPWR,li1,129.2600,57.1200,1.799668
rebuffer3,VPWR,li1,233.4500,57.1200,1.799917
rebuffer2,VPWR,li1,133.6300,111.5200,1.799418
rebuffer1,VPWR,li1,118.9100,127.8400,1.799244
clkload30,VPWR,li1,242.1900,127.8400,1.798833
clkload29,VPWR,li1,195.7300,127.8400,1.799314
clkload28,VPWR,li1,163.5300,133.2800,1.799650
clkload27,VPWR,li1,167.6700,149.6000,1.799770
clkload26,VPWR,li1,188.1400,171.3600,1.799720
clkload25,VPWR,li1,208.6100,160.4800,1.799482
clkload24,VPWR,li1,223.1000,193.1200,1.799527
clkload23,VPWR,li1,164.9100,263.8400,1.799981
clkload22,VPWR,li1,175.4900,209.4400,1.799838
clkload21,VPWR,li1,135.7000,160.4800,1.799516
clkload20,VPWR,li1,116.1500,176.8000,1.799661
clkload19,VPWR,li1,99.1300,209.4400,1.799433
clkload18,VPWR,li1,114.7700,247.5200,1.799933
clkload17,VPWR,li1,91.7700,231.2000,1.799678
clkload16,VPWR,li1,119.3700,29.9200,1.799636
clkload15,VPWR,li1,104.6500,89.7600,1.799570
clkload14,VPWR,li1,123.5100,111.5200,1.799397
clkload13,VPWR,li1,138.6900,111.5200,1.799429
clkload12,VPWR,li1,141.6800,68.0000,1.799587
clkload11,VPWR,li1,168.5900,29.9200,1.799839
clkload10,VPWR,li1,113.3900,149.6000,1.799336
clkload9,VPWR,li1,26.2200,100.6400,1.799910
clkload8,VPWR,li1,28.9800,57.1200,1.799728
clkload7,VPWR,li1,20.4700,144.1600,1.799873
clkload6,VPWR,li1,71.7600,149.6000,1.799248
clkload5,VPWR,li1,96.8300,122.4000,1.799475
clkload4,VPWR,li1,58.6500,111.5200,1.799561
clkload3,VPWR,li1,16.5600,122.4000,1.799872
clkload2,VPWR,li1,191.8200,155.0400,1.799397
clkload1,VPWR,li1,136.6200,209.4400,1.799490
clkload0,VPWR,li1,63.0200,116.9600,1.799371
clkbuf_2_3__f_clk,VPWR,li1,199.6400,155.0400,1.799262
clkbuf_2_2__f_clk,VPWR,li1,139.8400,204.0000,1.799332
clkbuf_2_1__f_clk,VPWR,li1,137.0800,84.3200,1.799449
clkbuf_2_0__f_clk,VPWR,li1,62.1000,116.9600,1.799371
clkbuf_0_clk,VPWR,li1,129.7200,144.1600,1.799330
clkbuf_leaf_32_clk,VPWR,li1,27.3700,95.2000,1.799833
clkbuf_leaf_31_clk,VPWR,li1,34.2700,57.1200,1.799678
clkbuf_leaf_30_clk,VPWR,li1,124.4300,29.9200,1.799630
clkbuf_leaf_29_clk,VPWR,li1,105.5700,84.3200,1.799415
clkbuf_leaf_28_clk,VPWR,li1,124.4300,106.0800,1.799262
clkbuf_leaf_27_clk,VPWR,li1,139.6100,111.5200,1.799429
clkbuf_leaf_26_clk,VPWR,li1,145.1300,68.0000,1.799604
clkbuf_leaf_25_clk,VPWR,li1,143.2900,29.9200,1.799674
clkbuf_leaf_24_clk,VPWR,li1,172.2700,29.9200,1.799856
clkbuf_leaf_22_clk,VPWR,li1,246.3300,127.8400,1.798817
clkbuf_leaf_21_clk,VPWR,li1,195.7300,133.2800,1.799404
clkbuf_leaf_20_clk,VPWR,li1,163.0700,127.8400,1.799492
clkbuf_leaf_19_clk,VPWR,li1,168.5900,155.0400,1.799628
clkbuf_leaf_18_clk,VPWR,li1,189.2900,176.8000,1.799538
clkbuf_leaf_17_clk,VPWR,li1,207.2300,149.6000,1.799645
clkbuf_leaf_16_clk,VPWR,li1,244.9500,160.4800,1.799325
clkbuf_leaf_15_clk,VPWR,li1,225.1700,187.6800,1.798986
clkbuf_leaf_14_clk,VPWR,li1,165.8300,258.4000,1.799893
clkbuf_leaf_13_clk,VPWR,li1,176.4100,204.0000,1.799758
clkbuf_leaf_12_clk,VPWR,li1,163.0700,187.6800,1.799651
clkbuf_leaf_11_clk,VPWR,li1,137.3100,160.4800,1.799516
clkbuf_leaf_10_clk,VPWR,li1,117.0700,182.2400,1.799599
clkbuf_leaf_9_clk,VPWR,li1,100.0500,209.4400,1.799433
clkbuf_leaf_8_clk,VPWR,li1,115.6900,252.9600,1.799839
clkbuf_leaf_7_clk,VPWR,li1,92.6900,236.6400,1.799699
clkbuf_leaf_6_clk,VPWR,li1,21.3900,149.6000,1.799777
clkbuf_leaf_5_clk,VPWR,li1,75.2100,149.6000,1.799231
clkbuf_leaf_4_clk,VPWR,li1,113.3900,144.1600,1.799303
clkbuf_leaf_3_clk,VPWR,li1,98.6700,127.8400,1.799207
clkbuf_leaf_2_clk,VPWR,li1,60.0300,106.0800,1.799241
clkbuf_leaf_1_clk,VPWR,li1,50.3700,127.8400,1.799474
clkbuf_leaf_0_clk,VPWR,li1,17.7100,116.9600,1.799807
fanout275,VPWR,li1,14.7200,182.2400,1.799920
fanout274,VPWR,li1,73.1400,193.1200,1.799639
fanout273,VPWR,li1,8.2800,182.2400,1.799918
fanout272,VPWR,li1,62.1000,182.2400,1.799741
fanout271,VPWR,li1,11.5000,187.6800,1.799877
fanout270,VPWR,li1,61.1800,176.8000,1.799721
fanout269,VPWR,li1,17.4800,231.2000,1.799953
fanout268,VPWR,li1,15.6400,231.2000,1.799953
fanout267,VPWR,li1,12.8800,193.1200,1.799883
fanout266,VPWR,li1,62.1000,193.1200,1.799665
fanout265,VPWR,li1,68.0800,193.1200,1.799650
fanout264,VPWR,li1,10.5800,214.8800,1.799867
fanout263,VPWR,li1,10.1200,220.3200,1.799887
fanout262,VPWR,li1,51.0600,198.5600,1.799784
fanout261,VPWR,li1,41.4000,204.0000,1.799693
fanout260,VPWR,li1,10.1200,176.8000,1.799906
fanout259,VPWR,li1,9.6600,182.2400,1.799918
fanout258,VPWR,li1,11.9600,198.5600,1.799939
fanout257,VPWR,li1,49.2200,204.0000,1.799636
fanout256,VPWR,li1,25.7600,204.0000,1.799837
fanout255,VPWR,li1,80.9600,193.1200,1.799622
fanout254,VPWR,li1,17.4800,204.0000,1.799893
fanout253,VPWR,li1,11.9600,155.0400,1.799853
fanout252,VPWR,li1,138.4600,171.3600,1.799683
fanout251,VPWR,li1,239.2000,182.2400,1.799460
fanout250,VPWR,li1,243.3400,155.0400,1.798971
fanout249,VPWR,li1,204.7000,182.2400,1.799576
fanout248,VPWR,li1,204.2400,176.8000,1.799364
fanout247,VPWR,li1,136.1600,171.3600,1.799677
fanout246,VPWR,li1,169.2800,187.6800,1.799686
fanout245,VPWR,li1,170.6600,182.2400,1.799778
fanout244,VPWR,li1,143.5200,176.8000,1.799683
fanout243,VPWR,li1,144.4400,171.3600,1.799707
fanout242,VPWR,li1,147.2000,133.2800,1.799545
fanout241,VPWR,li1,206.0800,133.2800,1.799283
fanout240,VPWR,li1,141.2200,133.2800,1.799515
fanout239,VPWR,li1,137.5400,78.8800,1.799625
fanout238,VPWR,li1,137.5400,73.4400,1.799690
fanout237,VPWR,li1,142.1400,40.8000,1.799865
fanout236,VPWR,li1,17.0200,155.0400,1.799854
fanout235,VPWR,li1,110.4000,198.5600,1.799695
fanout234,VPWR,li1,115.4600,187.6800,1.799536
fanout233,VPWR,li1,74.9800,165.9200,1.799613
fanout232,VPWR,li1,14.2600,155.0400,1.799853
fanout231,VPWR,li1,97.5200,138.7200,1.799569
fanout230,VPWR,li1,89.7000,144.1600,1.799373
fanout229,VPWR,li1,114.0800,138.7200,1.799596
fanout228,VPWR,li1,110.8600,100.6400,1.799653
fanout227,VPWR,li1,22.5400,73.4400,1.799838
fanout226,VPWR,li1,19.7800,138.7200,1.799893
fanout225,VPWR,li1,52.4400,138.7200,1.799688
fanout224,VPWR,li1,17.4800,138.7200,1.799891
fanout223,VPWR,li1,20.2400,133.2800,1.799859
fanout222,VPWR,li1,15.1800,111.5200,1.799891
fanout221,VPWR,li1,66.2400,193.1200,1.799655
fanout220,VPWR,li1,8.2800,214.8800,1.799867
fanout219,VPWR,li1,54.2800,193.1200,1.799687
fanout218,VPWR,li1,8.2800,220.3200,1.799886
fanout217,VPWR,li1,67.6200,204.0000,1.799507
fanout216,VPWR,li1,14.2600,220.3200,1.799888
fanout215,VPWR,li1,53.3600,204.0000,1.799605
fanout214,VPWR,li1,13.8000,198.5600,1.799939
fanout213,VPWR,li1,103.9600,247.5200,1.799939
fanout212,VPWR,li1,71.3000,231.2000,1.799750
fanout211,VPWR,li1,124.6600,127.8400,1.799262
fanout210,VPWR,li1,126.9600,133.2800,1.799461
fanout209,VPWR,li1,73.6000,144.1600,1.799452
fanout208,VPWR,li1,45.5400,138.7200,1.799718
fanout207,VPWR,li1,132.9400,106.0800,1.799320
fanout206,VPWR,li1,84.6400,133.2800,1.799444
fanout205,VPWR,li1,178.4800,62.5600,1.799823
fanout204,VPWR,li1,161.0000,111.5200,1.799570
fanout203,VPWR,li1,167.9000,122.4000,1.799766
fanout202,VPWR,li1,178.4800,57.1200,1.799925
fanout201,VPWR,li1,154.5600,116.9600,1.799638
fanout200,VPWR,li1,159.1600,73.4400,1.799795
fanout199,VPWR,li1,164.2200,78.8800,1.799767
fanout198,VPWR,li1,167.4400,73.4400,1.799845
fanout197,VPWR,li1,210.4500,68.0000,1.799745
fanout196,VPWR,li1,157.3200,73.4400,1.799780
fanout195,VPWR,li1,171.5800,68.0000,1.799825
fanout194,VPWR,li1,218.5000,68.0000,1.799739
fanout193,VPWR,li1,169.7400,84.3200,1.799718
fanout192,VPWR,li1,213.6700,116.9600,1.799628
fanout191,VPWR,li1,188.6000,84.3200,1.799643
fanout190,VPWR,li1,183.5400,144.1600,1.799710
fanout189,VPWR,li1,176.1800,149.6000,1.799824
fanout188,VPWR,li1,174.3400,149.6000,1.799835
fanout187,VPWR,li1,193.6600,84.3200,1.799598
fanout186,VPWR,li1,169.2800,144.1600,1.799715
fanout185,VPWR,li1,218.9600,84.3200,1.799437
fanout184,VPWR,li1,221.9500,89.7600,1.799535
fanout183,VPWR,li1,171.1200,122.4000,1.799796
fanout182,VPWR,li1,164.6800,111.5200,1.799609
fanout181,VPWR,li1,179.8600,100.6400,1.799523
fanout180,VPWR,li1,212.9800,111.5200,1.799354
fanout179,VPWR,li1,208.8400,116.9600,1.799637
fanout178,VPWR,li1,183.0800,62.5600,1.799771
fanout177,VPWR,li1,130.1800,187.6800,1.799539
fanout176,VPWR,li1,125.5800,220.3200,1.799383
fanout175,VPWR,li1,118.6800,193.1200,1.799551
fanout174,VPWR,li1,144.2100,258.4000,1.799857
fanout173,VPWR,li1,116.3800,204.0000,1.799335
fanout172,VPWR,li1,172.2700,258.4000,1.799926
fanout171,VPWR,li1,115.4600,225.7600,1.799695
fanout170,VPWR,li1,196.4200,220.3200,1.799109
fanout169,VPWR,li1,112.7000,220.3200,1.799381
fanout168,VPWR,li1,120.5200,236.6400,1.799677
fanout167,VPWR,li1,166.0600,225.7600,1.799681
fanout166,VPWR,li1,200.1000,252.9600,1.799936
fanout165,VPWR,li1,172.0400,214.8800,1.799778
fanout164,VPWR,li1,123.2800,100.6400,1.799644
fanout163,VPWR,li1,126.9600,100.6400,1.799642
fanout162,VPWR,li1,41.8600,46.2400,1.799833
fanout161,VPWR,li1,123.2800,78.8800,1.799582
fanout160,VPWR,li1,125.5800,68.0000,1.799514
fanout159,VPWR,li1,67.1600,84.3200,1.799564
fanout158,VPWR,li1,77.2800,35.3600,1.799826
fanout157,VPWR,li1,77.5100,89.7600,1.799621
fanout156,VPWR,li1,82.3400,35.3600,1.799824
fanout155,VPWR,li1,98.9000,95.2000,1.799622
fanout154,VPWR,li1,91.5400,95.2000,1.799629
fanout153,VPWR,li1,100.9700,100.6400,1.799671
fanout152,VPWR,li1,99.3600,100.6400,1.799671
fanout151,VPWR,li1,236.4400,122.4000,1.799593
fanout150,VPWR,li1,234.6000,122.4000,1.799598
fanout149,VPWR,li1,228.1600,144.1600,1.799440
fanout148,VPWR,li1,230.9200,138.7200,1.799577
fanout147,VPWR,li1,217.1200,149.6000,1.799629
fanout146,VPWR,li1,187.2200,127.8400,1.799457
fanout145,VPWR,li1,181.2400,149.6000,1.799792
fanout144,VPWR,li1,161.9200,144.1600,1.799633
fanout143,VPWR,li1,127.4200,35.3600,1.799835
fanout142,VPWR,li1,135.2400,138.7200,1.799657
fanout141,VPWR,li1,132.9400,133.2800,1.799479
fanout140,VPWR,li1,178.0200,171.3600,1.799819
fanout139,VPWR,li1,201.4800,171.3600,1.799592
fanout138,VPWR,li1,132.9400,171.3600,1.799669
fanout137,VPWR,li1,130.1800,106.0800,1.799306
fanout136,VPWR,li1,120.0600,122.4000,1.799540
fanout135,VPWR,li1,119.6000,116.9600,1.799442
fanout134,VPWR,li1,121.9000,116.9600,1.799452
fanout133,VPWR,li1,76.8200,122.4000,1.799488
fanout132,VPWR,li1,49.4500,122.4000,1.799620
fanout131,VPWR,li1,166.9800,220.3200,1.799555
fanout130,VPWR,li1,122.8200,236.6400,1.799677
fanout129,VPWR,li1,120.5200,236.6400,1.799677
fanout128,VPWR,li1,118.6800,236.6400,1.799676
fanout127,VPWR,li1,132.0200,258.4000,1.799849
fanout126,VPWR,li1,130.1800,252.9600,1.799863
fanout125,VPWR,li1,135.7000,258.4000,1.799852
fanout124,VPWR,li1,133.8600,258.4000,1.799850
fanout123,VPWR,li1,194.3500,252.9600,1.799940
fanout122,VPWR,li1,133.4000,247.5200,1.799928
fanout121,VPWR,li1,181.7000,258.4000,1.799938
fanout120,VPWR,li1,169.2800,258.4000,1.799910
fanout119,VPWR,li1,194.5800,263.8400,1.799989
fanout118,VPWR,li1,166.9800,258.4000,1.799893
fanout117,VPWR,li1,200.1000,258.4000,1.799933
fanout116,VPWR,li1,154.5600,62.5600,1.799705
fanout115,VPWR,li1,156.4000,62.5600,1.799726
fanout114,VPWR,li1,149.0400,51.6800,1.799832
fanout113,VPWR,li1,105.3400,19.0400,1.799813
fanout112,VPWR,li1,134.3200,46.2400,1.799784
fanout111,VPWR,li1,97.5200,19.0400,1.799823
fanout110,VPWR,li1,130.1800,46.2400,1.799776
fanout109,VPWR,li1,106.7200,29.9200,1.799663
fanout108,VPWR,li1,113.1600,40.8000,1.799836
fanout107,VPWR,li1,80.0400,19.0400,1.799848
fanout106,VPWR,li1,87.8600,84.3200,1.799475
fanout105,VPWR,li1,92.0000,46.2400,1.799735
fanout104,VPWR,li1,156.8600,68.0000,1.799689
fanout103,VPWR,li1,67.6200,29.9200,1.799765
fanout102,VPWR,li1,69.4600,89.7600,1.799641
fanout101,VPWR,li1,69.0000,84.3200,1.799554
fanout100,VPWR,li1,120.5200,144.1600,1.799312
fanout99,VPWR,li1,109.9400,149.6000,1.799314
fanout98,VPWR,li1,235.9800,144.1600,1.799410
fanout97,VPWR,li1,190.4400,133.2800,1.799470
fanout96,VPWR,li1,145.3600,198.5600,1.799728
fanout95,VPWR,li1,135.7000,193.1200,1.799540
fanout94,VPWR,li1,177.1000,198.5600,1.799821
fanout93,VPWR,li1,162.8400,176.8000,1.799725
fanout92,VPWR,li1,160.5400,176.8000,1.799718
fanout91,VPWR,li1,247.4800,155.0400,1.798965
fanout90,VPWR,li1,123.0500,171.3600,1.799650
fanout89,VPWR,li1,84.1800,144.1600,1.799396
fanout88,VPWR,li1,71.7600,155.0400,1.799433
max_cap87,VPWR,li1,94.0700,182.2400,1.799652
max_cap86,VPWR,li1,90.8500,182.2400,1.799657
fanout85,VPWR,li1,195.5000,182.2400,1.799644
fanout84,VPWR,li1,180.7800,187.6800,1.799682
fanout83,VPWR,li1,132.0200,95.2000,1.799611
fanout82,VPWR,li1,161.4600,149.6000,1.799703
fanout81,VPWR,li1,149.9600,149.6000,1.799615
fanout80,VPWR,li1,120.0600,149.6000,1.799373
fanout79,VPWR,li1,126.9600,144.1600,1.799326
fanout78,VPWR,li1,216.6600,187.6800,1.799076
fanout77,VPWR,li1,209.3000,165.9200,1.799490
fanout76,VPWR,li1,127.4200,95.2000,1.799610
fanout75,VPWR,li1,146.7400,165.9200,1.799660
fanout74,VPWR,li1,155.0200,155.0400,1.799536
max_cap73,VPWR,li1,69.2300,176.8000,1.799702
output72,VPWR,li1,181.7000,13.6000,1.799982
output71,VPWR,li1,184.9200,13.6000,1.799982
output70,VPWR,li1,7.8200,84.3200,1.799870
output69,VPWR,li1,7.8200,51.6800,1.799919
output68,VPWR,li1,7.8200,46.2400,1.799920
output67,VPWR,li1,7.8200,106.0800,1.799783
output66,VPWR,li1,120.5200,13.6000,1.799939
output65,VPWR,li1,123.7400,13.6000,1.799938
output64,VPWR,li1,155.9400,13.6000,1.799959
output63,VPWR,li1,259.4400,144.1600,1.799387
output62,VPWR,li1,255.7600,171.3600,1.799340
output61,VPWR,li1,162.3800,13.6000,1.799965
output60,VPWR,li1,259.4400,138.7200,1.799539
output59,VPWR,li1,259.4400,165.9200,1.799340
output58,VPWR,li1,259.4400,155.0400,1.798956
output57,VPWR,li1,251.6200,116.9600,1.799570
output56,VPWR,li1,259.4400,176.8000,1.799248
output55,VPWR,li1,249.3200,122.4000,1.799572
output54,VPWR,li1,259.4400,182.2400,1.799453
output53,VPWR,li1,259.4400,111.5200,1.799269
output52,VPWR,li1,162.3800,263.8400,1.799979
output51,VPWR,li1,255.7600,133.2800,1.799128
output50,VPWR,li1,146.2800,13.6000,1.799950
output49,VPWR,li1,255.7600,149.6000,1.799577
output48,VPWR,li1,143.0600,263.8400,1.799972
output47,VPWR,li1,259.4400,160.4800,1.799320
output46,VPWR,li1,259.4400,149.6000,1.799576
output45,VPWR,li1,136.6200,263.8400,1.799972
output44,VPWR,li1,7.8200,122.4000,1.799868
output43,VPWR,li1,7.8200,165.9200,1.799886
output42,VPWR,li1,7.8200,111.5200,1.799888
output41,VPWR,li1,9.6600,111.5200,1.799889
output40,VPWR,li1,9.6600,106.0800,1.799784
output39,VPWR,li1,139.8400,13.6000,1.799946
input38,VPWR,li1,7.5900,176.8000,1.799906
input37,VPWR,li1,178.2500,13.6000,1.799982
input36,VPWR,li1,175.0300,13.6000,1.799983
input35,VPWR,li1,187.9100,13.6000,1.799982
input34,VPWR,li1,171.8100,13.6000,1.799980
input33,VPWR,li1,168.5900,13.6000,1.799973
input32,VPWR,li1,155.7100,263.8400,1.799976
input31,VPWR,li1,184.6900,263.8400,1.799990
input30,VPWR,li1,158.9300,263.8400,1.799978
input29,VPWR,li1,117.0700,263.8400,1.799974
input28,VPWR,li1,113.8500,263.8400,1.799975
input27,VPWR,li1,120.2900,263.8400,1.799974
input26,VPWR,li1,107.4100,263.8400,1.799976
input25,VPWR,li1,110.6300,263.8400,1.799975
input24,VPWR,li1,7.5900,204.0000,1.799892
input23,VPWR,li1,8.9700,187.6800,1.799877
input22,VPWR,li1,7.5900,198.5600,1.799938
input21,VPWR,li1,7.5900,198.5600,1.799938
input20,VPWR,li1,7.5900,209.4400,1.799879
input19,VPWR,li1,7.5900,225.7600,1.799950
input18,VPWR,li1,7.5900,171.3600,1.799913
input17,VPWR,li1,7.5900,187.6800,1.799877
input16,VPWR,li1,7.5900,100.6400,1.799919
input15,VPWR,li1,158.9300,13.6000,1.799963
input14,VPWR,li1,152.4900,13.6000,1.799955
input13,VPWR,li1,136.3900,13.6000,1.799943
input12,VPWR,li1,133.1700,13.6000,1.799940
input11,VPWR,li1,129.9500,13.6000,1.799938
input10,VPWR,li1,142.8300,13.6000,1.799947
input9,VPWR,li1,149.2700,13.6000,1.799952
input8,VPWR,li1,100.9700,263.8400,1.799978
input7,VPWR,li1,7.5900,209.4400,1.799879
input6,VPWR,li1,7.5900,220.3200,1.799886
input5,VPWR,li1,8.9700,220.3200,1.799886
input4,VPWR,li1,10.3500,220.3200,1.799887
input3,VPWR,li1,7.5900,204.0000,1.799892
input2,VPWR,li1,7.5900,193.1200,1.799882
input1,VPWR,li1,7.5900,187.6800,1.799877
TAP_TAPCELL_ROW_93_1099,VPWR,li1,250.4700,264.1460,1.799989
TAP_TAPCELL_ROW_93_1098,VPWR,li1,237.5900,264.1460,1.799989
TAP_TAPCELL_ROW_93_1097,VPWR,li1,224.7100,264.1460,1.799989
TAP_TAPCELL_ROW_93_1096,VPWR,li1,211.8300,264.1460,1.799989
TAP_TAPCELL_ROW_93_1095,VPWR,li1,198.9500,264.1460,1.799989
TAP_TAPCELL_ROW_93_1094,VPWR,li1,186.0700,264.1460,1.799990
TAP_TAPCELL_ROW_93_1093,VPWR,li1,173.1900,264.1460,1.799988
TAP_TAPCELL_ROW_93_1092,VPWR,li1,160.3100,264.1460,1.799978
TAP_TAPCELL_ROW_93_1091,VPWR,li1,147.4300,264.1460,1.799974
TAP_TAPCELL_ROW_93_1090,VPWR,li1,134.5500,264.1460,1.799972
TAP_TAPCELL_ROW_93_1089,VPWR,li1,121.6700,264.1460,1.799973
TAP_TAPCELL_ROW_93_1088,VPWR,li1,108.7900,264.1460,1.799976
TAP_TAPCELL_ROW_93_1087,VPWR,li1,95.9100,264.1460,1.799979
TAP_TAPCELL_ROW_93_1086,VPWR,li1,83.0300,264.1460,1.799982
TAP_TAPCELL_ROW_93_1085,VPWR,li1,70.1500,264.1460,1.799985
TAP_TAPCELL_ROW_93_1084,VPWR,li1,57.2700,264.1460,1.799989
TAP_TAPCELL_ROW_93_1083,VPWR,li1,44.3900,264.1460,1.799992
TAP_TAPCELL_ROW_93_1082,VPWR,li1,31.5100,264.1460,1.799995
TAP_TAPCELL_ROW_93_1081,VPWR,li1,18.6300,264.1460,1.799997
TAP_TAPCELL_ROW_92_1080,VPWR,li1,250.4700,263.5330,1.799989
TAP_TAPCELL_ROW_92_1079,VPWR,li1,224.7100,263.5330,1.799989
TAP_TAPCELL_ROW_92_1078,VPWR,li1,198.9500,263.5330,1.799989
TAP_TAPCELL_ROW_92_1077,VPWR,li1,173.1900,263.5330,1.799988
TAP_TAPCELL_ROW_92_1076,VPWR,li1,147.4300,263.5330,1.799974
TAP_TAPCELL_ROW_92_1075,VPWR,li1,121.6700,263.5330,1.799973
TAP_TAPCELL_ROW_92_1074,VPWR,li1,95.9100,263.5330,1.799979
TAP_TAPCELL_ROW_92_1073,VPWR,li1,70.1500,263.5330,1.799985
TAP_TAPCELL_ROW_92_1072,VPWR,li1,44.3900,263.5330,1.799992
TAP_TAPCELL_ROW_92_1071,VPWR,li1,18.6300,263.5330,1.799997
TAP_TAPCELL_ROW_91_1070,VPWR,li1,237.5900,258.7060,1.799933
TAP_TAPCELL_ROW_91_1069,VPWR,li1,211.8300,258.7060,1.799933
TAP_TAPCELL_ROW_91_1068,VPWR,li1,186.0700,258.7060,1.799936
TAP_TAPCELL_ROW_91_1067,VPWR,li1,160.3100,258.7060,1.799880
TAP_TAPCELL_ROW_91_1066,VPWR,li1,134.5500,258.7060,1.799850
TAP_TAPCELL_ROW_91_1065,VPWR,li1,108.7900,258.7060,1.799862
TAP_TAPCELL_ROW_91_1064,VPWR,li1,83.0300,258.7060,1.799898
TAP_TAPCELL_ROW_91_1063,VPWR,li1,57.2700,258.7060,1.799934
TAP_TAPCELL_ROW_91_1062,VPWR,li1,31.5100,258.7060,1.799973
TAP_TAPCELL_ROW_90_1061,VPWR,li1,250.4700,258.0930,1.799933
TAP_TAPCELL_ROW_90_1060,VPWR,li1,224.7100,258.0930,1.799933
TAP_TAPCELL_ROW_90_1059,VPWR,li1,198.9500,258.0930,1.799933
TAP_TAPCELL_ROW_90_1058,VPWR,li1,173.1900,258.0930,1.799926
TAP_TAPCELL_ROW_90_1057,VPWR,li1,147.4300,258.0930,1.799861
TAP_TAPCELL_ROW_90_1056,VPWR,li1,121.6700,258.0930,1.799848
TAP_TAPCELL_ROW_90_1055,VPWR,li1,95.9100,258.0930,1.799880
TAP_TAPCELL_ROW_90_1054,VPWR,li1,70.1500,258.0930,1.799916
TAP_TAPCELL_ROW_90_1053,VPWR,li1,44.3900,258.0930,1.799953
TAP_TAPCELL_ROW_90_1052,VPWR,li1,18.6300,258.0930,1.799986
TAP_TAPCELL_ROW_89_1051,VPWR,li1,237.5900,253.2660,1.799927
TAP_TAPCELL_ROW_89_1050,VPWR,li1,211.8300,253.2660,1.799930
TAP_TAPCELL_ROW_89_1049,VPWR,li1,186.0700,253.2660,1.799947
TAP_TAPCELL_ROW_89_1048,VPWR,li1,160.3100,253.2660,1.799921
TAP_TAPCELL_ROW_89_1047,VPWR,li1,134.5500,253.2660,1.799871
TAP_TAPCELL_ROW_89_1046,VPWR,li1,108.7900,253.2660,1.799846
TAP_TAPCELL_ROW_89_1045,VPWR,li1,83.0300,253.2660,1.799885
TAP_TAPCELL_ROW_89_1044,VPWR,li1,57.2700,253.2660,1.799926
TAP_TAPCELL_ROW_89_1043,VPWR,li1,31.5100,253.2660,1.799969
TAP_TAPCELL_ROW_88_1042,VPWR,li1,250.4700,252.6530,1.799927
TAP_TAPCELL_ROW_88_1041,VPWR,li1,224.7100,252.6530,1.799927
TAP_TAPCELL_ROW_88_1040,VPWR,li1,198.9500,252.6530,1.799936
TAP_TAPCELL_ROW_88_1039,VPWR,li1,173.1900,252.6530,1.799954
TAP_TAPCELL_ROW_88_1038,VPWR,li1,147.4300,252.6530,1.799896
TAP_TAPCELL_ROW_88_1037,VPWR,li1,121.6700,252.6530,1.799849
TAP_TAPCELL_ROW_88_1036,VPWR,li1,95.9100,252.6530,1.799864
TAP_TAPCELL_ROW_88_1035,VPWR,li1,70.1500,252.6530,1.799905
TAP_TAPCELL_ROW_88_1034,VPWR,li1,44.3900,252.6530,1.799946
TAP_TAPCELL_ROW_88_1033,VPWR,li1,18.6300,252.6530,1.799984
TAP_TAPCELL_ROW_87_1032,VPWR,li1,237.5900,247.8260,1.799690
TAP_TAPCELL_ROW_87_1031,VPWR,li1,211.8300,247.8260,1.799706
TAP_TAPCELL_ROW_87_1030,VPWR,li1,186.0700,247.8260,1.799857
TAP_TAPCELL_ROW_87_1029,VPWR,li1,160.3100,247.8260,1.799926
TAP_TAPCELL_ROW_87_1028,VPWR,li1,134.5500,247.8260,1.799928
TAP_TAPCELL_ROW_87_1027,VPWR,li1,108.7900,247.8260,1.799936
TAP_TAPCELL_ROW_87_1026,VPWR,li1,83.0300,247.8260,1.799953
TAP_TAPCELL_ROW_87_1025,VPWR,li1,57.2700,247.8260,1.799970
TAP_TAPCELL_ROW_87_1024,VPWR,li1,31.5100,247.8260,1.799987
TAP_TAPCELL_ROW_86_1023,VPWR,li1,250.4700,247.2130,1.799690
TAP_TAPCELL_ROW_86_1022,VPWR,li1,224.7100,247.2130,1.799690
TAP_TAPCELL_ROW_86_1021,VPWR,li1,198.9500,247.2130,1.799781
TAP_TAPCELL_ROW_86_1020,VPWR,li1,173.1900,247.2130,1.799929
TAP_TAPCELL_ROW_86_1019,VPWR,li1,147.4300,247.2130,1.799927
TAP_TAPCELL_ROW_86_1018,VPWR,li1,121.6700,247.2130,1.799931
TAP_TAPCELL_ROW_86_1017,VPWR,li1,95.9100,247.2130,1.799944
TAP_TAPCELL_ROW_86_1016,VPWR,li1,70.1500,247.2130,1.799961
TAP_TAPCELL_ROW_86_1015,VPWR,li1,44.3900,247.2130,1.799978
TAP_TAPCELL_ROW_86_1014,VPWR,li1,18.6300,247.2130,1.799993
TAP_TAPCELL_ROW_85_1013,VPWR,li1,237.5900,242.3860,1.799740
TAP_TAPCELL_ROW_85_1012,VPWR,li1,211.8300,242.3860,1.799748
TAP_TAPCELL_ROW_85_1011,VPWR,li1,186.0700,242.3860,1.799838
TAP_TAPCELL_ROW_85_1010,VPWR,li1,160.3100,242.3860,1.799894
TAP_TAPCELL_ROW_85_1009,VPWR,li1,134.5500,242.3860,1.799904
TAP_TAPCELL_ROW_85_1008,VPWR,li1,108.7900,242.3860,1.799922
TAP_TAPCELL_ROW_85_1007,VPWR,li1,83.0300,242.3860,1.799943
TAP_TAPCELL_ROW_85_1006,VPWR,li1,57.2700,242.3860,1.799963
TAP_TAPCELL_ROW_85_1005,VPWR,li1,31.5100,242.3860,1.799985
TAP_TAPCELL_ROW_84_1004,VPWR,li1,250.4700,241.7730,1.799740
TAP_TAPCELL_ROW_84_1003,VPWR,li1,224.7100,241.7730,1.799740
TAP_TAPCELL_ROW_84_1002,VPWR,li1,198.9500,241.7730,1.799787
TAP_TAPCELL_ROW_84_1001,VPWR,li1,173.1900,241.7730,1.799900
TAP_TAPCELL_ROW_84_1000,VPWR,li1,147.4300,241.7730,1.799898
TAP_TAPCELL_ROW_84_999,VPWR,li1,121.6700,241.7730,1.799913
TAP_TAPCELL_ROW_84_998,VPWR,li1,95.9100,241.7730,1.799932
TAP_TAPCELL_ROW_84_997,VPWR,li1,70.1500,241.7730,1.799953
TAP_TAPCELL_ROW_84_996,VPWR,li1,44.3900,241.7730,1.799973
TAP_TAPCELL_ROW_84_995,VPWR,li1,18.6300,241.7730,1.799992
TAP_TAPCELL_ROW_83_994,VPWR,li1,237.5900,236.9460,1.799664
TAP_TAPCELL_ROW_83_993,VPWR,li1,211.8300,236.9460,1.799676
TAP_TAPCELL_ROW_83_992,VPWR,li1,186.0700,236.9460,1.799777
TAP_TAPCELL_ROW_83_991,VPWR,li1,160.3100,236.9460,1.799753
TAP_TAPCELL_ROW_83_990,VPWR,li1,134.5500,236.9460,1.799683
TAP_TAPCELL_ROW_83_989,VPWR,li1,108.7900,236.9460,1.799679
TAP_TAPCELL_ROW_83_988,VPWR,li1,83.0300,236.9460,1.799731
TAP_TAPCELL_ROW_83_987,VPWR,li1,57.2700,236.9460,1.799827
TAP_TAPCELL_ROW_83_986,VPWR,li1,31.5100,236.9460,1.799929
TAP_TAPCELL_ROW_82_985,VPWR,li1,250.4700,236.3330,1.799664
TAP_TAPCELL_ROW_82_984,VPWR,li1,224.7100,236.3330,1.799664
TAP_TAPCELL_ROW_82_983,VPWR,li1,198.9500,236.3330,1.799722
TAP_TAPCELL_ROW_82_982,VPWR,li1,173.1900,236.3330,1.799832
TAP_TAPCELL_ROW_82_981,VPWR,li1,147.4300,236.3330,1.799710
TAP_TAPCELL_ROW_82_980,VPWR,li1,121.6700,236.3330,1.799677
TAP_TAPCELL_ROW_82_979,VPWR,li1,95.9100,236.3330,1.799695
TAP_TAPCELL_ROW_82_978,VPWR,li1,70.1500,236.3330,1.799779
TAP_TAPCELL_ROW_82_977,VPWR,li1,44.3900,236.3330,1.799875
TAP_TAPCELL_ROW_82_976,VPWR,li1,18.6300,236.3330,1.799963
TAP_TAPCELL_ROW_81_975,VPWR,li1,237.5900,231.5060,1.799728
TAP_TAPCELL_ROW_81_974,VPWR,li1,211.8300,231.5060,1.799747
TAP_TAPCELL_ROW_81_973,VPWR,li1,186.0700,231.5060,1.799802
TAP_TAPCELL_ROW_81_972,VPWR,li1,160.3100,231.5060,1.799696
TAP_TAPCELL_ROW_81_971,VPWR,li1,134.5500,231.5060,1.799590
TAP_TAPCELL_ROW_81_970,VPWR,li1,108.7900,231.5060,1.799633
TAP_TAPCELL_ROW_81_969,VPWR,li1,83.0300,231.5060,1.799709
TAP_TAPCELL_ROW_81_968,VPWR,li1,57.2700,231.5060,1.799802
TAP_TAPCELL_ROW_81_967,VPWR,li1,31.5100,231.5060,1.799911
TAP_TAPCELL_ROW_80_966,VPWR,li1,250.4700,230.8930,1.799728
TAP_TAPCELL_ROW_80_965,VPWR,li1,224.7100,230.8930,1.799729
TAP_TAPCELL_ROW_80_964,VPWR,li1,198.9500,230.8930,1.799774
TAP_TAPCELL_ROW_80_963,VPWR,li1,173.1900,230.8930,1.799810
TAP_TAPCELL_ROW_80_962,VPWR,li1,147.4300,230.8930,1.799607
TAP_TAPCELL_ROW_80_961,VPWR,li1,121.6700,230.8930,1.799602
TAP_TAPCELL_ROW_80_960,VPWR,li1,95.9100,230.8930,1.799671
TAP_TAPCELL_ROW_80_959,VPWR,li1,70.1500,230.8930,1.799750
TAP_TAPCELL_ROW_80_958,VPWR,li1,44.3900,230.8930,1.799857
TAP_TAPCELL_ROW_80_957,VPWR,li1,18.6300,230.8930,1.799953
TAP_TAPCELL_ROW_79_956,VPWR,li1,237.5900,226.0660,1.799047
TAP_TAPCELL_ROW_79_955,VPWR,li1,211.8300,226.0660,1.799107
TAP_TAPCELL_ROW_79_954,VPWR,li1,186.0700,226.0660,1.799457
TAP_TAPCELL_ROW_79_953,VPWR,li1,160.3100,226.0660,1.799672
TAP_TAPCELL_ROW_79_952,VPWR,li1,134.5500,226.0660,1.799676
TAP_TAPCELL_ROW_79_951,VPWR,li1,108.7900,226.0660,1.799704
TAP_TAPCELL_ROW_79_950,VPWR,li1,83.0300,226.0660,1.799753
TAP_TAPCELL_ROW_79_949,VPWR,li1,57.2700,226.0660,1.799807
TAP_TAPCELL_ROW_79_948,VPWR,li1,31.5100,226.0660,1.799913
TAP_TAPCELL_ROW_78_947,VPWR,li1,250.4700,225.4530,1.799047
TAP_TAPCELL_ROW_78_946,VPWR,li1,224.7100,225.4530,1.799050
TAP_TAPCELL_ROW_78_945,VPWR,li1,198.9500,225.4530,1.799257
TAP_TAPCELL_ROW_78_944,VPWR,li1,173.1900,225.4530,1.799701
TAP_TAPCELL_ROW_78_943,VPWR,li1,147.4300,225.4530,1.799664
TAP_TAPCELL_ROW_78_942,VPWR,li1,121.6700,225.4530,1.799689
TAP_TAPCELL_ROW_78_941,VPWR,li1,95.9100,225.4530,1.799724
TAP_TAPCELL_ROW_78_940,VPWR,li1,70.1500,225.4530,1.799778
TAP_TAPCELL_ROW_78_939,VPWR,li1,44.3900,225.4530,1.799858
TAP_TAPCELL_ROW_78_938,VPWR,li1,18.6300,225.4530,1.799950
TAP_TAPCELL_ROW_77_937,VPWR,li1,237.5900,220.6260,1.798732
TAP_TAPCELL_ROW_77_936,VPWR,li1,211.8300,220.6260,1.798836
TAP_TAPCELL_ROW_77_935,VPWR,li1,186.0700,220.6260,1.799304
TAP_TAPCELL_ROW_77_934,VPWR,li1,160.3100,220.6260,1.799506
TAP_TAPCELL_ROW_77_933,VPWR,li1,134.5500,220.6260,1.799393
TAP_TAPCELL_ROW_77_932,VPWR,li1,108.7900,220.6260,1.799386
TAP_TAPCELL_ROW_77_931,VPWR,li1,83.0300,220.6260,1.799442
TAP_TAPCELL_ROW_77_930,VPWR,li1,57.2700,220.6260,1.799563
TAP_TAPCELL_ROW_77_929,VPWR,li1,31.5100,220.6260,1.799800
TAP_TAPCELL_ROW_76_928,VPWR,li1,250.4700,220.0130,1.798732
TAP_TAPCELL_ROW_76_927,VPWR,li1,224.7100,220.0130,1.798741
TAP_TAPCELL_ROW_76_926,VPWR,li1,198.9500,220.0130,1.799055
TAP_TAPCELL_ROW_76_925,VPWR,li1,173.1900,220.0130,1.799597
TAP_TAPCELL_ROW_76_924,VPWR,li1,147.4300,220.0130,1.799429
TAP_TAPCELL_ROW_76_923,VPWR,li1,121.6700,220.0130,1.799380
TAP_TAPCELL_ROW_76_922,VPWR,li1,95.9100,220.0130,1.799407
TAP_TAPCELL_ROW_76_921,VPWR,li1,70.1500,220.0130,1.799499
TAP_TAPCELL_ROW_76_920,VPWR,li1,44.3900,220.0130,1.799663
TAP_TAPCELL_ROW_76_919,VPWR,li1,18.6300,220.0130,1.799891
TAP_TAPCELL_ROW_75_918,VPWR,li1,237.5900,215.1860,1.799754
TAP_TAPCELL_ROW_75_917,VPWR,li1,211.8300,215.1860,1.799769
TAP_TAPCELL_ROW_75_916,VPWR,li1,186.0700,215.1860,1.799819
TAP_TAPCELL_ROW_75_915,VPWR,li1,160.3100,215.1860,1.799642
TAP_TAPCELL_ROW_75_914,VPWR,li1,134.5500,215.1860,1.799458
TAP_TAPCELL_ROW_75_913,VPWR,li1,108.7900,215.1860,1.799385
TAP_TAPCELL_ROW_75_912,VPWR,li1,83.0300,215.1860,1.799357
TAP_TAPCELL_ROW_75_911,VPWR,li1,57.2700,215.1860,1.799476
TAP_TAPCELL_ROW_75_910,VPWR,li1,31.5100,215.1860,1.799753
TAP_TAPCELL_ROW_74_909,VPWR,li1,250.4700,214.5730,1.799754
TAP_TAPCELL_ROW_74_908,VPWR,li1,224.7100,214.5730,1.799754
TAP_TAPCELL_ROW_74_907,VPWR,li1,198.9500,214.5730,1.799789
TAP_TAPCELL_ROW_74_906,VPWR,li1,173.1900,214.5730,1.799811
TAP_TAPCELL_ROW_74_905,VPWR,li1,147.4300,214.5730,1.799534
TAP_TAPCELL_ROW_74_904,VPWR,li1,121.6700,214.5730,1.799411
TAP_TAPCELL_ROW_74_903,VPWR,li1,95.9100,214.5730,1.799368
TAP_TAPCELL_ROW_74_902,VPWR,li1,70.1500,214.5730,1.799405
TAP_TAPCELL_ROW_74_901,VPWR,li1,44.3900,214.5730,1.799613
TAP_TAPCELL_ROW_74_900,VPWR,li1,18.6300,214.5730,1.799870
TAP_TAPCELL_ROW_73_899,VPWR,li1,237.5900,209.7460,1.799766
TAP_TAPCELL_ROW_73_898,VPWR,li1,211.8300,209.7460,1.799778
TAP_TAPCELL_ROW_73_897,VPWR,li1,186.0700,209.7460,1.799816
TAP_TAPCELL_ROW_73_896,VPWR,li1,160.3100,209.7460,1.799635
TAP_TAPCELL_ROW_73_895,VPWR,li1,134.5500,209.7460,1.799482
TAP_TAPCELL_ROW_73_894,VPWR,li1,108.7900,209.7460,1.799442
TAP_TAPCELL_ROW_73_893,VPWR,li1,83.0300,209.7460,1.799466
TAP_TAPCELL_ROW_73_892,VPWR,li1,57.2700,209.7460,1.799559
TAP_TAPCELL_ROW_73_891,VPWR,li1,31.5100,209.7460,1.799768
TAP_TAPCELL_ROW_72_890,VPWR,li1,250.4700,209.1330,1.799766
TAP_TAPCELL_ROW_72_889,VPWR,li1,224.7100,209.1330,1.799766
TAP_TAPCELL_ROW_72_888,VPWR,li1,198.9500,209.1330,1.799795
TAP_TAPCELL_ROW_72_887,VPWR,li1,173.1900,209.1330,1.799810
TAP_TAPCELL_ROW_72_886,VPWR,li1,147.4300,209.1330,1.799544
TAP_TAPCELL_ROW_72_885,VPWR,li1,121.6700,209.1330,1.799458
TAP_TAPCELL_ROW_72_884,VPWR,li1,95.9100,209.1330,1.799441
TAP_TAPCELL_ROW_72_883,VPWR,li1,70.1500,209.1330,1.799500
TAP_TAPCELL_ROW_72_882,VPWR,li1,44.3900,209.1330,1.799662
TAP_TAPCELL_ROW_72_881,VPWR,li1,18.6300,209.1330,1.799881
TAP_TAPCELL_ROW_71_880,VPWR,li1,237.5900,204.3060,1.799464
TAP_TAPCELL_ROW_71_879,VPWR,li1,211.8300,204.3060,1.799509
TAP_TAPCELL_ROW_71_878,VPWR,li1,186.0700,204.3060,1.799681
TAP_TAPCELL_ROW_71_877,VPWR,li1,160.3100,204.3060,1.799545
TAP_TAPCELL_ROW_71_876,VPWR,li1,134.5500,204.3060,1.799328
TAP_TAPCELL_ROW_71_875,VPWR,li1,108.7900,204.3060,1.799345
TAP_TAPCELL_ROW_71_874,VPWR,li1,83.0300,204.3060,1.799413
TAP_TAPCELL_ROW_71_873,VPWR,li1,57.2700,204.3060,1.799578
TAP_TAPCELL_ROW_71_872,VPWR,li1,31.5100,204.3060,1.799791
TAP_TAPCELL_ROW_70_871,VPWR,li1,250.4700,203.6930,1.799464
TAP_TAPCELL_ROW_70_870,VPWR,li1,224.7100,203.6930,1.799464
TAP_TAPCELL_ROW_70_869,VPWR,li1,198.9500,203.6930,1.799588
TAP_TAPCELL_ROW_70_868,VPWR,li1,173.1900,203.6930,1.799721
TAP_TAPCELL_ROW_70_867,VPWR,li1,147.4300,203.6930,1.799401
TAP_TAPCELL_ROW_70_866,VPWR,li1,121.6700,203.6930,1.799331
TAP_TAPCELL_ROW_70_865,VPWR,li1,95.9100,203.6930,1.799365
TAP_TAPCELL_ROW_70_864,VPWR,li1,70.1500,203.6930,1.799495
TAP_TAPCELL_ROW_70_863,VPWR,li1,44.3900,203.6930,1.799674
TAP_TAPCELL_ROW_70_862,VPWR,li1,18.6300,203.6930,1.799893
TAP_TAPCELL_ROW_69_861,VPWR,li1,237.5900,198.8660,1.799453
TAP_TAPCELL_ROW_69_860,VPWR,li1,211.8300,198.8660,1.799533
TAP_TAPCELL_ROW_69_859,VPWR,li1,186.0700,198.8660,1.799739
TAP_TAPCELL_ROW_69_858,VPWR,li1,160.3100,198.8660,1.799779
TAP_TAPCELL_ROW_69_857,VPWR,li1,134.5500,198.8660,1.799705
TAP_TAPCELL_ROW_69_856,VPWR,li1,108.7900,198.8660,1.799695
TAP_TAPCELL_ROW_69_855,VPWR,li1,83.0300,198.8660,1.799716
TAP_TAPCELL_ROW_69_854,VPWR,li1,57.2700,198.8660,1.799760
TAP_TAPCELL_ROW_69_853,VPWR,li1,31.5100,198.8660,1.799893
TAP_TAPCELL_ROW_68_852,VPWR,li1,250.4700,198.2530,1.799453
TAP_TAPCELL_ROW_68_851,VPWR,li1,224.7100,198.2530,1.799467
TAP_TAPCELL_ROW_68_850,VPWR,li1,198.9500,198.2530,1.799630
TAP_TAPCELL_ROW_68_849,VPWR,li1,173.1900,198.2530,1.799831
TAP_TAPCELL_ROW_68_848,VPWR,li1,147.4300,198.2530,1.799735
TAP_TAPCELL_ROW_68_847,VPWR,li1,121.6700,198.2530,1.799693
TAP_TAPCELL_ROW_68_846,VPWR,li1,95.9100,198.2530,1.799704
TAP_TAPCELL_ROW_68_845,VPWR,li1,70.1500,198.2530,1.799739
TAP_TAPCELL_ROW_68_844,VPWR,li1,44.3900,198.2530,1.799822
TAP_TAPCELL_ROW_68_843,VPWR,li1,18.6300,198.2530,1.799940
TAP_TAPCELL_ROW_67_842,VPWR,li1,237.5900,193.4260,1.799514
TAP_TAPCELL_ROW_67_841,VPWR,li1,211.8300,193.4260,1.799554
TAP_TAPCELL_ROW_67_840,VPWR,li1,186.0700,193.4260,1.799651
TAP_TAPCELL_ROW_67_839,VPWR,li1,160.3100,193.4260,1.799617
TAP_TAPCELL_ROW_67_838,VPWR,li1,134.5500,193.4260,1.799540
TAP_TAPCELL_ROW_67_837,VPWR,li1,108.7900,193.4260,1.799566
TAP_TAPCELL_ROW_67_836,VPWR,li1,83.0300,193.4260,1.799617
TAP_TAPCELL_ROW_67_835,VPWR,li1,57.2700,193.4260,1.799682
TAP_TAPCELL_ROW_67_834,VPWR,li1,31.5100,193.4260,1.799796
TAP_TAPCELL_ROW_66_833,VPWR,li1,250.4700,192.8130,1.799514
TAP_TAPCELL_ROW_66_832,VPWR,li1,224.7100,192.8130,1.799527
TAP_TAPCELL_ROW_66_831,VPWR,li1,198.9500,192.8130,1.799585
TAP_TAPCELL_ROW_66_830,VPWR,li1,173.1900,192.8130,1.799736
TAP_TAPCELL_ROW_66_829,VPWR,li1,147.4300,192.8130,1.799555
TAP_TAPCELL_ROW_66_828,VPWR,li1,121.6700,192.8130,1.799548
TAP_TAPCELL_ROW_66_827,VPWR,li1,95.9100,192.8130,1.799591
TAP_TAPCELL_ROW_66_826,VPWR,li1,70.1500,192.8130,1.799645
TAP_TAPCELL_ROW_66_825,VPWR,li1,44.3900,192.8130,1.799716
TAP_TAPCELL_ROW_66_824,VPWR,li1,18.6300,192.8130,1.799885
TAP_TAPCELL_ROW_65_823,VPWR,li1,237.5900,187.9860,1.798920
TAP_TAPCELL_ROW_65_822,VPWR,li1,211.8300,187.9860,1.799143
TAP_TAPCELL_ROW_65_821,VPWR,li1,186.0700,187.9860,1.799592
TAP_TAPCELL_ROW_65_820,VPWR,li1,160.3100,187.9860,1.799635
TAP_TAPCELL_ROW_65_819,VPWR,li1,134.5500,187.9860,1.799543
TAP_TAPCELL_ROW_65_818,VPWR,li1,108.7900,187.9860,1.799542
TAP_TAPCELL_ROW_65_817,VPWR,li1,83.0300,187.9860,1.799577
TAP_TAPCELL_ROW_65_816,VPWR,li1,57.2700,187.9860,1.799629
TAP_TAPCELL_ROW_65_815,VPWR,li1,31.5100,187.9860,1.799759
TAP_TAPCELL_ROW_64_814,VPWR,li1,250.4700,187.3730,1.798914
TAP_TAPCELL_ROW_64_813,VPWR,li1,224.7100,187.3730,1.798986
TAP_TAPCELL_ROW_64_812,VPWR,li1,198.9500,187.3730,1.799345
TAP_TAPCELL_ROW_64_811,VPWR,li1,173.1900,187.3730,1.799718
TAP_TAPCELL_ROW_64_810,VPWR,li1,147.4300,187.3730,1.799580
TAP_TAPCELL_ROW_64_809,VPWR,li1,121.6700,187.3730,1.799535
TAP_TAPCELL_ROW_64_808,VPWR,li1,95.9100,187.3730,1.799555
TAP_TAPCELL_ROW_64_807,VPWR,li1,70.1500,187.3730,1.799600
TAP_TAPCELL_ROW_64_806,VPWR,li1,44.3900,187.3730,1.799660
TAP_TAPCELL_ROW_64_805,VPWR,li1,18.6300,187.3730,1.799878
TAP_TAPCELL_ROW_63_804,VPWR,li1,237.5900,182.5460,1.799460
TAP_TAPCELL_ROW_63_803,VPWR,li1,211.8300,182.5460,1.799534
TAP_TAPCELL_ROW_63_802,VPWR,li1,186.0700,182.5460,1.799725
TAP_TAPCELL_ROW_63_801,VPWR,li1,160.3100,182.5460,1.799709
TAP_TAPCELL_ROW_63_800,VPWR,li1,134.5500,182.5460,1.799622
TAP_TAPCELL_ROW_63_799,VPWR,li1,108.7900,182.5460,1.799619
TAP_TAPCELL_ROW_63_798,VPWR,li1,83.0300,182.5460,1.799682
TAP_TAPCELL_ROW_63_797,VPWR,li1,57.2700,182.5460,1.799764
TAP_TAPCELL_ROW_63_796,VPWR,li1,31.5100,182.5460,1.799859
TAP_TAPCELL_ROW_62_795,VPWR,li1,250.4700,181.9330,1.799457
TAP_TAPCELL_ROW_62_794,VPWR,li1,224.7100,181.9330,1.799479
TAP_TAPCELL_ROW_62_793,VPWR,li1,198.9500,181.9330,1.799616
TAP_TAPCELL_ROW_62_792,VPWR,li1,173.1900,181.9330,1.799798
TAP_TAPCELL_ROW_62_791,VPWR,li1,147.4300,181.9330,1.799649
TAP_TAPCELL_ROW_62_790,VPWR,li1,121.6700,181.9330,1.799602
TAP_TAPCELL_ROW_62_789,VPWR,li1,95.9100,181.9330,1.799646
TAP_TAPCELL_ROW_62_788,VPWR,li1,70.1500,181.9330,1.799720
TAP_TAPCELL_ROW_62_787,VPWR,li1,44.3900,181.9330,1.799806
TAP_TAPCELL_ROW_62_786,VPWR,li1,18.6300,181.9330,1.799923
TAP_TAPCELL_ROW_61_785,VPWR,li1,237.5900,177.1060,1.799268
TAP_TAPCELL_ROW_61_784,VPWR,li1,211.8300,177.1060,1.799324
TAP_TAPCELL_ROW_61_783,VPWR,li1,186.0700,177.1060,1.799599
TAP_TAPCELL_ROW_61_782,VPWR,li1,160.3100,177.1060,1.799718
TAP_TAPCELL_ROW_61_781,VPWR,li1,134.5500,177.1060,1.799671
TAP_TAPCELL_ROW_61_780,VPWR,li1,108.7900,177.1060,1.799661
TAP_TAPCELL_ROW_61_779,VPWR,li1,83.0300,177.1060,1.799680
TAP_TAPCELL_ROW_61_778,VPWR,li1,57.2700,177.1060,1.799735
TAP_TAPCELL_ROW_61_777,VPWR,li1,31.5100,177.1060,1.799846
TAP_TAPCELL_ROW_60_776,VPWR,li1,250.4700,176.4930,1.799255
TAP_TAPCELL_ROW_60_775,VPWR,li1,224.7100,176.4930,1.799283
TAP_TAPCELL_ROW_60_774,VPWR,li1,198.9500,176.4930,1.799417
TAP_TAPCELL_ROW_60_773,VPWR,li1,173.1900,176.4930,1.799760
TAP_TAPCELL_ROW_60_772,VPWR,li1,147.4300,176.4930,1.799687
TAP_TAPCELL_ROW_60_771,VPWR,li1,121.6700,176.4930,1.799663
TAP_TAPCELL_ROW_60_770,VPWR,li1,95.9100,176.4930,1.799665
TAP_TAPCELL_ROW_60_769,VPWR,li1,70.1500,176.4930,1.799702
TAP_TAPCELL_ROW_60_768,VPWR,li1,44.3900,176.4930,1.799785
TAP_TAPCELL_ROW_60_767,VPWR,li1,18.6300,176.4930,1.799910
TAP_TAPCELL_ROW_59_766,VPWR,li1,237.5900,171.6660,1.799368
TAP_TAPCELL_ROW_59_765,VPWR,li1,211.8300,171.6660,1.799507
TAP_TAPCELL_ROW_59_764,VPWR,li1,186.0700,171.6660,1.799749
TAP_TAPCELL_ROW_59_763,VPWR,li1,160.3100,171.6660,1.799771
TAP_TAPCELL_ROW_59_762,VPWR,li1,134.5500,171.6660,1.799669
TAP_TAPCELL_ROW_59_761,VPWR,li1,108.7900,171.6660,1.799635
TAP_TAPCELL_ROW_59_760,VPWR,li1,83.0300,171.6660,1.799648
TAP_TAPCELL_ROW_59_759,VPWR,li1,57.2700,171.6660,1.799704
TAP_TAPCELL_ROW_59_758,VPWR,li1,31.5100,171.6660,1.799835
TAP_TAPCELL_ROW_58_757,VPWR,li1,250.4700,171.0530,1.799343
TAP_TAPCELL_ROW_58_756,VPWR,li1,224.7100,171.0530,1.799422
TAP_TAPCELL_ROW_58_755,VPWR,li1,198.9500,171.0530,1.799627
TAP_TAPCELL_ROW_58_754,VPWR,li1,173.1900,171.0530,1.799836
TAP_TAPCELL_ROW_58_753,VPWR,li1,147.4300,171.0530,1.799716
TAP_TAPCELL_ROW_58_752,VPWR,li1,121.6700,171.0530,1.799650
TAP_TAPCELL_ROW_58_751,VPWR,li1,95.9100,171.0530,1.799633
TAP_TAPCELL_ROW_58_750,VPWR,li1,70.1500,171.0530,1.799671
TAP_TAPCELL_ROW_58_749,VPWR,li1,44.3900,171.0530,1.799758
TAP_TAPCELL_ROW_58_748,VPWR,li1,18.6300,171.0530,1.799914
TAP_TAPCELL_ROW_57_747,VPWR,li1,237.5900,166.2260,1.799367
TAP_TAPCELL_ROW_57_746,VPWR,li1,211.8300,166.2260,1.799480
TAP_TAPCELL_ROW_57_745,VPWR,li1,186.0700,166.2260,1.799693
TAP_TAPCELL_ROW_57_744,VPWR,li1,160.3100,166.2260,1.799720
TAP_TAPCELL_ROW_57_743,VPWR,li1,134.5500,166.2260,1.799613
TAP_TAPCELL_ROW_57_742,VPWR,li1,108.7900,166.2260,1.799580
TAP_TAPCELL_ROW_57_741,VPWR,li1,83.0300,166.2260,1.799594
TAP_TAPCELL_ROW_57_740,VPWR,li1,57.2700,166.2260,1.799656
TAP_TAPCELL_ROW_57_739,VPWR,li1,31.5100,166.2260,1.799804
TAP_TAPCELL_ROW_56_738,VPWR,li1,250.4700,165.6130,1.799346
TAP_TAPCELL_ROW_56_737,VPWR,li1,224.7100,165.6130,1.799418
TAP_TAPCELL_ROW_56_736,VPWR,li1,198.9500,165.6130,1.799563
TAP_TAPCELL_ROW_56_735,VPWR,li1,173.1900,165.6130,1.799798
TAP_TAPCELL_ROW_56_734,VPWR,li1,147.4300,165.6130,1.799660
TAP_TAPCELL_ROW_56_733,VPWR,li1,121.6700,165.6130,1.799593
TAP_TAPCELL_ROW_56_732,VPWR,li1,95.9100,165.6130,1.799577
TAP_TAPCELL_ROW_56_731,VPWR,li1,70.1500,165.6130,1.799621
TAP_TAPCELL_ROW_56_730,VPWR,li1,44.3900,165.6130,1.799712
TAP_TAPCELL_ROW_56_729,VPWR,li1,18.6300,165.6130,1.799892
TAP_TAPCELL_ROW_55_728,VPWR,li1,237.5900,160.7860,1.799354
TAP_TAPCELL_ROW_55_727,VPWR,li1,211.8300,160.7860,1.799471
TAP_TAPCELL_ROW_55_726,VPWR,li1,186.0700,160.7860,1.799653
TAP_TAPCELL_ROW_55_725,VPWR,li1,160.3100,160.7860,1.799643
TAP_TAPCELL_ROW_55_724,VPWR,li1,134.5500,160.7860,1.799510
TAP_TAPCELL_ROW_55_723,VPWR,li1,108.7900,160.7860,1.799452
TAP_TAPCELL_ROW_55_722,VPWR,li1,83.0300,160.7860,1.799481
TAP_TAPCELL_ROW_55_721,VPWR,li1,57.2700,160.7860,1.799579
TAP_TAPCELL_ROW_55_720,VPWR,li1,31.5100,160.7860,1.799759
TAP_TAPCELL_ROW_54_719,VPWR,li1,250.4700,160.1730,1.799322
TAP_TAPCELL_ROW_54_718,VPWR,li1,224.7100,160.1730,1.799406
TAP_TAPCELL_ROW_54_717,VPWR,li1,198.9500,160.1730,1.799551
TAP_TAPCELL_ROW_54_716,VPWR,li1,173.1900,160.1730,1.799751
TAP_TAPCELL_ROW_54_715,VPWR,li1,147.4300,160.1730,1.799564
TAP_TAPCELL_ROW_54_714,VPWR,li1,121.6700,160.1730,1.799471
TAP_TAPCELL_ROW_54_713,VPWR,li1,95.9100,160.1730,1.799455
TAP_TAPCELL_ROW_54_712,VPWR,li1,70.1500,160.1730,1.799528
TAP_TAPCELL_ROW_54_711,VPWR,li1,44.3900,160.1730,1.799650
TAP_TAPCELL_ROW_54_710,VPWR,li1,18.6300,160.1730,1.799874
TAP_TAPCELL_ROW_53_709,VPWR,li1,237.5900,155.3460,1.798984
TAP_TAPCELL_ROW_53_708,VPWR,li1,211.8300,155.3460,1.799146
TAP_TAPCELL_ROW_53_707,VPWR,li1,186.0700,155.3460,1.799531
TAP_TAPCELL_ROW_53_706,VPWR,li1,160.3100,155.3460,1.799573
TAP_TAPCELL_ROW_53_705,VPWR,li1,134.5500,155.3460,1.799440
TAP_TAPCELL_ROW_53_704,VPWR,li1,108.7900,155.3460,1.799387
TAP_TAPCELL_ROW_53_703,VPWR,li1,83.0300,155.3460,1.799408
TAP_TAPCELL_ROW_53_702,VPWR,li1,57.2700,155.3460,1.799503
TAP_TAPCELL_ROW_53_701,VPWR,li1,31.5100,155.3460,1.799736
TAP_TAPCELL_ROW_52_700,VPWR,li1,250.4700,154.7330,1.798962
TAP_TAPCELL_ROW_52_699,VPWR,li1,224.7100,154.7330,1.799044
TAP_TAPCELL_ROW_52_698,VPWR,li1,198.9500,154.7330,1.799294
TAP_TAPCELL_ROW_52_697,VPWR,li1,173.1900,154.7330,1.799663
TAP_TAPCELL_ROW_52_696,VPWR,li1,147.4300,154.7330,1.799500
TAP_TAPCELL_ROW_52_695,VPWR,li1,121.6700,154.7330,1.799398
TAP_TAPCELL_ROW_52_694,VPWR,li1,95.9100,154.7330,1.799389
TAP_TAPCELL_ROW_52_693,VPWR,li1,70.1500,154.7330,1.799440
TAP_TAPCELL_ROW_52_692,VPWR,li1,44.3900,154.7330,1.799604
TAP_TAPCELL_ROW_52_691,VPWR,li1,18.6300,154.7330,1.799854
TAP_TAPCELL_ROW_51_690,VPWR,li1,237.5900,149.9060,1.799594
TAP_TAPCELL_ROW_51_689,VPWR,li1,211.8300,149.9060,1.799638
TAP_TAPCELL_ROW_51_688,VPWR,li1,186.0700,149.9060,1.799766
TAP_TAPCELL_ROW_51_687,VPWR,li1,160.3100,149.9060,1.799703
TAP_TAPCELL_ROW_51_686,VPWR,li1,134.5500,149.9060,1.799486
TAP_TAPCELL_ROW_51_685,VPWR,li1,108.7900,149.9060,1.799301
TAP_TAPCELL_ROW_51_684,VPWR,li1,83.0300,149.9060,1.799232
TAP_TAPCELL_ROW_51_683,VPWR,li1,57.2700,149.9060,1.799324
TAP_TAPCELL_ROW_51_682,VPWR,li1,31.5100,149.9060,1.799619
TAP_TAPCELL_ROW_50_681,VPWR,li1,250.4700,149.2930,1.799580
TAP_TAPCELL_ROW_50_680,VPWR,li1,224.7100,149.2930,1.799613
TAP_TAPCELL_ROW_50_679,VPWR,li1,198.9500,149.2930,1.799691
TAP_TAPCELL_ROW_50_678,VPWR,li1,173.1900,149.2930,1.799814
TAP_TAPCELL_ROW_50_677,VPWR,li1,147.4300,149.2930,1.799594
TAP_TAPCELL_ROW_50_676,VPWR,li1,121.6700,149.2930,1.799389
TAP_TAPCELL_ROW_50_675,VPWR,li1,95.9100,149.2930,1.799251
TAP_TAPCELL_ROW_50_674,VPWR,li1,70.1500,149.2930,1.799248
TAP_TAPCELL_ROW_50_673,VPWR,li1,44.3900,149.2930,1.799443
TAP_TAPCELL_ROW_50_672,VPWR,li1,18.6300,149.2930,1.799765
TAP_TAPCELL_ROW_49_671,VPWR,li1,237.5900,144.4660,1.799410
TAP_TAPCELL_ROW_49_670,VPWR,li1,211.8300,144.4660,1.799511
TAP_TAPCELL_ROW_49_669,VPWR,li1,186.0700,144.4660,1.799688
TAP_TAPCELL_ROW_49_668,VPWR,li1,160.3100,144.4660,1.799602
TAP_TAPCELL_ROW_49_667,VPWR,li1,134.5500,144.4660,1.799375
TAP_TAPCELL_ROW_49_666,VPWR,li1,108.7900,144.4660,1.799315
TAP_TAPCELL_ROW_49_665,VPWR,li1,83.0300,144.4660,1.799405
TAP_TAPCELL_ROW_49_664,VPWR,li1,57.2700,144.4660,1.799552
TAP_TAPCELL_ROW_49_663,VPWR,li1,31.5100,144.4660,1.799774
TAP_TAPCELL_ROW_48_662,VPWR,li1,250.4700,143.8530,1.799393
TAP_TAPCELL_ROW_48_661,VPWR,li1,224.7100,143.8530,1.799448
TAP_TAPCELL_ROW_48_660,VPWR,li1,198.9500,143.8530,1.799595
TAP_TAPCELL_ROW_48_659,VPWR,li1,173.1900,143.8530,1.799761
TAP_TAPCELL_ROW_48_658,VPWR,li1,147.4300,143.8530,1.799488
TAP_TAPCELL_ROW_48_657,VPWR,li1,121.6700,143.8530,1.799316
TAP_TAPCELL_ROW_48_656,VPWR,li1,95.9100,143.8530,1.799354
TAP_TAPCELL_ROW_48_655,VPWR,li1,70.1500,143.8530,1.799480
TAP_TAPCELL_ROW_48_654,VPWR,li1,44.3900,143.8530,1.799653
TAP_TAPCELL_ROW_48_653,VPWR,li1,18.6300,143.8530,1.799870
TAP_TAPCELL_ROW_47_652,VPWR,li1,237.5900,139.0260,1.799560
TAP_TAPCELL_ROW_47_651,VPWR,li1,211.8300,139.0260,1.799665
TAP_TAPCELL_ROW_47_650,VPWR,li1,186.0700,139.0260,1.799802
TAP_TAPCELL_ROW_47_649,VPWR,li1,160.3100,139.0260,1.799773
TAP_TAPCELL_ROW_47_648,VPWR,li1,134.5500,139.0260,1.799657
TAP_TAPCELL_ROW_47_647,VPWR,li1,108.7900,139.0260,1.799589
TAP_TAPCELL_ROW_47_646,VPWR,li1,83.0300,139.0260,1.799576
TAP_TAPCELL_ROW_47_645,VPWR,li1,57.2700,139.0260,1.799672
TAP_TAPCELL_ROW_47_644,VPWR,li1,31.5100,139.0260,1.799811
TAP_TAPCELL_ROW_46_643,VPWR,li1,250.4700,138.4130,1.799544
TAP_TAPCELL_ROW_46_642,VPWR,li1,224.7100,138.4130,1.799607
TAP_TAPCELL_ROW_46_641,VPWR,li1,198.9500,138.4130,1.799727
TAP_TAPCELL_ROW_46_640,VPWR,li1,173.1900,138.4130,1.799845
TAP_TAPCELL_ROW_46_639,VPWR,li1,147.4300,138.4130,1.799716
TAP_TAPCELL_ROW_46_638,VPWR,li1,121.6700,138.4130,1.799616
TAP_TAPCELL_ROW_46_637,VPWR,li1,95.9100,138.4130,1.799569
TAP_TAPCELL_ROW_46_636,VPWR,li1,70.1500,138.4130,1.799620
TAP_TAPCELL_ROW_46_635,VPWR,li1,44.3900,138.4130,1.799731
TAP_TAPCELL_ROW_46_634,VPWR,li1,18.6300,138.4130,1.799891
TAP_TAPCELL_ROW_45_633,VPWR,li1,237.5900,133.5860,1.799141
TAP_TAPCELL_ROW_45_632,VPWR,li1,211.8300,133.5860,1.799253
TAP_TAPCELL_ROW_45_631,VPWR,li1,186.0700,133.5860,1.799550
TAP_TAPCELL_ROW_45_630,VPWR,li1,160.3100,133.5860,1.799623
TAP_TAPCELL_ROW_45_629,VPWR,li1,134.5500,133.5860,1.799486
TAP_TAPCELL_ROW_45_628,VPWR,li1,108.7900,133.5860,1.799433
TAP_TAPCELL_ROW_45_627,VPWR,li1,83.0300,133.5860,1.799448
TAP_TAPCELL_ROW_45_626,VPWR,li1,57.2700,133.5860,1.799520
TAP_TAPCELL_ROW_45_625,VPWR,li1,31.5100,133.5860,1.799723
TAP_TAPCELL_ROW_44_624,VPWR,li1,250.4700,132.9730,1.799129
TAP_TAPCELL_ROW_44_623,VPWR,li1,224.7100,132.9730,1.799178
TAP_TAPCELL_ROW_44_622,VPWR,li1,198.9500,132.9730,1.799355
TAP_TAPCELL_ROW_44_621,VPWR,li1,173.1900,132.9730,1.799718
TAP_TAPCELL_ROW_44_620,VPWR,li1,147.4300,132.9730,1.799545
TAP_TAPCELL_ROW_44_619,VPWR,li1,121.6700,132.9730,1.799447
TAP_TAPCELL_ROW_44_618,VPWR,li1,95.9100,132.9730,1.799434
TAP_TAPCELL_ROW_44_617,VPWR,li1,70.1500,132.9730,1.799475
TAP_TAPCELL_ROW_44_616,VPWR,li1,44.3900,132.9730,1.799603
TAP_TAPCELL_ROW_44_615,VPWR,li1,18.6300,132.9730,1.799857
TAP_TAPCELL_ROW_43_614,VPWR,li1,237.5900,128.1460,1.798865
TAP_TAPCELL_ROW_43_613,VPWR,li1,211.8300,128.1460,1.799112
TAP_TAPCELL_ROW_43_612,VPWR,li1,186.0700,128.1460,1.799457
TAP_TAPCELL_ROW_43_611,VPWR,li1,160.3100,128.1460,1.799466
TAP_TAPCELL_ROW_43_610,VPWR,li1,134.5500,128.1460,1.799302
TAP_TAPCELL_ROW_43_609,VPWR,li1,108.7900,128.1460,1.799221
TAP_TAPCELL_ROW_43_608,VPWR,li1,83.0300,128.1460,1.799266
TAP_TAPCELL_ROW_43_607,VPWR,li1,57.2700,128.1460,1.799423
TAP_TAPCELL_ROW_43_606,VPWR,li1,31.5100,128.1460,1.799717
TAP_TAPCELL_ROW_42_605,VPWR,li1,250.4700,127.5330,1.798815
TAP_TAPCELL_ROW_42_604,VPWR,li1,224.7100,127.5330,1.798980
TAP_TAPCELL_ROW_42_603,VPWR,li1,198.9500,127.5330,1.799271
TAP_TAPCELL_ROW_42_602,VPWR,li1,173.1900,127.5330,1.799618
TAP_TAPCELL_ROW_42_601,VPWR,li1,147.4300,127.5330,1.799359
TAP_TAPCELL_ROW_42_600,VPWR,li1,121.6700,127.5330,1.799251
TAP_TAPCELL_ROW_42_599,VPWR,li1,95.9100,127.5330,1.799214
TAP_TAPCELL_ROW_42_598,VPWR,li1,70.1500,127.5330,1.799329
TAP_TAPCELL_ROW_42_597,VPWR,li1,44.3900,127.5330,1.799541
TAP_TAPCELL_ROW_42_596,VPWR,li1,18.6300,127.5330,1.799835
TAP_TAPCELL_ROW_41_595,VPWR,li1,237.5900,122.7060,1.799593
TAP_TAPCELL_ROW_41_594,VPWR,li1,211.8300,122.7060,1.799679
TAP_TAPCELL_ROW_41_593,VPWR,li1,186.0700,122.7060,1.799791
TAP_TAPCELL_ROW_41_592,VPWR,li1,160.3100,122.7060,1.799721
TAP_TAPCELL_ROW_41_591,VPWR,li1,134.5500,122.7060,1.799596
TAP_TAPCELL_ROW_41_590,VPWR,li1,108.7900,122.7060,1.799500
TAP_TAPCELL_ROW_41_589,VPWR,li1,83.0300,122.7060,1.799478
TAP_TAPCELL_ROW_41_588,VPWR,li1,57.2700,122.7060,1.799572
TAP_TAPCELL_ROW_41_587,VPWR,li1,31.5100,122.7060,1.799772
TAP_TAPCELL_ROW_40_586,VPWR,li1,250.4700,122.0930,1.799570
TAP_TAPCELL_ROW_40_585,VPWR,li1,224.7100,122.0930,1.799631
TAP_TAPCELL_ROW_40_584,VPWR,li1,198.9500,122.0930,1.799730
TAP_TAPCELL_ROW_40_583,VPWR,li1,173.1900,122.0930,1.799815
TAP_TAPCELL_ROW_40_582,VPWR,li1,147.4300,122.0930,1.799658
TAP_TAPCELL_ROW_40_581,VPWR,li1,121.6700,122.0930,1.799540
TAP_TAPCELL_ROW_40_580,VPWR,li1,95.9100,122.0930,1.799474
TAP_TAPCELL_ROW_40_579,VPWR,li1,70.1500,122.0930,1.799513
TAP_TAPCELL_ROW_40_578,VPWR,li1,44.3900,122.0930,1.799656
TAP_TAPCELL_ROW_40_577,VPWR,li1,18.6300,122.0930,1.799875
TAP_TAPCELL_ROW_39_576,VPWR,li1,237.5900,117.2660,1.799586
TAP_TAPCELL_ROW_39_575,VPWR,li1,211.8300,117.2660,1.799633
TAP_TAPCELL_ROW_39_574,VPWR,li1,186.0700,117.2660,1.799719
TAP_TAPCELL_ROW_39_573,VPWR,li1,160.3100,117.2660,1.799685
TAP_TAPCELL_ROW_39_572,VPWR,li1,134.5500,117.2660,1.799519
TAP_TAPCELL_ROW_39_571,VPWR,li1,108.7900,117.2660,1.799391
TAP_TAPCELL_ROW_39_570,VPWR,li1,83.0300,117.2660,1.799360
TAP_TAPCELL_ROW_39_569,VPWR,li1,57.2700,117.2660,1.799407
TAP_TAPCELL_ROW_39_568,VPWR,li1,31.5100,117.2660,1.799679
TAP_TAPCELL_ROW_38_567,VPWR,li1,250.4700,116.6530,1.799572
TAP_TAPCELL_ROW_38_566,VPWR,li1,224.7100,116.6530,1.799609
TAP_TAPCELL_ROW_38_565,VPWR,li1,198.9500,116.6530,1.799661
TAP_TAPCELL_ROW_38_564,VPWR,li1,173.1900,116.6530,1.799788
TAP_TAPCELL_ROW_38_563,VPWR,li1,147.4300,116.6530,1.799597
TAP_TAPCELL_ROW_38_562,VPWR,li1,121.6700,116.6530,1.799452
TAP_TAPCELL_ROW_38_561,VPWR,li1,95.9100,116.6530,1.799367
TAP_TAPCELL_ROW_38_560,VPWR,li1,70.1500,116.6530,1.799365
TAP_TAPCELL_ROW_38_559,VPWR,li1,44.3900,116.6530,1.799525
TAP_TAPCELL_ROW_38_558,VPWR,li1,18.6300,116.6530,1.799807
TAP_TAPCELL_ROW_37_557,VPWR,li1,237.5900,111.8260,1.799282
TAP_TAPCELL_ROW_37_556,VPWR,li1,211.8300,111.8260,1.799362
TAP_TAPCELL_ROW_37_555,VPWR,li1,186.0700,111.8260,1.799525
TAP_TAPCELL_ROW_37_554,VPWR,li1,160.3100,111.8260,1.799570
TAP_TAPCELL_ROW_37_553,VPWR,li1,134.5500,111.8260,1.799418
TAP_TAPCELL_ROW_37_552,VPWR,li1,108.7900,111.8260,1.799380
TAP_TAPCELL_ROW_37_551,VPWR,li1,83.0300,111.8260,1.799415
TAP_TAPCELL_ROW_37_550,VPWR,li1,57.2700,111.8260,1.799561
TAP_TAPCELL_ROW_37_549,VPWR,li1,31.5100,111.8260,1.799809
TAP_TAPCELL_ROW_36_548,VPWR,li1,250.4700,111.2130,1.799271
TAP_TAPCELL_ROW_36_547,VPWR,li1,224.7100,111.2130,1.799320
TAP_TAPCELL_ROW_36_546,VPWR,li1,198.9500,111.2130,1.799407
TAP_TAPCELL_ROW_36_545,VPWR,li1,173.1900,111.2130,1.799683
TAP_TAPCELL_ROW_36_544,VPWR,li1,147.4300,111.2130,1.799478
TAP_TAPCELL_ROW_36_543,VPWR,li1,121.6700,111.2130,1.799392
TAP_TAPCELL_ROW_36_542,VPWR,li1,95.9100,111.2130,1.799381
TAP_TAPCELL_ROW_36_541,VPWR,li1,70.1500,111.2130,1.799467
TAP_TAPCELL_ROW_36_540,VPWR,li1,44.3900,111.2130,1.799677
TAP_TAPCELL_ROW_36_539,VPWR,li1,18.6300,111.2130,1.799895
TAP_TAPCELL_ROW_35_538,VPWR,li1,237.5900,106.3860,1.799084
TAP_TAPCELL_ROW_35_537,VPWR,li1,211.8300,106.3860,1.799233
TAP_TAPCELL_ROW_35_536,VPWR,li1,186.0700,106.3860,1.799519
TAP_TAPCELL_ROW_35_535,VPWR,li1,160.3100,106.3860,1.799534
TAP_TAPCELL_ROW_35_534,VPWR,li1,134.5500,106.3860,1.799335
TAP_TAPCELL_ROW_35_533,VPWR,li1,108.7900,106.3860,1.799227
TAP_TAPCELL_ROW_35_532,VPWR,li1,83.0300,106.3860,1.799199
TAP_TAPCELL_ROW_35_531,VPWR,li1,57.2700,106.3860,1.799268
TAP_TAPCELL_ROW_35_530,VPWR,li1,31.5100,106.3860,1.799608
TAP_TAPCELL_ROW_34_529,VPWR,li1,250.4700,105.7730,1.799084
TAP_TAPCELL_ROW_34_528,VPWR,li1,224.7100,105.7730,1.799132
TAP_TAPCELL_ROW_34_527,VPWR,li1,198.9500,105.7730,1.799354
TAP_TAPCELL_ROW_34_526,VPWR,li1,173.1900,105.7730,1.799674
TAP_TAPCELL_ROW_34_525,VPWR,li1,147.4300,105.7730,1.799430
TAP_TAPCELL_ROW_34_524,VPWR,li1,121.6700,105.7730,1.799257
TAP_TAPCELL_ROW_34_523,VPWR,li1,95.9100,105.7730,1.799209
TAP_TAPCELL_ROW_34_522,VPWR,li1,70.1500,105.7730,1.799209
TAP_TAPCELL_ROW_34_521,VPWR,li1,44.3900,105.7730,1.799414
TAP_TAPCELL_ROW_34_520,VPWR,li1,18.6300,105.7730,1.799792
TAP_TAPCELL_ROW_33_519,VPWR,li1,237.5900,100.9460,1.798920
TAP_TAPCELL_ROW_33_518,VPWR,li1,211.8300,100.9460,1.798966
TAP_TAPCELL_ROW_33_517,VPWR,li1,186.0700,100.9460,1.799395
TAP_TAPCELL_ROW_33_516,VPWR,li1,160.3100,100.9460,1.799649
TAP_TAPCELL_ROW_33_515,VPWR,li1,134.5500,100.9460,1.799640
TAP_TAPCELL_ROW_33_514,VPWR,li1,108.7900,100.9460,1.799656
TAP_TAPCELL_ROW_33_513,VPWR,li1,83.0300,100.9460,1.799705
TAP_TAPCELL_ROW_33_512,VPWR,li1,57.2700,100.9460,1.799769
TAP_TAPCELL_ROW_33_511,VPWR,li1,31.5100,100.9460,1.799882
TAP_TAPCELL_ROW_32_510,VPWR,li1,250.4700,100.3330,1.798916
TAP_TAPCELL_ROW_32_509,VPWR,li1,224.7100,100.3330,1.798938
TAP_TAPCELL_ROW_32_508,VPWR,li1,198.9500,100.3330,1.799047
TAP_TAPCELL_ROW_32_507,VPWR,li1,173.1900,100.3330,1.799671
TAP_TAPCELL_ROW_32_506,VPWR,li1,147.4300,100.3330,1.799640
TAP_TAPCELL_ROW_32_505,VPWR,li1,121.6700,100.3330,1.799645
TAP_TAPCELL_ROW_32_504,VPWR,li1,95.9100,100.3330,1.799679
TAP_TAPCELL_ROW_32_503,VPWR,li1,70.1500,100.3330,1.799732
TAP_TAPCELL_ROW_32_502,VPWR,li1,44.3900,100.3330,1.799819
TAP_TAPCELL_ROW_32_501,VPWR,li1,18.6300,100.3330,1.799924
TAP_TAPCELL_ROW_31_500,VPWR,li1,237.5900,95.5060,1.798868
TAP_TAPCELL_ROW_31_499,VPWR,li1,211.8300,95.5060,1.798951
TAP_TAPCELL_ROW_31_498,VPWR,li1,186.0700,95.5060,1.799416
TAP_TAPCELL_ROW_31_497,VPWR,li1,160.3100,95.5060,1.799641
TAP_TAPCELL_ROW_31_496,VPWR,li1,134.5500,95.5060,1.799612
TAP_TAPCELL_ROW_31_495,VPWR,li1,108.7900,95.5060,1.799613
TAP_TAPCELL_ROW_31_494,VPWR,li1,83.0300,95.5060,1.799640
TAP_TAPCELL_ROW_31_493,VPWR,li1,57.2700,95.5060,1.799688
TAP_TAPCELL_ROW_31_492,VPWR,li1,31.5100,95.5060,1.799813
TAP_TAPCELL_ROW_30_491,VPWR,li1,250.4700,94.8930,1.798862
TAP_TAPCELL_ROW_30_490,VPWR,li1,224.7100,94.8930,1.798902
TAP_TAPCELL_ROW_30_489,VPWR,li1,198.9500,94.8930,1.799160
TAP_TAPCELL_ROW_30_488,VPWR,li1,173.1900,94.8930,1.799682
TAP_TAPCELL_ROW_30_487,VPWR,li1,147.4300,94.8930,1.799623
TAP_TAPCELL_ROW_30_486,VPWR,li1,121.6700,94.8930,1.799611
TAP_TAPCELL_ROW_30_485,VPWR,li1,95.9100,94.8930,1.799624
TAP_TAPCELL_ROW_30_484,VPWR,li1,70.1500,94.8930,1.799660
TAP_TAPCELL_ROW_30_483,VPWR,li1,44.3900,94.8930,1.799738
TAP_TAPCELL_ROW_30_482,VPWR,li1,18.6300,94.8930,1.799886
TAP_TAPCELL_ROW_29_481,VPWR,li1,237.5900,90.0660,1.799517
TAP_TAPCELL_ROW_29_480,VPWR,li1,211.8300,90.0660,1.799554
TAP_TAPCELL_ROW_29_479,VPWR,li1,186.0700,90.0660,1.799721
TAP_TAPCELL_ROW_29_478,VPWR,li1,160.3100,90.0660,1.799728
TAP_TAPCELL_ROW_29_477,VPWR,li1,134.5500,90.0660,1.799594
TAP_TAPCELL_ROW_29_476,VPWR,li1,108.7900,90.0660,1.799564
TAP_TAPCELL_ROW_29_475,VPWR,li1,83.0300,90.0660,1.799613
TAP_TAPCELL_ROW_29_474,VPWR,li1,57.2700,90.0660,1.799668
TAP_TAPCELL_ROW_29_473,VPWR,li1,31.5100,90.0660,1.799821
TAP_TAPCELL_ROW_28_472,VPWR,li1,250.4700,89.4530,1.799517
TAP_TAPCELL_ROW_28_471,VPWR,li1,224.7100,89.4530,1.799532
TAP_TAPCELL_ROW_28_470,VPWR,li1,198.9500,89.4530,1.799626
TAP_TAPCELL_ROW_28_469,VPWR,li1,173.1900,89.4530,1.799805
TAP_TAPCELL_ROW_28_468,VPWR,li1,147.4300,89.4530,1.799646
TAP_TAPCELL_ROW_28_467,VPWR,li1,121.6700,89.4530,1.799566
TAP_TAPCELL_ROW_28_466,VPWR,li1,95.9100,89.4530,1.799588
TAP_TAPCELL_ROW_28_465,VPWR,li1,70.1500,89.4530,1.799637
TAP_TAPCELL_ROW_28_464,VPWR,li1,44.3900,89.4530,1.799735
TAP_TAPCELL_ROW_28_463,VPWR,li1,18.6300,89.4530,1.799897
TAP_TAPCELL_ROW_27_462,VPWR,li1,237.5900,84.6260,1.799366
TAP_TAPCELL_ROW_27_461,VPWR,li1,211.8300,84.6260,1.799467
TAP_TAPCELL_ROW_27_460,VPWR,li1,186.0700,84.6260,1.799673
TAP_TAPCELL_ROW_27_459,VPWR,li1,160.3100,84.6260,1.799633
TAP_TAPCELL_ROW_27_458,VPWR,li1,134.5500,84.6260,1.799445
TAP_TAPCELL_ROW_27_457,VPWR,li1,108.7900,84.6260,1.799416
TAP_TAPCELL_ROW_27_456,VPWR,li1,83.0300,84.6260,1.799498
TAP_TAPCELL_ROW_27_455,VPWR,li1,57.2700,84.6260,1.799611
TAP_TAPCELL_ROW_27_454,VPWR,li1,31.5100,84.6260,1.799795
TAP_TAPCELL_ROW_26_453,VPWR,li1,250.4700,84.0130,1.799362
TAP_TAPCELL_ROW_26_452,VPWR,li1,224.7100,84.0130,1.799419
TAP_TAPCELL_ROW_26_451,VPWR,li1,198.9500,84.0130,1.799563
TAP_TAPCELL_ROW_26_450,VPWR,li1,173.1900,84.0130,1.799747
TAP_TAPCELL_ROW_26_449,VPWR,li1,147.4300,84.0130,1.799529
TAP_TAPCELL_ROW_26_448,VPWR,li1,121.6700,84.0130,1.799429
TAP_TAPCELL_ROW_26_447,VPWR,li1,95.9100,84.0130,1.799444
TAP_TAPCELL_ROW_26_446,VPWR,li1,70.1500,84.0130,1.799554
TAP_TAPCELL_ROW_26_445,VPWR,li1,44.3900,84.0130,1.799686
TAP_TAPCELL_ROW_26_444,VPWR,li1,18.6300,84.0130,1.799877
TAP_TAPCELL_ROW_25_443,VPWR,li1,237.5900,79.1860,1.799577
TAP_TAPCELL_ROW_25_442,VPWR,li1,211.8300,79.1860,1.799622
TAP_TAPCELL_ROW_25_441,VPWR,li1,186.0700,79.1860,1.799775
TAP_TAPCELL_ROW_25_440,VPWR,li1,160.3100,79.1860,1.799734
TAP_TAPCELL_ROW_25_439,VPWR,li1,134.5500,79.1860,1.799615
TAP_TAPCELL_ROW_25_438,VPWR,li1,108.7900,79.1860,1.799553
TAP_TAPCELL_ROW_25_437,VPWR,li1,83.0300,79.1860,1.799544
TAP_TAPCELL_ROW_25_436,VPWR,li1,57.2700,79.1860,1.799565
TAP_TAPCELL_ROW_25_435,VPWR,li1,31.5100,79.1860,1.799772
TAP_TAPCELL_ROW_24_434,VPWR,li1,250.4700,78.5730,1.799574
TAP_TAPCELL_ROW_24_433,VPWR,li1,224.7100,78.5730,1.799598
TAP_TAPCELL_ROW_24_432,VPWR,li1,198.9500,78.5730,1.799693
TAP_TAPCELL_ROW_24_431,VPWR,li1,173.1900,78.5730,1.799826
TAP_TAPCELL_ROW_24_430,VPWR,li1,147.4300,78.5730,1.799665
TAP_TAPCELL_ROW_24_429,VPWR,li1,121.6700,78.5730,1.799577
TAP_TAPCELL_ROW_24_428,VPWR,li1,95.9100,78.5730,1.799537
TAP_TAPCELL_ROW_24_427,VPWR,li1,70.1500,78.5730,1.799552
TAP_TAPCELL_ROW_24_426,VPWR,li1,44.3900,78.5730,1.799621
TAP_TAPCELL_ROW_24_425,VPWR,li1,18.6300,78.5730,1.799881
TAP_TAPCELL_ROW_23_424,VPWR,li1,237.5900,73.7460,1.799803
TAP_TAPCELL_ROW_23_423,VPWR,li1,211.8300,73.7460,1.799805
TAP_TAPCELL_ROW_23_422,VPWR,li1,186.0700,73.7460,1.799852
TAP_TAPCELL_ROW_23_421,VPWR,li1,160.3100,73.7460,1.799805
TAP_TAPCELL_ROW_23_420,VPWR,li1,134.5500,73.7460,1.799673
TAP_TAPCELL_ROW_23_419,VPWR,li1,108.7900,73.7460,1.799595
TAP_TAPCELL_ROW_23_418,VPWR,li1,83.0300,73.7460,1.799570
TAP_TAPCELL_ROW_23_417,VPWR,li1,57.2700,73.7460,1.799605
TAP_TAPCELL_ROW_23_416,VPWR,li1,31.5100,73.7460,1.799740
TAP_TAPCELL_ROW_22_415,VPWR,li1,250.4700,73.1330,1.799803
TAP_TAPCELL_ROW_22_414,VPWR,li1,224.7100,73.1330,1.799804
TAP_TAPCELL_ROW_22_413,VPWR,li1,198.9500,73.1330,1.799818
TAP_TAPCELL_ROW_22_412,VPWR,li1,173.1900,73.1330,1.799877
TAP_TAPCELL_ROW_22_411,VPWR,li1,147.4300,73.1330,1.799730
TAP_TAPCELL_ROW_22_410,VPWR,li1,121.6700,73.1330,1.799635
TAP_TAPCELL_ROW_22_409,VPWR,li1,95.9100,73.1330,1.799570
TAP_TAPCELL_ROW_22_408,VPWR,li1,70.1500,73.1330,1.799581
TAP_TAPCELL_ROW_22_407,VPWR,li1,44.3900,73.1330,1.799652
TAP_TAPCELL_ROW_22_406,VPWR,li1,18.6300,73.1330,1.799865
TAP_TAPCELL_ROW_21_405,VPWR,li1,237.5900,68.3060,1.799734
TAP_TAPCELL_ROW_21_404,VPWR,li1,211.8300,68.3060,1.799745
TAP_TAPCELL_ROW_21_403,VPWR,li1,186.0700,68.3060,1.799806
TAP_TAPCELL_ROW_21_402,VPWR,li1,160.3100,68.3060,1.799719
TAP_TAPCELL_ROW_21_401,VPWR,li1,134.5500,68.3060,1.799553
TAP_TAPCELL_ROW_21_400,VPWR,li1,108.7900,68.3060,1.799462
TAP_TAPCELL_ROW_21_399,VPWR,li1,83.0300,68.3060,1.799466
TAP_TAPCELL_ROW_21_398,VPWR,li1,57.2700,68.3060,1.799551
TAP_TAPCELL_ROW_21_397,VPWR,li1,31.5100,68.3060,1.799750
TAP_TAPCELL_ROW_20_396,VPWR,li1,250.4700,67.6930,1.799734
TAP_TAPCELL_ROW_20_395,VPWR,li1,224.7100,67.6930,1.799737
TAP_TAPCELL_ROW_20_394,VPWR,li1,198.9500,67.6930,1.799760
TAP_TAPCELL_ROW_20_393,VPWR,li1,173.1900,67.6930,1.799825
TAP_TAPCELL_ROW_20_392,VPWR,li1,147.4300,67.6930,1.799622
TAP_TAPCELL_ROW_20_391,VPWR,li1,121.6700,67.6930,1.799498
TAP_TAPCELL_ROW_20_390,VPWR,li1,95.9100,67.6930,1.799452
TAP_TAPCELL_ROW_20_389,VPWR,li1,70.1500,67.6930,1.799503
TAP_TAPCELL_ROW_20_388,VPWR,li1,44.3900,67.6930,1.799621
TAP_TAPCELL_ROW_20_387,VPWR,li1,18.6300,67.6930,1.799867
TAP_TAPCELL_ROW_19_386,VPWR,li1,237.5900,62.8660,1.799624
TAP_TAPCELL_ROW_19_385,VPWR,li1,211.8300,62.8660,1.799625
TAP_TAPCELL_ROW_19_384,VPWR,li1,186.0700,62.8660,1.799756
TAP_TAPCELL_ROW_19_383,VPWR,li1,160.3100,62.8660,1.799747
TAP_TAPCELL_ROW_19_382,VPWR,li1,134.5500,62.8660,1.799588
TAP_TAPCELL_ROW_19_381,VPWR,li1,108.7900,62.8660,1.799470
TAP_TAPCELL_ROW_19_380,VPWR,li1,83.0300,62.8660,1.799451
TAP_TAPCELL_ROW_19_379,VPWR,li1,57.2700,62.8660,1.799533
TAP_TAPCELL_ROW_19_378,VPWR,li1,31.5100,62.8660,1.799757
TAP_TAPCELL_ROW_18_377,VPWR,li1,250.4700,62.2530,1.799624
TAP_TAPCELL_ROW_18_376,VPWR,li1,224.7100,62.2530,1.799624
TAP_TAPCELL_ROW_18_375,VPWR,li1,198.9500,62.2530,1.799644
TAP_TAPCELL_ROW_18_374,VPWR,li1,173.1900,62.2530,1.799831
TAP_TAPCELL_ROW_18_373,VPWR,li1,147.4300,62.2530,1.799669
TAP_TAPCELL_ROW_18_372,VPWR,li1,121.6700,62.2530,1.799524
TAP_TAPCELL_ROW_18_371,VPWR,li1,95.9100,62.2530,1.799441
TAP_TAPCELL_ROW_18_370,VPWR,li1,70.1500,62.2530,1.799486
TAP_TAPCELL_ROW_18_369,VPWR,li1,44.3900,62.2530,1.799600
TAP_TAPCELL_ROW_18_368,VPWR,li1,18.6300,62.2530,1.799872
TAP_TAPCELL_ROW_17_367,VPWR,li1,237.5900,57.4260,1.799917
TAP_TAPCELL_ROW_17_366,VPWR,li1,211.8300,57.4260,1.799918
TAP_TAPCELL_ROW_17_365,VPWR,li1,186.0700,57.4260,1.799921
TAP_TAPCELL_ROW_17_364,VPWR,li1,160.3100,57.4260,1.799821
TAP_TAPCELL_ROW_17_363,VPWR,li1,134.5500,57.4260,1.799684
TAP_TAPCELL_ROW_17_362,VPWR,li1,108.7900,57.4260,1.799591
TAP_TAPCELL_ROW_17_361,VPWR,li1,83.0300,57.4260,1.799550
TAP_TAPCELL_ROW_17_360,VPWR,li1,57.2700,57.4260,1.799579
TAP_TAPCELL_ROW_17_359,VPWR,li1,31.5100,57.4260,1.799704
TAP_TAPCELL_ROW_16_358,VPWR,li1,250.4700,56.8130,1.799917
TAP_TAPCELL_ROW_16_357,VPWR,li1,224.7100,56.8130,1.799918
TAP_TAPCELL_ROW_16_356,VPWR,li1,198.9500,56.8130,1.799919
TAP_TAPCELL_ROW_16_355,VPWR,li1,173.1900,56.8130,1.799908
TAP_TAPCELL_ROW_16_354,VPWR,li1,147.4300,56.8130,1.799745
TAP_TAPCELL_ROW_16_353,VPWR,li1,121.6700,56.8130,1.799632
TAP_TAPCELL_ROW_16_352,VPWR,li1,95.9100,56.8130,1.799563
TAP_TAPCELL_ROW_16_351,VPWR,li1,70.1500,56.8130,1.799560
TAP_TAPCELL_ROW_16_350,VPWR,li1,44.3900,56.8130,1.799619
TAP_TAPCELL_ROW_16_349,VPWR,li1,18.6300,56.8130,1.799846
TAP_TAPCELL_ROW_15_348,VPWR,li1,237.5900,51.9860,1.799917
TAP_TAPCELL_ROW_15_347,VPWR,li1,211.8300,51.9860,1.799926
TAP_TAPCELL_ROW_15_346,VPWR,li1,186.0700,51.9860,1.799942
TAP_TAPCELL_ROW_15_345,VPWR,li1,160.3100,51.9860,1.799877
TAP_TAPCELL_ROW_15_344,VPWR,li1,134.5500,51.9860,1.799774
TAP_TAPCELL_ROW_15_343,VPWR,li1,108.7900,51.9860,1.799707
TAP_TAPCELL_ROW_15_342,VPWR,li1,83.0300,51.9860,1.799685
TAP_TAPCELL_ROW_15_341,VPWR,li1,57.2700,51.9860,1.799731
TAP_TAPCELL_ROW_15_340,VPWR,li1,31.5100,51.9860,1.799857
TAP_TAPCELL_ROW_14_339,VPWR,li1,250.4700,51.3730,1.799917
TAP_TAPCELL_ROW_14_338,VPWR,li1,224.7100,51.3730,1.799919
TAP_TAPCELL_ROW_14_337,VPWR,li1,198.9500,51.3730,1.799934
TAP_TAPCELL_ROW_14_336,VPWR,li1,173.1900,51.3730,1.799939
TAP_TAPCELL_ROW_14_335,VPWR,li1,147.4300,51.3730,1.799823
TAP_TAPCELL_ROW_14_334,VPWR,li1,121.6700,51.3730,1.799730
TAP_TAPCELL_ROW_14_333,VPWR,li1,95.9100,51.3730,1.799689
TAP_TAPCELL_ROW_14_332,VPWR,li1,70.1500,51.3730,1.799701
TAP_TAPCELL_ROW_14_331,VPWR,li1,44.3900,51.3730,1.799781
TAP_TAPCELL_ROW_14_330,VPWR,li1,18.6300,51.3730,1.799921
TAP_TAPCELL_ROW_13_329,VPWR,li1,237.5900,46.5460,1.799951
TAP_TAPCELL_ROW_13_328,VPWR,li1,211.8300,46.5460,1.799951
TAP_TAPCELL_ROW_13_327,VPWR,li1,186.0700,46.5460,1.799951
TAP_TAPCELL_ROW_13_326,VPWR,li1,160.3100,46.5460,1.799883
TAP_TAPCELL_ROW_13_325,VPWR,li1,134.5500,46.5460,1.799784
TAP_TAPCELL_ROW_13_324,VPWR,li1,108.7900,46.5460,1.799738
TAP_TAPCELL_ROW_13_323,VPWR,li1,83.0300,46.5460,1.799740
TAP_TAPCELL_ROW_13_322,VPWR,li1,57.2700,46.5460,1.799784
TAP_TAPCELL_ROW_13_321,VPWR,li1,31.5100,46.5460,1.799873
TAP_TAPCELL_ROW_12_320,VPWR,li1,250.4700,45.9330,1.799951
TAP_TAPCELL_ROW_12_319,VPWR,li1,224.7100,45.9330,1.799951
TAP_TAPCELL_ROW_12_318,VPWR,li1,198.9500,45.9330,1.799951
TAP_TAPCELL_ROW_12_317,VPWR,li1,173.1900,45.9330,1.799941
TAP_TAPCELL_ROW_12_316,VPWR,li1,147.4300,45.9330,1.799823
TAP_TAPCELL_ROW_12_315,VPWR,li1,121.6700,45.9330,1.799755
TAP_TAPCELL_ROW_12_314,VPWR,li1,95.9100,45.9330,1.799734
TAP_TAPCELL_ROW_12_313,VPWR,li1,70.1500,45.9330,1.799758
TAP_TAPCELL_ROW_12_312,VPWR,li1,44.3900,45.9330,1.799825
TAP_TAPCELL_ROW_12_311,VPWR,li1,18.6300,45.9330,1.799927
TAP_TAPCELL_ROW_11_310,VPWR,li1,237.5900,41.1060,1.799958
TAP_TAPCELL_ROW_11_309,VPWR,li1,211.8300,41.1060,1.799958
TAP_TAPCELL_ROW_11_308,VPWR,li1,186.0700,41.1060,1.799958
TAP_TAPCELL_ROW_11_307,VPWR,li1,160.3100,41.1060,1.799908
TAP_TAPCELL_ROW_11_306,VPWR,li1,134.5500,41.1060,1.799857
TAP_TAPCELL_ROW_11_305,VPWR,li1,108.7900,41.1060,1.799833
TAP_TAPCELL_ROW_11_304,VPWR,li1,83.0300,41.1060,1.799813
TAP_TAPCELL_ROW_11_303,VPWR,li1,57.2700,41.1060,1.799821
TAP_TAPCELL_ROW_11_302,VPWR,li1,31.5100,41.1060,1.799910
TAP_TAPCELL_ROW_10_301,VPWR,li1,250.4700,40.4930,1.799958
TAP_TAPCELL_ROW_10_300,VPWR,li1,224.7100,40.4930,1.799958
TAP_TAPCELL_ROW_10_299,VPWR,li1,198.9500,40.4930,1.799958
TAP_TAPCELL_ROW_10_298,VPWR,li1,173.1900,40.4930,1.799951
TAP_TAPCELL_ROW_10_297,VPWR,li1,147.4300,40.4930,1.799877
TAP_TAPCELL_ROW_10_296,VPWR,li1,121.6700,40.4930,1.799845
TAP_TAPCELL_ROW_10_295,VPWR,li1,95.9100,40.4930,1.799821
TAP_TAPCELL_ROW_10_294,VPWR,li1,70.1500,40.4930,1.799810
TAP_TAPCELL_ROW_10_293,VPWR,li1,44.3900,40.4930,1.799848
TAP_TAPCELL_ROW_10_292,VPWR,li1,18.6300,40.4930,1.799954
TAP_TAPCELL_ROW_9_291,VPWR,li1,237.5900,35.6660,1.799960
TAP_TAPCELL_ROW_9_290,VPWR,li1,211.8300,35.6660,1.799960
TAP_TAPCELL_ROW_9_289,VPWR,li1,186.0700,35.6660,1.799960
TAP_TAPCELL_ROW_9_288,VPWR,li1,160.3100,35.6660,1.799911
TAP_TAPCELL_ROW_9_287,VPWR,li1,134.5500,35.6660,1.799848
TAP_TAPCELL_ROW_9_286,VPWR,li1,108.7900,35.6660,1.799822
TAP_TAPCELL_ROW_9_285,VPWR,li1,83.0300,35.6660,1.799823
TAP_TAPCELL_ROW_9_284,VPWR,li1,57.2700,35.6660,1.799847
TAP_TAPCELL_ROW_9_283,VPWR,li1,31.5100,35.6660,1.799931
TAP_TAPCELL_ROW_8_282,VPWR,li1,250.4700,35.0530,1.799960
TAP_TAPCELL_ROW_8_281,VPWR,li1,224.7100,35.0530,1.799960
TAP_TAPCELL_ROW_8_280,VPWR,li1,198.9500,35.0530,1.799960
TAP_TAPCELL_ROW_8_279,VPWR,li1,173.1900,35.0530,1.799952
TAP_TAPCELL_ROW_8_278,VPWR,li1,147.4300,35.0530,1.799873
TAP_TAPCELL_ROW_8_277,VPWR,li1,121.6700,35.0530,1.799828
TAP_TAPCELL_ROW_8_276,VPWR,li1,95.9100,35.0530,1.799821
TAP_TAPCELL_ROW_8_275,VPWR,li1,70.1500,35.0530,1.799831
TAP_TAPCELL_ROW_8_274,VPWR,li1,44.3900,35.0530,1.799881
TAP_TAPCELL_ROW_8_273,VPWR,li1,18.6300,35.0530,1.799964
TAP_TAPCELL_ROW_7_272,VPWR,li1,237.5900,30.2260,1.799900
TAP_TAPCELL_ROW_7_271,VPWR,li1,211.8300,30.2260,1.799900
TAP_TAPCELL_ROW_7_270,VPWR,li1,186.0700,30.2260,1.799900
TAP_TAPCELL_ROW_7_269,VPWR,li1,160.3100,30.2260,1.799778
TAP_TAPCELL_ROW_7_268,VPWR,li1,134.5500,30.2260,1.799651
TAP_TAPCELL_ROW_7_267,VPWR,li1,108.7900,30.2260,1.799659
TAP_TAPCELL_ROW_7_266,VPWR,li1,83.0300,30.2260,1.799724
TAP_TAPCELL_ROW_7_265,VPWR,li1,57.2700,30.2260,1.799790
TAP_TAPCELL_ROW_7_264,VPWR,li1,31.5100,30.2260,1.799909
TAP_TAPCELL_ROW_6_263,VPWR,li1,250.4700,29.6130,1.799900
TAP_TAPCELL_ROW_6_262,VPWR,li1,224.7100,29.6130,1.799900
TAP_TAPCELL_ROW_6_261,VPWR,li1,198.9500,29.6130,1.799900
TAP_TAPCELL_ROW_6_260,VPWR,li1,173.1900,29.6130,1.799877
TAP_TAPCELL_ROW_6_259,VPWR,li1,147.4300,29.6130,1.799693
TAP_TAPCELL_ROW_6_258,VPWR,li1,121.6700,29.6130,1.799633
TAP_TAPCELL_ROW_6_257,VPWR,li1,95.9100,29.6130,1.799689
TAP_TAPCELL_ROW_6_256,VPWR,li1,70.1500,29.6130,1.799758
TAP_TAPCELL_ROW_6_255,VPWR,li1,44.3900,29.6130,1.799841
TAP_TAPCELL_ROW_6_254,VPWR,li1,18.6300,29.6130,1.799953
TAP_TAPCELL_ROW_5_253,VPWR,li1,237.5900,24.7860,1.799976
TAP_TAPCELL_ROW_5_252,VPWR,li1,211.8300,24.7860,1.799976
TAP_TAPCELL_ROW_5_251,VPWR,li1,186.0700,24.7860,1.799976
TAP_TAPCELL_ROW_5_250,VPWR,li1,160.3100,24.7860,1.799956
TAP_TAPCELL_ROW_5_249,VPWR,li1,134.5500,24.7860,1.799928
TAP_TAPCELL_ROW_5_248,VPWR,li1,108.7900,24.7860,1.799930
TAP_TAPCELL_ROW_5_247,VPWR,li1,83.0300,24.7860,1.799935
TAP_TAPCELL_ROW_5_246,VPWR,li1,57.2700,24.7860,1.799951
TAP_TAPCELL_ROW_5_245,VPWR,li1,31.5100,24.7860,1.799979
TAP_TAPCELL_ROW_4_244,VPWR,li1,250.4700,24.1730,1.799976
TAP_TAPCELL_ROW_4_243,VPWR,li1,224.7100,24.1730,1.799976
TAP_TAPCELL_ROW_4_242,VPWR,li1,198.9500,24.1730,1.799976
TAP_TAPCELL_ROW_4_241,VPWR,li1,173.1900,24.1730,1.799976
TAP_TAPCELL_ROW_4_240,VPWR,li1,147.4300,24.1730,1.799935
TAP_TAPCELL_ROW_4_239,VPWR,li1,121.6700,24.1730,1.799928
TAP_TAPCELL_ROW_4_238,VPWR,li1,95.9100,24.1730,1.799932
TAP_TAPCELL_ROW_4_237,VPWR,li1,70.1500,24.1730,1.799940
TAP_TAPCELL_ROW_4_236,VPWR,li1,44.3900,24.1730,1.799964
TAP_TAPCELL_ROW_4_235,VPWR,li1,18.6300,24.1730,1.799989
TAP_TAPCELL_ROW_3_234,VPWR,li1,237.5900,19.3460,1.799944
TAP_TAPCELL_ROW_3_233,VPWR,li1,211.8300,19.3460,1.799944
TAP_TAPCELL_ROW_3_232,VPWR,li1,186.0700,19.3460,1.799944
TAP_TAPCELL_ROW_3_231,VPWR,li1,160.3100,19.3460,1.799884
TAP_TAPCELL_ROW_3_230,VPWR,li1,134.5500,19.3460,1.799816
TAP_TAPCELL_ROW_3_229,VPWR,li1,108.7900,19.3460,1.799812
TAP_TAPCELL_ROW_3_228,VPWR,li1,83.0300,19.3460,1.799844
TAP_TAPCELL_ROW_3_227,VPWR,li1,57.2700,19.3460,1.799892
TAP_TAPCELL_ROW_3_226,VPWR,li1,31.5100,19.3460,1.799956
TAP_TAPCELL_ROW_2_225,VPWR,li1,250.4700,18.7330,1.799944
TAP_TAPCELL_ROW_2_224,VPWR,li1,224.7100,18.7330,1.799944
TAP_TAPCELL_ROW_2_223,VPWR,li1,198.9500,18.7330,1.799944
TAP_TAPCELL_ROW_2_222,VPWR,li1,173.1900,18.7330,1.799934
TAP_TAPCELL_ROW_2_221,VPWR,li1,147.4300,18.7330,1.799845
TAP_TAPCELL_ROW_2_220,VPWR,li1,121.6700,18.7330,1.799806
TAP_TAPCELL_ROW_2_219,VPWR,li1,95.9100,18.7330,1.799823
TAP_TAPCELL_ROW_2_218,VPWR,li1,70.1500,18.7330,1.799865
TAP_TAPCELL_ROW_2_217,VPWR,li1,44.3900,18.7330,1.799922
TAP_TAPCELL_ROW_2_216,VPWR,li1,18.6300,18.7330,1.799977
TAP_TAPCELL_ROW_1_215,VPWR,li1,237.5900,13.9060,1.799982
TAP_TAPCELL_ROW_1_214,VPWR,li1,211.8300,13.9060,1.799982
TAP_TAPCELL_ROW_1_213,VPWR,li1,186.0700,13.9060,1.799982
TAP_TAPCELL_ROW_1_212,VPWR,li1,160.3100,13.9060,1.799963
TAP_TAPCELL_ROW_1_211,VPWR,li1,134.5500,13.9060,1.799941
TAP_TAPCELL_ROW_1_210,VPWR,li1,108.7900,13.9060,1.799944
TAP_TAPCELL_ROW_1_209,VPWR,li1,83.0300,13.9060,1.799956
TAP_TAPCELL_ROW_1_208,VPWR,li1,57.2700,13.9060,1.799971
TAP_TAPCELL_ROW_1_207,VPWR,li1,31.5100,13.9060,1.799988
TAP_TAPCELL_ROW_0_206,VPWR,li1,250.4700,13.2930,1.799982
TAP_TAPCELL_ROW_0_205,VPWR,li1,237.5900,13.2930,1.799982
TAP_TAPCELL_ROW_0_204,VPWR,li1,224.7100,13.2930,1.799982
TAP_TAPCELL_ROW_0_203,VPWR,li1,211.8300,13.2930,1.799982
TAP_TAPCELL_ROW_0_202,VPWR,li1,198.9500,13.2930,1.799982
TAP_TAPCELL_ROW_0_201,VPWR,li1,186.0700,13.2930,1.799982
TAP_TAPCELL_ROW_0_200,VPWR,li1,173.1900,13.2930,1.799980
TAP_TAPCELL_ROW_0_199,VPWR,li1,160.3100,13.2930,1.799963
TAP_TAPCELL_ROW_0_198,VPWR,li1,147.4300,13.2930,1.799950
TAP_TAPCELL_ROW_0_197,VPWR,li1,134.5500,13.2930,1.799941
TAP_TAPCELL_ROW_0_196,VPWR,li1,121.6700,13.2930,1.799939
TAP_TAPCELL_ROW_0_195,VPWR,li1,108.7900,13.2930,1.799944
TAP_TAPCELL_ROW_0_194,VPWR,li1,95.9100,13.2930,1.799949
TAP_TAPCELL_ROW_0_193,VPWR,li1,83.0300,13.2930,1.799956
TAP_TAPCELL_ROW_0_192,VPWR,li1,70.1500,13.2930,1.799964
TAP_TAPCELL_ROW_0_191,VPWR,li1,57.2700,13.2930,1.799971
TAP_TAPCELL_ROW_0_190,VPWR,li1,44.3900,13.2930,1.799980
TAP_TAPCELL_ROW_0_189,VPWR,li1,31.5100,13.2930,1.799988
TAP_TAPCELL_ROW_0_188,VPWR,li1,18.6300,13.2930,1.799994
PHY_EDGE_ROW_93_Left_187,VPWR,li1,6.2100,263.8400,1.799997
PHY_EDGE_ROW_92_Left_186,VPWR,li1,6.2100,263.8400,1.799997
PHY_EDGE_ROW_91_Left_185,VPWR,li1,6.2100,258.4000,1.799986
PHY_EDGE_ROW_90_Left_184,VPWR,li1,6.2100,258.4000,1.799986
PHY_EDGE_ROW_89_Left_183,VPWR,li1,6.2100,252.9600,1.799984
PHY_EDGE_ROW_88_Left_182,VPWR,li1,6.2100,252.9600,1.799984
PHY_EDGE_ROW_87_Left_181,VPWR,li1,6.2100,247.5200,1.799993
PHY_EDGE_ROW_86_Left_180,VPWR,li1,6.2100,247.5200,1.799993
PHY_EDGE_ROW_85_Left_179,VPWR,li1,6.2100,242.0800,1.799992
PHY_EDGE_ROW_84_Left_178,VPWR,li1,6.2100,242.0800,1.799992
PHY_EDGE_ROW_83_Left_177,VPWR,li1,6.2100,236.6400,1.799963
PHY_EDGE_ROW_82_Left_176,VPWR,li1,6.2100,236.6400,1.799963
PHY_EDGE_ROW_81_Left_175,VPWR,li1,6.2100,231.2000,1.799953
PHY_EDGE_ROW_80_Left_174,VPWR,li1,6.2100,231.2000,1.799953
PHY_EDGE_ROW_79_Left_173,VPWR,li1,6.2100,225.7600,1.799950
PHY_EDGE_ROW_78_Left_172,VPWR,li1,6.2100,225.7600,1.799950
PHY_EDGE_ROW_77_Left_171,VPWR,li1,6.2100,220.3200,1.799886
PHY_EDGE_ROW_76_Left_170,VPWR,li1,6.2100,220.3200,1.799886
PHY_EDGE_ROW_75_Left_169,VPWR,li1,6.2100,214.8800,1.799867
PHY_EDGE_ROW_74_Left_168,VPWR,li1,6.2100,214.8800,1.799867
PHY_EDGE_ROW_73_Left_167,VPWR,li1,6.2100,209.4400,1.799879
PHY_EDGE_ROW_72_Left_166,VPWR,li1,6.2100,209.4400,1.799879
PHY_EDGE_ROW_71_Left_165,VPWR,li1,6.2100,204.0000,1.799892
PHY_EDGE_ROW_70_Left_164,VPWR,li1,6.2100,204.0000,1.799892
PHY_EDGE_ROW_69_Left_163,VPWR,li1,6.2100,198.5600,1.799938
PHY_EDGE_ROW_68_Left_162,VPWR,li1,6.2100,198.5600,1.799938
PHY_EDGE_ROW_67_Left_161,VPWR,li1,6.2100,193.1200,1.799882
PHY_EDGE_ROW_66_Left_160,VPWR,li1,6.2100,193.1200,1.799882
PHY_EDGE_ROW_65_Left_159,VPWR,li1,6.2100,187.6800,1.799877
PHY_EDGE_ROW_64_Left_158,VPWR,li1,6.2100,187.6800,1.799877
PHY_EDGE_ROW_63_Left_157,VPWR,li1,6.2100,182.2400,1.799918
PHY_EDGE_ROW_62_Left_156,VPWR,li1,6.2100,182.2400,1.799918
PHY_EDGE_ROW_61_Left_155,VPWR,li1,6.2100,176.8000,1.799906
PHY_EDGE_ROW_60_Left_154,VPWR,li1,6.2100,176.8000,1.799906
PHY_EDGE_ROW_59_Left_153,VPWR,li1,6.2100,171.3600,1.799913
PHY_EDGE_ROW_58_Left_152,VPWR,li1,6.2100,171.3600,1.799913
PHY_EDGE_ROW_57_Left_151,VPWR,li1,6.2100,165.9200,1.799886
PHY_EDGE_ROW_56_Left_150,VPWR,li1,6.2100,165.9200,1.799886
PHY_EDGE_ROW_55_Left_149,VPWR,li1,6.2100,160.4800,1.799872
PHY_EDGE_ROW_54_Left_148,VPWR,li1,6.2100,160.4800,1.799872
PHY_EDGE_ROW_53_Left_147,VPWR,li1,6.2100,155.0400,1.799853
PHY_EDGE_ROW_52_Left_146,VPWR,li1,6.2100,155.0400,1.799853
PHY_EDGE_ROW_51_Left_145,VPWR,li1,6.2100,149.6000,1.799758
PHY_EDGE_ROW_50_Left_144,VPWR,li1,6.2100,149.6000,1.799758
PHY_EDGE_ROW_49_Left_143,VPWR,li1,6.2100,144.1600,1.799858
PHY_EDGE_ROW_48_Left_142,VPWR,li1,6.2100,144.1600,1.799858
PHY_EDGE_ROW_47_Left_141,VPWR,li1,6.2100,138.7200,1.799887
PHY_EDGE_ROW_46_Left_140,VPWR,li1,6.2100,138.7200,1.799887
PHY_EDGE_ROW_45_Left_139,VPWR,li1,6.2100,133.2800,1.799857
PHY_EDGE_ROW_44_Left_138,VPWR,li1,6.2100,133.2800,1.799857
PHY_EDGE_ROW_43_Left_137,VPWR,li1,6.2100,127.8400,1.799831
PHY_EDGE_ROW_42_Left_136,VPWR,li1,6.2100,127.8400,1.799831
PHY_EDGE_ROW_41_Left_135,VPWR,li1,6.2100,122.4000,1.799868
PHY_EDGE_ROW_40_Left_134,VPWR,li1,6.2100,122.4000,1.799868
PHY_EDGE_ROW_39_Left_133,VPWR,li1,6.2100,116.9600,1.799803
PHY_EDGE_ROW_38_Left_132,VPWR,li1,6.2100,116.9600,1.799803
PHY_EDGE_ROW_37_Left_131,VPWR,li1,6.2100,111.5200,1.799888
PHY_EDGE_ROW_36_Left_130,VPWR,li1,6.2100,111.5200,1.799888
PHY_EDGE_ROW_35_Left_129,VPWR,li1,6.2100,106.0800,1.799783
PHY_EDGE_ROW_34_Left_128,VPWR,li1,6.2100,106.0800,1.799783
PHY_EDGE_ROW_33_Left_127,VPWR,li1,6.2100,100.6400,1.799919
PHY_EDGE_ROW_32_Left_126,VPWR,li1,6.2100,100.6400,1.799919
PHY_EDGE_ROW_31_Left_125,VPWR,li1,6.2100,95.2000,1.799881
PHY_EDGE_ROW_30_Left_124,VPWR,li1,6.2100,95.2000,1.799881
PHY_EDGE_ROW_29_Left_123,VPWR,li1,6.2100,89.7600,1.799896
PHY_EDGE_ROW_28_Left_122,VPWR,li1,6.2100,89.7600,1.799896
PHY_EDGE_ROW_27_Left_121,VPWR,li1,6.2100,84.3200,1.799870
PHY_EDGE_ROW_26_Left_120,VPWR,li1,6.2100,84.3200,1.799870
PHY_EDGE_ROW_25_Left_119,VPWR,li1,6.2100,78.8800,1.799881
PHY_EDGE_ROW_24_Left_118,VPWR,li1,6.2100,78.8800,1.799881
PHY_EDGE_ROW_23_Left_117,VPWR,li1,6.2100,73.4400,1.799865
PHY_EDGE_ROW_22_Left_116,VPWR,li1,6.2100,73.4400,1.799865
PHY_EDGE_ROW_21_Left_115,VPWR,li1,6.2100,68.0000,1.799867
PHY_EDGE_ROW_20_Left_114,VPWR,li1,6.2100,68.0000,1.799867
PHY_EDGE_ROW_19_Left_113,VPWR,li1,6.2100,62.5600,1.799872
PHY_EDGE_ROW_18_Left_112,VPWR,li1,6.2100,62.5600,1.799872
PHY_EDGE_ROW_17_Left_111,VPWR,li1,6.2100,57.1200,1.799843
PHY_EDGE_ROW_16_Left_110,VPWR,li1,6.2100,57.1200,1.799843
PHY_EDGE_ROW_15_Left_109,VPWR,li1,6.2100,51.6800,1.799919
PHY_EDGE_ROW_14_Left_108,VPWR,li1,6.2100,51.6800,1.799919
PHY_EDGE_ROW_13_Left_107,VPWR,li1,6.2100,46.2400,1.799920
PHY_EDGE_ROW_12_Left_106,VPWR,li1,6.2100,46.2400,1.799920
PHY_EDGE_ROW_11_Left_105,VPWR,li1,6.2100,40.8000,1.799954
PHY_EDGE_ROW_10_Left_104,VPWR,li1,6.2100,40.8000,1.799954
PHY_EDGE_ROW_9_Left_103,VPWR,li1,6.2100,35.3600,1.799964
PHY_EDGE_ROW_8_Left_102,VPWR,li1,6.2100,35.3600,1.799964
PHY_EDGE_ROW_7_Left_101,VPWR,li1,6.2100,29.9200,1.799953
PHY_EDGE_ROW_6_Left_100,VPWR,li1,6.2100,29.9200,1.799953
PHY_EDGE_ROW_5_Left_99,VPWR,li1,6.2100,24.4800,1.799989
PHY_EDGE_ROW_4_Left_98,VPWR,li1,6.2100,24.4800,1.799989
PHY_EDGE_ROW_3_Left_97,VPWR,li1,6.2100,19.0400,1.799977
PHY_EDGE_ROW_2_Left_96,VPWR,li1,6.2100,19.0400,1.799977
PHY_EDGE_ROW_1_Left_95,VPWR,li1,6.2100,13.6000,1.799994
PHY_EDGE_ROW_0_Left_94,VPWR,li1,6.2100,13.6000,1.799994
PHY_EDGE_ROW_93_Right_93,VPWR,li1,261.0500,263.8400,1.799989
PHY_EDGE_ROW_92_Right_92,VPWR,li1,261.0500,263.8400,1.799989
PHY_EDGE_ROW_91_Right_91,VPWR,li1,261.0500,258.4000,1.799933
PHY_EDGE_ROW_90_Right_90,VPWR,li1,261.0500,258.4000,1.799933
PHY_EDGE_ROW_89_Right_89,VPWR,li1,261.0500,252.9600,1.799927
PHY_EDGE_ROW_88_Right_88,VPWR,li1,261.0500,252.9600,1.799927
PHY_EDGE_ROW_87_Right_87,VPWR,li1,261.0500,247.5200,1.799690
PHY_EDGE_ROW_86_Right_86,VPWR,li1,261.0500,247.5200,1.799690
PHY_EDGE_ROW_85_Right_85,VPWR,li1,261.0500,242.0800,1.799740
PHY_EDGE_ROW_84_Right_84,VPWR,li1,261.0500,242.0800,1.799740
PHY_EDGE_ROW_83_Right_83,VPWR,li1,261.0500,236.6400,1.799664
PHY_EDGE_ROW_82_Right_82,VPWR,li1,261.0500,236.6400,1.799664
PHY_EDGE_ROW_81_Right_81,VPWR,li1,261.0500,231.2000,1.799728
PHY_EDGE_ROW_80_Right_80,VPWR,li1,261.0500,231.2000,1.799728
PHY_EDGE_ROW_79_Right_79,VPWR,li1,261.0500,225.7600,1.799047
PHY_EDGE_ROW_78_Right_78,VPWR,li1,261.0500,225.7600,1.799047
PHY_EDGE_ROW_77_Right_77,VPWR,li1,261.0500,220.3200,1.798732
PHY_EDGE_ROW_76_Right_76,VPWR,li1,261.0500,220.3200,1.798732
PHY_EDGE_ROW_75_Right_75,VPWR,li1,261.0500,214.8800,1.799754
PHY_EDGE_ROW_74_Right_74,VPWR,li1,261.0500,214.8800,1.799754
PHY_EDGE_ROW_73_Right_73,VPWR,li1,261.0500,209.4400,1.799766
PHY_EDGE_ROW_72_Right_72,VPWR,li1,261.0500,209.4400,1.799766
PHY_EDGE_ROW_71_Right_71,VPWR,li1,261.0500,204.0000,1.799464
PHY_EDGE_ROW_70_Right_70,VPWR,li1,261.0500,204.0000,1.799464
PHY_EDGE_ROW_69_Right_69,VPWR,li1,261.0500,198.5600,1.799453
PHY_EDGE_ROW_68_Right_68,VPWR,li1,261.0500,198.5600,1.799453
PHY_EDGE_ROW_67_Right_67,VPWR,li1,261.0500,193.1200,1.799514
PHY_EDGE_ROW_66_Right_66,VPWR,li1,261.0500,193.1200,1.799514
PHY_EDGE_ROW_65_Right_65,VPWR,li1,261.0500,187.6800,1.798914
PHY_EDGE_ROW_64_Right_64,VPWR,li1,261.0500,187.6800,1.798914
PHY_EDGE_ROW_63_Right_63,VPWR,li1,261.0500,182.2400,1.799453
PHY_EDGE_ROW_62_Right_62,VPWR,li1,261.0500,182.2400,1.799453
PHY_EDGE_ROW_61_Right_61,VPWR,li1,261.0500,176.8000,1.799248
PHY_EDGE_ROW_60_Right_60,VPWR,li1,261.0500,176.8000,1.799248
PHY_EDGE_ROW_59_Right_59,VPWR,li1,261.0500,171.3600,1.799340
PHY_EDGE_ROW_58_Right_58,VPWR,li1,261.0500,171.3600,1.799340
PHY_EDGE_ROW_57_Right_57,VPWR,li1,261.0500,165.9200,1.799340
PHY_EDGE_ROW_56_Right_56,VPWR,li1,261.0500,165.9200,1.799340
PHY_EDGE_ROW_55_Right_55,VPWR,li1,261.0500,160.4800,1.799320
PHY_EDGE_ROW_54_Right_54,VPWR,li1,261.0500,160.4800,1.799320
PHY_EDGE_ROW_53_Right_53,VPWR,li1,261.0500,155.0400,1.798956
PHY_EDGE_ROW_52_Right_52,VPWR,li1,261.0500,155.0400,1.798956
PHY_EDGE_ROW_51_Right_51,VPWR,li1,261.0500,149.6000,1.799576
PHY_EDGE_ROW_50_Right_50,VPWR,li1,261.0500,149.6000,1.799576
PHY_EDGE_ROW_49_Right_49,VPWR,li1,261.0500,144.1600,1.799387
PHY_EDGE_ROW_48_Right_48,VPWR,li1,261.0500,144.1600,1.799387
PHY_EDGE_ROW_47_Right_47,VPWR,li1,261.0500,138.7200,1.799539
PHY_EDGE_ROW_46_Right_46,VPWR,li1,261.0500,138.7200,1.799539
PHY_EDGE_ROW_45_Right_45,VPWR,li1,261.0500,133.2800,1.799127
PHY_EDGE_ROW_44_Right_44,VPWR,li1,261.0500,133.2800,1.799127
PHY_EDGE_ROW_43_Right_43,VPWR,li1,261.0500,127.8400,1.798810
PHY_EDGE_ROW_42_Right_42,VPWR,li1,261.0500,127.8400,1.798810
PHY_EDGE_ROW_41_Right_41,VPWR,li1,261.0500,122.4000,1.799567
PHY_EDGE_ROW_40_Right_40,VPWR,li1,261.0500,122.4000,1.799567
PHY_EDGE_ROW_39_Right_39,VPWR,li1,261.0500,116.9600,1.799567
PHY_EDGE_ROW_38_Right_38,VPWR,li1,261.0500,116.9600,1.799567
PHY_EDGE_ROW_37_Right_37,VPWR,li1,261.0500,111.5200,1.799269
PHY_EDGE_ROW_36_Right_36,VPWR,li1,261.0500,111.5200,1.799269
PHY_EDGE_ROW_35_Right_35,VPWR,li1,261.0500,106.0800,1.799084
PHY_EDGE_ROW_34_Right_34,VPWR,li1,261.0500,106.0800,1.799084
PHY_EDGE_ROW_33_Right_33,VPWR,li1,261.0500,100.6400,1.798916
PHY_EDGE_ROW_32_Right_32,VPWR,li1,261.0500,100.6400,1.798916
PHY_EDGE_ROW_31_Right_31,VPWR,li1,261.0500,95.2000,1.798862
PHY_EDGE_ROW_30_Right_30,VPWR,li1,261.0500,95.2000,1.798862
PHY_EDGE_ROW_29_Right_29,VPWR,li1,261.0500,89.7600,1.799517
PHY_EDGE_ROW_28_Right_28,VPWR,li1,261.0500,89.7600,1.799517
PHY_EDGE_ROW_27_Right_27,VPWR,li1,261.0500,84.3200,1.799362
PHY_EDGE_ROW_26_Right_26,VPWR,li1,261.0500,84.3200,1.799362
PHY_EDGE_ROW_25_Right_25,VPWR,li1,261.0500,78.8800,1.799574
PHY_EDGE_ROW_24_Right_24,VPWR,li1,261.0500,78.8800,1.799574
PHY_EDGE_ROW_23_Right_23,VPWR,li1,261.0500,73.4400,1.799803
PHY_EDGE_ROW_22_Right_22,VPWR,li1,261.0500,73.4400,1.799803
PHY_EDGE_ROW_21_Right_21,VPWR,li1,261.0500,68.0000,1.799734
PHY_EDGE_ROW_20_Right_20,VPWR,li1,261.0500,68.0000,1.799734
PHY_EDGE_ROW_19_Right_19,VPWR,li1,261.0500,62.5600,1.799624
PHY_EDGE_ROW_18_Right_18,VPWR,li1,261.0500,62.5600,1.799624
PHY_EDGE_ROW_17_Right_17,VPWR,li1,261.0500,57.1200,1.799917
PHY_EDGE_ROW_16_Right_16,VPWR,li1,261.0500,57.1200,1.799917
PHY_EDGE_ROW_15_Right_15,VPWR,li1,261.0500,51.6800,1.799917
PHY_EDGE_ROW_14_Right_14,VPWR,li1,261.0500,51.6800,1.799917
PHY_EDGE_ROW_13_Right_13,VPWR,li1,261.0500,46.2400,1.799951
PHY_EDGE_ROW_12_Right_12,VPWR,li1,261.0500,46.2400,1.799951
PHY_EDGE_ROW_11_Right_11,VPWR,li1,261.0500,40.8000,1.799958
PHY_EDGE_ROW_10_Right_10,VPWR,li1,261.0500,40.8000,1.799958
PHY_EDGE_ROW_9_Right_9,VPWR,li1,261.0500,35.3600,1.799960
PHY_EDGE_ROW_8_Right_8,VPWR,li1,261.0500,35.3600,1.799960
PHY_EDGE_ROW_7_Right_7,VPWR,li1,261.0500,29.9200,1.799900
PHY_EDGE_ROW_6_Right_6,VPWR,li1,261.0500,29.9200,1.799900
PHY_EDGE_ROW_5_Right_5,VPWR,li1,261.0500,24.4800,1.799976
PHY_EDGE_ROW_4_Right_4,VPWR,li1,261.0500,24.4800,1.799976
PHY_EDGE_ROW_3_Right_3,VPWR,li1,261.0500,19.0400,1.799944
PHY_EDGE_ROW_2_Right_2,VPWR,li1,261.0500,19.0400,1.799944
PHY_EDGE_ROW_1_Right_1,VPWR,li1,261.0500,13.6000,1.799982
PHY_EDGE_ROW_0_Right_0,VPWR,li1,261.0500,13.6000,1.799982
_4520_,VPWR,li1,11.5000,95.2000,1.799881
_4519_,VPWR,li1,155.4800,19.0400,1.799868
_4518_,VPWR,li1,148.5800,24.4800,1.799935
_4517_,VPWR,li1,132.9400,19.0400,1.799816
_4516_,VPWR,li1,129.7200,13.6000,1.799938
_4515_,VPWR,li1,128.3400,19.0400,1.799809
_4514_,VPWR,li1,142.1400,19.0400,1.799832
_4513_,VPWR,li1,152.2600,19.0400,1.799858
_4512_,VPWR,li1,151.8000,258.4000,1.799865
_4511_,VPWR,li1,190.9000,258.4000,1.799935
_4510_,VPWR,li1,160.0800,258.4000,1.799880
_4509_,VPWR,li1,126.5000,258.4000,1.799846
_4508_,VPWR,li1,114.5400,258.4000,1.799854
_4507_,VPWR,li1,123.7400,258.4000,1.799847
_4506_,VPWR,li1,109.9400,236.6400,1.799679
_4505_,VPWR,li1,113.6200,236.6400,1.799676
_4504_,VPWR,li1,135.7000,149.6000,1.799486
_4503_,VPWR,li1,227.4700,51.6800,1.799917
_4502_,VPWR,li1,141.9100,144.1600,1.799437
_4501_,VPWR,li1,138.6900,144.1600,1.799409
_4500_,VPWR,li1,109.9400,122.4000,1.799500
_4499_,VPWR,li1,86.0200,122.4000,1.799472
_4498_,VPWR,li1,69.4600,133.2800,1.799475
_4497_,VPWR,li1,52.9000,116.9600,1.799451
_4496_,VPWR,li1,25.7600,116.9600,1.799745
_4495_,VPWR,li1,44.1600,89.7600,1.799735
_4494_,VPWR,li1,18.8600,89.7600,1.799897
_4493_,VPWR,li1,26.6800,57.1200,1.799758
_4492_,VPWR,li1,27.1400,46.2400,1.799893
_4491_,VPWR,li1,23.0000,106.0800,1.799755
_4490_,VPWR,li1,109.4800,78.8800,1.799553
_4489_,VPWR,li1,121.4400,29.9200,1.799633
_4488_,VPWR,li1,140.7600,40.8000,1.799865
_4487_,VPWR,li1,152.2600,46.2400,1.799844
_4486_,VPWR,li1,139.3800,89.7600,1.799613
_4485_,VPWR,li1,141.6800,106.0800,1.799378
_4484_,VPWR,li1,113.6200,116.9600,1.799408
_4483_,VPWR,li1,87.8600,122.4000,1.799471
_4482_,VPWR,li1,69.4600,127.8400,1.799329
_4481_,VPWR,li1,56.1200,122.4000,1.799572
_4480_,VPWR,li1,25.7600,122.4000,1.799836
_4479_,VPWR,li1,44.6200,95.2000,1.799738
_4478_,VPWR,li1,18.8600,84.3200,1.799879
_4477_,VPWR,li1,26.6800,51.6800,1.799894
_4476_,VPWR,li1,26.6800,46.2400,1.799893
_4475_,VPWR,li1,23.0000,100.6400,1.799927
_4474_,VPWR,li1,109.0200,73.4400,1.799595
_4473_,VPWR,li1,121.4400,35.3600,1.799828
_4472_,VPWR,li1,140.3000,35.3600,1.799859
_4471_,VPWR,li1,147.2000,46.2400,1.799823
_4470_,VPWR,li1,137.5400,89.7600,1.799606
_4469_,VPWR,li1,132.4800,106.0800,1.799320
_4468_,VPWR,li1,164.6800,35.3600,1.799921
_4467_,VPWR,li1,120.9800,165.9200,1.799589
_4466_,VPWR,li1,11.5000,127.8400,1.799831
_4465_,VPWR,li1,11.5000,138.7200,1.799887
_4464_,VPWR,li1,12.4200,122.4000,1.799869
_4463_,VPWR,li1,12.8800,116.9600,1.799803
_4462_,VPWR,li1,11.5000,100.6400,1.799919
_4461_,VPWR,li1,11.5000,84.3200,1.799871
_4460_,VPWR,li1,13.3400,57.1200,1.799843
_4459_,VPWR,li1,13.3400,46.2400,1.799922
_4458_,VPWR,li1,11.5000,106.0800,1.799784
_4457_,VPWR,li1,114.5400,19.0400,1.799805
_4456_,VPWR,li1,119.1400,19.0400,1.799805
_4455_,VPWR,li1,147.2000,29.9200,1.799693
_4454_,VPWR,li1,155.4800,40.8000,1.799898
_4453_,VPWR,li1,138.4600,24.4800,1.799929
_4452_,VPWR,li1,132.9400,29.9200,1.799645
_4451_,VPWR,li1,93.8400,187.6800,1.799557
_4450_,VPWR,li1,77.9700,155.0400,1.799414
_4449_,VPWR,li1,75.9000,155.0400,1.799420
_4448_,VPWR,li1,74.9800,165.9200,1.799613
_4447_,VPWR,li1,74.9800,160.4800,1.799510
_4446_,VPWR,li1,108.7900,106.0800,1.799227
_4445_,VPWR,li1,38.1800,84.3200,1.799730
_4444_,VPWR,li1,108.5600,100.6400,1.799656
_4443_,VPWR,li1,255.7600,138.7200,1.799539
_4442_,VPWR,li1,250.2400,171.3600,1.799343
_4441_,VPWR,li1,248.4000,133.2800,1.799130
_4440_,VPWR,li1,245.6400,165.9200,1.799350
_4439_,VPWR,li1,245.6400,155.0400,1.798967
_4438_,VPWR,li1,249.3200,111.5200,1.799271
_4437_,VPWR,li1,255.7600,165.9200,1.799340
_4436_,VPWR,li1,255.7600,116.9600,1.799567
_4435_,VPWR,li1,255.3000,176.8000,1.799249
_4434_,VPWR,li1,254.3800,122.4000,1.799568
_4433_,VPWR,li1,158.2400,171.3600,1.799758
_4432_,VPWR,li1,255.3000,127.8400,1.798810
_4431_,VPWR,li1,255.7600,144.1600,1.799388
_4430_,VPWR,li1,141.2200,176.8000,1.799680
_4429_,VPWR,li1,255.7600,155.0400,1.798957
_4428_,VPWR,li1,245.6400,149.6000,1.799583
_4427_,VPWR,li1,106.2600,252.9600,1.799848
_4426_,VPWR,li1,95.9100,220.3200,1.799407
_4425_,VPWR,li1,81.8800,231.2000,1.799709
_4424_,VPWR,li1,100.7400,225.7600,1.799714
_4423_,VPWR,li1,104.8800,220.3200,1.799390
_4422_,VPWR,li1,107.1800,204.0000,1.799345
_4421_,VPWR,li1,109.4800,193.1200,1.799562
_4420_,VPWR,li1,113.6200,187.6800,1.799537
_4419_,VPWR,li1,95.6800,127.8400,1.799214
_4418_,VPWR,li1,87.8600,138.7200,1.799567
_4417_,VPWR,li1,68.0800,149.6000,1.799255
_4416_,VPWR,li1,57.0400,144.1600,1.799564
_4415_,VPWR,li1,48.3000,133.2800,1.799568
_4414_,VPWR,li1,42.3200,144.1600,1.799669
_4413_,VPWR,li1,33.1200,138.7200,1.799792
_4412_,VPWR,li1,26.6800,149.6000,1.799701
_4411_,VPWR,li1,17.4800,149.6000,1.799765
_4410_,VPWR,li1,18.4000,133.2800,1.799857
_4409_,VPWR,li1,92.0000,149.6000,1.799239
_4408_,VPWR,li1,103.9600,149.6000,1.799274
_4407_,VPWR,li1,127.8800,138.7200,1.799635
_4406_,VPWR,li1,128.3400,155.0400,1.799407
_4405_,VPWR,li1,120.5200,144.1600,1.799312
_4404_,VPWR,li1,113.6200,127.8400,1.799229
_4403_,VPWR,li1,178.0200,198.5600,1.799821
_4402_,VPWR,li1,183.3100,209.4400,1.799819
_4401_,VPWR,li1,176.8700,204.0000,1.799758
_4400_,VPWR,li1,167.6700,209.4400,1.799721
_4399_,VPWR,li1,194.1200,122.4000,1.799753
_4398_,VPWR,li1,198.2600,138.7200,1.799727
_4397_,VPWR,li1,185.3800,155.0400,1.799531
_4396_,VPWR,li1,178.0200,176.8000,1.799719
_4395_,VPWR,li1,96.6000,133.2800,1.799434
_4394_,VPWR,li1,82.8000,138.7200,1.799579
_4393_,VPWR,li1,65.3200,149.6000,1.799268
_4392_,VPWR,li1,56.1200,149.6000,1.799338
_4391_,VPWR,li1,49.2200,133.2800,1.799568
_4390_,VPWR,li1,39.5600,149.6000,1.799506
_4389_,VPWR,li1,30.8200,133.2800,1.799742
_4388_,VPWR,li1,12.8800,144.1600,1.799858
_4387_,VPWR,li1,12.8800,149.6000,1.799758
_4386_,VPWR,li1,17.4800,127.8400,1.799835
_4385_,VPWR,li1,88.7800,149.6000,1.799233
_4384_,VPWR,li1,103.5000,144.1600,1.799327
_4383_,VPWR,li1,126.5000,133.2800,1.799461
_4382_,VPWR,li1,126.9600,155.0400,1.799407
_4381_,VPWR,li1,114.5400,144.1600,1.799303
_4380_,VPWR,li1,109.9400,133.2800,1.799433
_4379_,VPWR,li1,218.5000,187.6800,1.799051
_4378_,VPWR,li1,231.8400,171.3600,1.799384
_4377_,VPWR,li1,241.9600,187.6800,1.798914
_4376_,VPWR,li1,232.3000,193.1200,1.799514
_4375_,VPWR,li1,211.1400,171.3600,1.799507
_4374_,VPWR,li1,232.7600,182.2400,1.799462
_4373_,VPWR,li1,205.1600,176.8000,1.799364
_4372_,VPWR,li1,202.8600,187.6800,1.799295
_4371_,VPWR,li1,187.2200,198.5600,1.799739
_4370_,VPWR,li1,177.5600,193.1200,1.799731
_4369_,VPWR,li1,157.3200,193.1200,1.799597
_4368_,VPWR,li1,142.6000,193.1200,1.799543
_4367_,VPWR,li1,149.9600,176.8000,1.799690
_4366_,VPWR,li1,131.1000,171.3600,1.799662
_4365_,VPWR,li1,165.6000,176.8000,1.799732
_4364_,VPWR,li1,180.7800,182.2400,1.799757
_4363_,VPWR,li1,209.3000,187.6800,1.799179
_4362_,VPWR,li1,222.6400,171.3600,1.799435
_4361_,VPWR,li1,232.7600,187.6800,1.798929
_4360_,VPWR,li1,230.0000,198.5600,1.799457
_4359_,VPWR,li1,207.0000,171.3600,1.799552
_4358_,VPWR,li1,222.1800,182.2400,1.799485
_4357_,VPWR,li1,195.9600,176.8000,1.799440
_4356_,VPWR,li1,193.6600,187.6800,1.799435
_4355_,VPWR,li1,181.7000,193.1200,1.799685
_4354_,VPWR,li1,168.3600,193.1200,1.799670
_4353_,VPWR,li1,155.4800,193.1200,1.799587
_4352_,VPWR,li1,139.3800,187.6800,1.799551
_4351_,VPWR,li1,152.2600,182.2400,1.799662
_4350_,VPWR,li1,134.3200,165.9200,1.799613
_4349_,VPWR,li1,164.6800,182.2400,1.799738
_4348_,VPWR,li1,180.3200,176.8000,1.799676
_4347_,VPWR,li1,146.2800,78.8800,1.799665
_4346_,VPWR,li1,162.6100,68.0000,1.799741
_4345_,VPWR,li1,154.5600,62.5600,1.799705
_4344_,VPWR,li1,146.7400,73.4400,1.799730
_4343_,VPWR,li1,145.3600,62.5600,1.799656
_4342_,VPWR,li1,142.1400,51.6800,1.799803
_4341_,VPWR,li1,151.3400,57.1200,1.799771
_4340_,VPWR,li1,156.4000,57.1200,1.799801
_4339_,VPWR,li1,97.9800,116.9600,1.799368
_4338_,VPWR,li1,78.2000,116.9600,1.799359
_4337_,VPWR,li1,63.4800,133.2800,1.799495
_4336_,VPWR,li1,52.4400,111.5200,1.799602
_4335_,VPWR,li1,37.2600,122.4000,1.799710
_4334_,VPWR,li1,43.2400,100.6400,1.799819
_4333_,VPWR,li1,30.3600,95.2000,1.799813
_4332_,VPWR,li1,31.2800,62.5600,1.799757
_4331_,VPWR,li1,21.1600,68.0000,1.799867
_4330_,VPWR,li1,31.2800,106.0800,1.799608
_4329_,VPWR,li1,100.7400,84.3200,1.799431
_4328_,VPWR,li1,112.7000,89.7600,1.799558
_4327_,VPWR,li1,138.9200,62.5600,1.799619
_4326_,VPWR,li1,141.6800,68.0000,1.799587
_4325_,VPWR,li1,127.8800,89.7600,1.799572
_4324_,VPWR,li1,123.2800,106.0800,1.799262
_4323_,VPWR,li1,106.2600,116.9600,1.799381
_4322_,VPWR,li1,81.4200,127.8400,1.799266
_4321_,VPWR,li1,65.3200,127.8400,1.799366
_4320_,VPWR,li1,54.7400,127.8400,1.799439
_4319_,VPWR,li1,36.8000,122.4000,1.799710
_4318_,VPWR,li1,49.2200,106.0800,1.799356
_4317_,VPWR,li1,30.3600,89.7600,1.799834
_4316_,VPWR,li1,31.7400,73.4400,1.799740
_4315_,VPWR,li1,23.0000,73.4400,1.799838
_4314_,VPWR,li1,30.3600,111.5200,1.799809
_4313_,VPWR,li1,96.1400,78.8800,1.799537
_4312_,VPWR,li1,113.6200,89.7600,1.799558
_4311_,VPWR,li1,135.2400,73.4400,1.799673
_4310_,VPWR,li1,138.9200,78.8800,1.799625
_4309_,VPWR,li1,126.5000,89.7600,1.799572
_4308_,VPWR,li1,122.3600,111.5200,1.799392
_4307_,VPWR,li1,216.6600,138.7200,1.799632
_4306_,VPWR,li1,245.6400,171.3600,1.799349
_4305_,VPWR,li1,236.9000,138.7200,1.799560
_4304_,VPWR,li1,233.6800,155.0400,1.798995
_4303_,VPWR,li1,218.5000,155.0400,1.799080
_4302_,VPWR,li1,242.4200,122.4000,1.799579
_4301_,VPWR,li1,204.2400,155.0400,1.799211
_4300_,VPWR,li1,201.9400,127.8400,1.799243
_4299_,VPWR,li1,191.3600,165.9200,1.799633
_4298_,VPWR,li1,190.9000,127.8400,1.799385
_4297_,VPWR,li1,158.2400,165.9200,1.799709
_4296_,VPWR,li1,141.6800,127.8400,1.799333
_4295_,VPWR,li1,153.6400,144.1600,1.799546
_4294_,VPWR,li1,141.6800,155.0400,1.799471
_4293_,VPWR,li1,178.0200,165.9200,1.799780
_4292_,VPWR,li1,193.6600,149.6000,1.799728
_4291_,VPWR,li1,176.1800,40.8000,1.799958
_4290_,VPWR,li1,177.1000,40.8000,1.799958
_4289_,VPWR,li1,174.8000,35.3600,1.799960
_4288_,VPWR,li1,181.2400,19.0400,1.799944
_4287_,VPWR,li1,167.4400,19.0400,1.799914
_4286_,VPWR,li1,167.4400,19.0400,1.799914
_4285_,VPWR,li1,180.7800,24.4800,1.799976
_4284_,VPWR,li1,138.0000,116.9600,1.799531
_4283_,VPWR,li1,130.6400,116.9600,1.799492
_4282_,VPWR,li1,129.2600,122.4000,1.799574
_4281_,VPWR,li1,129.7200,127.8400,1.799281
_4280_,VPWR,li1,126.0400,127.8400,1.799262
_4279_,VPWR,li1,213.4400,144.1600,1.799492
_4278_,VPWR,li1,236.4400,171.3600,1.799368
_4277_,VPWR,li1,232.7600,138.7200,1.799570
_4276_,VPWR,li1,232.3000,155.0400,1.798995
_4275_,VPWR,li1,218.0400,155.0400,1.799080
_4274_,VPWR,li1,242.4200,127.8400,1.798833
_4273_,VPWR,li1,202.4000,160.4800,1.799528
_4272_,VPWR,li1,203.7800,133.2800,1.799303
_4271_,VPWR,li1,190.4400,165.9200,1.799633
_4270_,VPWR,li1,188.1400,133.2800,1.799512
_4269_,VPWR,li1,158.2400,160.4800,1.799630
_4268_,VPWR,li1,141.6800,133.2800,1.799515
_4267_,VPWR,li1,153.6400,144.1600,1.799546
_4266_,VPWR,li1,142.1400,160.4800,1.799539
_4265_,VPWR,li1,172.9600,155.0400,1.799663
_4264_,VPWR,li1,189.0600,144.1600,1.799668
_4263_,VPWR,li1,11.7300,95.2000,1.799881
_4262_,VPWR,li1,161.2300,19.0400,1.799884
_4261_,VPWR,li1,153.8700,24.4800,1.799946
_4260_,VPWR,li1,137.3100,13.6000,1.799943
_4259_,VPWR,li1,133.6300,19.0400,1.799816
_4258_,VPWR,li1,127.6500,19.0400,1.799809
_4257_,VPWR,li1,142.8300,13.6000,1.799947
_4256_,VPWR,li1,148.8100,13.6000,1.799952
_4255_,VPWR,li1,152.4900,258.4000,1.799865
_4254_,VPWR,li1,188.3700,258.4000,1.799936
_4253_,VPWR,li1,161.2300,258.4000,1.799880
_4252_,VPWR,li1,123.5100,263.8400,1.799973
_4251_,VPWR,li1,120.2900,258.4000,1.799850
_4250_,VPWR,li1,129.0300,258.4000,1.799847
_4249_,VPWR,li1,115.2300,236.6400,1.799676
_4248_,VPWR,li1,112.9300,242.0800,1.799920
_4247_,VPWR,li1,140.9900,149.6000,1.799542
_4246_,VPWR,li1,227.9300,51.6800,1.799917
_4245_,VPWR,li1,142.8300,149.6000,1.799557
_4244_,VPWR,li1,138.6900,138.7200,1.799680
_4243_,VPWR,li1,115.2300,122.4000,1.799523
_4242_,VPWR,li1,94.9900,122.4000,1.799474
_4241_,VPWR,li1,70.6100,138.7200,1.799620
_4240_,VPWR,li1,65.0900,116.9600,1.799369
_4239_,VPWR,li1,30.5900,122.4000,1.799772
_4238_,VPWR,li1,39.3300,95.2000,1.799767
_4237_,VPWR,li1,17.7100,89.7600,1.799897
_4236_,VPWR,li1,32.4300,51.6800,1.799857
_4235_,VPWR,li1,36.5700,46.2400,1.799853
_4234_,VPWR,li1,19.5500,106.0800,1.799792
_4233_,VPWR,li1,110.6300,73.4400,1.799601
_4232_,VPWR,li1,123.0500,35.3600,1.799828
_4231_,VPWR,li1,144.2100,40.8000,1.799873
_4230_,VPWR,li1,150.1900,51.6800,1.799832
_4229_,VPWR,li1,139.6100,95.2000,1.799615
_4228_,VPWR,li1,133.6300,100.6400,1.799640
_4227_,VPWR,li1,114.3100,111.5200,1.799385
_4226_,VPWR,li1,93.1500,122.4000,1.799472
_4225_,VPWR,li1,74.7500,133.2800,1.799463
_4224_,VPWR,li1,61.4100,122.4000,1.799544
_4223_,VPWR,li1,31.0500,122.4000,1.799772
_4222_,VPWR,li1,49.4500,95.2000,1.799715
_4221_,VPWR,li1,19.5500,89.7600,1.799899
_4220_,VPWR,li1,25.9900,62.5600,1.799817
_4219_,VPWR,li1,31.0500,51.6800,1.799857
_4218_,VPWR,li1,20.9300,106.0800,1.799794
_4217_,VPWR,li1,110.6300,78.8800,1.799556
_4216_,VPWR,li1,120.7500,35.3600,1.799827
_4215_,VPWR,li1,146.0500,40.8000,1.799877
_4214_,VPWR,li1,148.3500,51.6800,1.799823
_4213_,VPWR,li1,140.9900,95.2000,1.799617
_4212_,VPWR,li1,140.5300,106.0800,1.799378
_4211_,VPWR,li1,165.3700,29.9200,1.799812
_4210_,VPWR,li1,120.7500,171.3600,1.799647
_4209_,VPWR,li1,11.7300,127.8400,1.799831
_4208_,VPWR,li1,14.0300,144.1600,1.799862
_4207_,VPWR,li1,17.7100,122.4000,1.799872
_4206_,VPWR,li1,13.5700,111.5200,1.799891
_4205_,VPWR,li1,16.7900,100.6400,1.799923
_4204_,VPWR,li1,9.4300,84.3200,1.799871
_4203_,VPWR,li1,16.3300,57.1200,1.799845
_4202_,VPWR,li1,16.3300,46.2400,1.799925
_4201_,VPWR,li1,16.7900,106.0800,1.799790
_4200_,VPWR,li1,119.8300,19.0400,1.799805
_4199_,VPWR,li1,122.5900,19.0400,1.799806
_4198_,VPWR,li1,152.4900,29.9200,1.799733
_4197_,VPWR,li1,160.7700,40.8000,1.799914
_4196_,VPWR,li1,143.7500,19.0400,1.799837
_4195_,VPWR,li1,133.6300,29.9200,1.799645
_4194_,VPWR,li1,96.8300,193.1200,1.799591
_4193_,VPWR,li1,78.8900,149.6000,1.799231
_4192_,VPWR,li1,80.2700,149.6000,1.799232
_4191_,VPWR,li1,77.0500,165.9200,1.799605
_4190_,VPWR,li1,76.1300,160.4800,1.799502
_4189_,VPWR,li1,109.7100,106.0800,1.799227
_4188_,VPWR,li1,43.4700,84.3200,1.799686
_4187_,VPWR,li1,112.9300,100.6400,1.799651
_4186_,VPWR,li1,257.8300,138.7200,1.799539
_4185_,VPWR,li1,257.8300,165.9200,1.799340
_4184_,VPWR,li1,251.3900,138.7200,1.799544
_4183_,VPWR,li1,251.3900,165.9200,1.799344
_4182_,VPWR,li1,255.0700,155.0400,1.798957
_4181_,VPWR,li1,249.5500,116.9600,1.799572
_4180_,VPWR,li1,259.6700,171.3600,1.799340
_4179_,VPWR,li1,255.9900,111.5200,1.799269
_4178_,VPWR,li1,253.2300,176.8000,1.799251
_4177_,VPWR,li1,259.6700,122.4000,1.799567
_4176_,VPWR,li1,159.3900,171.3600,1.799771
_4175_,VPWR,li1,254.1500,133.2800,1.799128
_4174_,VPWR,li1,255.9900,149.6000,1.799577
_4173_,VPWR,li1,146.5100,176.8000,1.799687
_4172_,VPWR,li1,256.4500,155.0400,1.798957
_4171_,VPWR,li1,251.3900,149.6000,1.799579
_4170_,VPWR,li1,111.5500,252.9600,1.799843
_4169_,VPWR,li1,94.9900,225.7600,1.799729
_4168_,VPWR,li1,87.1700,231.2000,1.799695
_4167_,VPWR,li1,101.8900,220.3200,1.799396
_4166_,VPWR,li1,110.1700,220.3200,1.799384
_4165_,VPWR,li1,107.8700,198.5600,1.799697
_4164_,VPWR,li1,110.1700,187.6800,1.799539
_4163_,VPWR,li1,114.3100,182.2400,1.799606
_4162_,VPWR,li1,101.4300,133.2800,1.799432
_4161_,VPWR,li1,93.1500,138.7200,1.799567
_4160_,VPWR,li1,71.0700,144.1600,1.799469
_4159_,VPWR,li1,53.1300,144.1600,1.799590
_4158_,VPWR,li1,50.3700,138.7200,1.799696
_4157_,VPWR,li1,47.6100,144.1600,1.799629
_4156_,VPWR,li1,37.9500,133.2800,1.799665
_4155_,VPWR,li1,32.4300,149.6000,1.799619
_4154_,VPWR,li1,18.1700,144.1600,1.799866
_4153_,VPWR,li1,21.3900,138.7200,1.799893
_4152_,VPWR,li1,94.0700,149.6000,1.799245
_4151_,VPWR,li1,105.1100,144.1600,1.799322
_4150_,VPWR,li1,130.4100,144.1600,1.799330
_4149_,VPWR,li1,133.6300,155.0400,1.799430
_4148_,VPWR,li1,129.0300,144.1600,1.799330
_4147_,VPWR,li1,110.6300,138.7200,1.799593
_4146_,VPWR,li1,186.9900,193.1200,1.799651
_4145_,VPWR,li1,183.7700,204.0000,1.799698
_4144_,VPWR,li1,177.3300,209.4400,1.799834
_4143_,VPWR,li1,168.1300,204.0000,1.799658
_4142_,VPWR,li1,198.0300,116.9600,1.799667
_4141_,VPWR,li1,199.8700,144.1600,1.799581
_4140_,VPWR,li1,186.9900,155.0400,1.799485
_4139_,VPWR,li1,175.0300,171.3600,1.799849
_4138_,VPWR,li1,101.8900,133.2800,1.799432
_4137_,VPWR,li1,78.8900,138.7200,1.799587
_4136_,VPWR,li1,71.0700,160.4800,1.799520
_4135_,VPWR,li1,66.9300,144.1600,1.799492
_4134_,VPWR,li1,54.5100,138.7200,1.799680
_4133_,VPWR,li1,48.5300,149.6000,1.799400
_4132_,VPWR,li1,27.8300,138.7200,1.799850
_4131_,VPWR,li1,20.9300,144.1600,1.799873
_4130_,VPWR,li1,12.1900,149.6000,1.799758
_4129_,VPWR,li1,17.7100,133.2800,1.799857
_4128_,VPWR,li1,94.0700,155.0400,1.799390
_4127_,VPWR,li1,106.4900,144.1600,1.799322
_4126_,VPWR,li1,128.5700,133.2800,1.799468
_4125_,VPWR,li1,132.2500,155.0400,1.799430
_4124_,VPWR,li1,122.5900,138.7200,1.799616
_4123_,VPWR,li1,119.3700,133.2800,1.799443
_4122_,VPWR,li1,216.4300,182.2400,1.799510
_4121_,VPWR,li1,229.3100,171.3600,1.799396
_4120_,VPWR,li1,242.1900,187.6800,1.798914
_4119_,VPWR,li1,236.6700,198.5600,1.799453
_4118_,VPWR,li1,216.8900,171.3600,1.799466
_4117_,VPWR,li1,235.7500,182.2400,1.799461
_4116_,VPWR,li1,206.3100,176.8000,1.799348
_4115_,VPWR,li1,196.1900,187.6800,1.799392
_4114_,VPWR,li1,186.9900,198.5600,1.799739
_4113_,VPWR,li1,169.5100,198.5600,1.799821
_4112_,VPWR,li1,161.6900,198.5600,1.799786
_4111_,VPWR,li1,148.3500,193.1200,1.799555
_4110_,VPWR,li1,158.4700,182.2400,1.799695
_4109_,VPWR,li1,133.6300,165.9200,1.799613
_4108_,VPWR,li1,166.2900,187.6800,1.799670
_4107_,VPWR,li1,186.0700,182.2400,1.799725
_4106_,VPWR,li1,210.9100,182.2400,1.799534
_4105_,VPWR,li1,223.7900,176.8000,1.799283
_4104_,VPWR,li1,235.7500,187.6800,1.798924
_4103_,VPWR,li1,235.2900,198.5600,1.799453
_4102_,VPWR,li1,215.9700,176.8000,1.799303
_4101_,VPWR,li1,227.4700,182.2400,1.799474
_4100_,VPWR,li1,197.1100,176.8000,1.799440
_4099_,VPWR,li1,194.8100,187.6800,1.799435
_4098_,VPWR,li1,188.3700,193.1200,1.799632
_4097_,VPWR,li1,168.5900,193.1200,1.799670
_4096_,VPWR,li1,163.9900,198.5600,1.799796
_4095_,VPWR,li1,137.3100,193.1200,1.799540
_4094_,VPWR,li1,157.0900,182.2400,1.799695
_4093_,VPWR,li1,142.8300,165.9200,1.799646
_4092_,VPWR,li1,165.8300,176.8000,1.799732
_4091_,VPWR,li1,190.6700,176.8000,1.799503
_4090_,VPWR,li1,151.5700,78.8800,1.799687
_4089_,VPWR,li1,163.0700,62.5600,1.799759
_4088_,VPWR,li1,154.7900,68.0000,1.799670
_4087_,VPWR,li1,148.3500,73.4400,1.799741
_4086_,VPWR,li1,148.3500,68.0000,1.799622
_4085_,VPWR,li1,144.6700,51.6800,1.799814
_4084_,VPWR,li1,156.6300,57.1200,1.799801
_4083_,VPWR,li1,158.0100,57.1200,1.799801
_4082_,VPWR,li1,102.3500,122.4000,1.799486
_4081_,VPWR,li1,78.8900,122.4000,1.799483
_4080_,VPWR,li1,64.1700,138.7200,1.799640
_4079_,VPWR,li1,58.1900,111.5200,1.799561
_4078_,VPWR,li1,42.0900,122.4000,1.799670
_4077_,VPWR,li1,42.0900,106.0800,1.799443
_4076_,VPWR,li1,39.7900,89.7600,1.799763
_4075_,VPWR,li1,40.2500,62.5600,1.799643
_4074_,VPWR,li1,17.7100,73.4400,1.799865
_4073_,VPWR,li1,39.7900,111.5200,1.799720
_4072_,VPWR,li1,101.8900,84.3200,1.799424
_4071_,VPWR,li1,113.3900,84.3200,1.799422
_4070_,VPWR,li1,148.3500,62.5600,1.799669
_4069_,VPWR,li1,140.0700,62.5600,1.799619
_4068_,VPWR,li1,133.1700,89.7600,1.799588
_4067_,VPWR,li1,135.4700,106.0800,1.799335
_4066_,VPWR,li1,106.9500,111.5200,1.799378
_4065_,VPWR,li1,82.1100,122.4000,1.799478
_4064_,VPWR,li1,69.2300,122.4000,1.799513
_4063_,VPWR,li1,60.0300,127.8400,1.799397
_4062_,VPWR,li1,43.4700,122.4000,1.799670
_4061_,VPWR,li1,43.4700,106.0800,1.799443
_4060_,VPWR,li1,31.9700,84.3200,1.799795
_4059_,VPWR,li1,37.0300,73.4400,1.799697
_4058_,VPWR,li1,20.4700,73.4400,1.799865
_4057_,VPWR,li1,32.4300,100.6400,1.799872
_4056_,VPWR,li1,104.1900,78.8800,1.799545
_4055_,VPWR,li1,116.6100,95.2000,1.799611
_4054_,VPWR,li1,139.6100,73.4400,1.799699
_4053_,VPWR,li1,144.2100,78.8800,1.799656
_4052_,VPWR,li1,131.7900,89.7600,1.799588
_4051_,VPWR,li1,127.6500,111.5200,1.799402
_4050_,VPWR,li1,223.3300,144.1600,1.799457
_4049_,VPWR,li1,239.8900,171.3600,1.799363
_4048_,VPWR,li1,239.8900,144.1600,1.799403
_4047_,VPWR,li1,238.9700,155.0400,1.798979
_4046_,VPWR,li1,223.3300,155.0400,1.799044
_4045_,VPWR,li1,238.5100,127.8400,1.798853
_4044_,VPWR,li1,209.5300,155.0400,1.799164
_4043_,VPWR,li1,203.0900,127.8400,1.799218
_4042_,VPWR,li1,192.5100,171.3600,1.799694
_4041_,VPWR,li1,193.4300,133.2800,1.799443
_4040_,VPWR,li1,163.9900,160.4800,1.799677
_4039_,VPWR,li1,141.9100,127.8400,1.799333
_4038_,VPWR,li1,158.9300,144.1600,1.799602
_4037_,VPWR,li1,142.3700,155.0400,1.799471
_4036_,VPWR,li1,175.4900,165.9200,1.799812
_4035_,VPWR,li1,198.9500,144.1600,1.799595
_4034_,VPWR,li1,221.9500,144.1600,1.799457
_4033_,VPWR,li1,238.5100,171.3600,1.799363
_4032_,VPWR,li1,243.5700,138.7200,1.799552
_4031_,VPWR,li1,236.2100,160.4800,1.799354
_4030_,VPWR,li1,219.1900,160.4800,1.799433
_4029_,VPWR,li1,239.8900,127.8400,1.798853
_4028_,VPWR,li1,203.5500,165.9200,1.799522
_4027_,VPWR,li1,207.2300,127.8400,1.799176
_4026_,VPWR,li1,195.7300,165.9200,1.799584
_4025_,VPWR,li1,189.7500,122.4000,1.799770
_4024_,VPWR,li1,155.7100,160.4800,1.799610
_4023_,VPWR,li1,146.0500,127.8400,1.799359
_4022_,VPWR,li1,155.2500,149.6000,1.799658
_4021_,VPWR,li1,146.9700,155.0400,1.799500
_4020_,VPWR,li1,178.2500,160.4800,1.799745
_4019_,VPWR,li1,181.9300,40.8000,1.799958
_4018_,VPWR,li1,184.0000,40.8000,1.799958
_4017_,VPWR,li1,171.5800,40.8000,1.799942
_4016_,VPWR,li1,177.5600,35.3600,1.799960
_4015_,VPWR,li1,175.2600,35.3600,1.799960
_4014_,VPWR,li1,169.7400,35.3600,1.799942
_4013_,VPWR,li1,175.7200,19.0400,1.799948
_4012_,VPWR,li1,178.9400,19.0400,1.799946
_4011_,VPWR,li1,180.7800,13.6000,1.799982
_4010_,VPWR,li1,172.7300,13.6000,1.799980
_4009_,VPWR,li1,183.3100,13.6000,1.799982
_4008_,VPWR,li1,186.0700,19.0400,1.799944
_4007_,VPWR,li1,183.3100,19.0400,1.799944
_4006_,VPWR,li1,181.4700,19.0400,1.799944
_4005_,VPWR,li1,171.5800,24.4800,1.799971
_4004_,VPWR,li1,176.1800,19.0400,1.799948
_4003_,VPWR,li1,165.8300,24.4800,1.799964
_4002_,VPWR,li1,178.0200,24.4800,1.799977
_4001_,VPWR,li1,171.3500,24.4800,1.799971
_4000_,VPWR,li1,175.4900,24.4800,1.799979
_3999_,VPWR,li1,179.6300,24.4800,1.799977
_3998_,VPWR,li1,170.8900,35.3600,1.799942
_3997_,VPWR,li1,173.1900,24.4800,1.799976
_3996_,VPWR,li1,180.0900,35.3600,1.799960
_3995_,VPWR,li1,135.9300,111.5200,1.799423
_3994_,VPWR,li1,132.7100,116.9600,1.799509
_3993_,VPWR,li1,134.5500,127.8400,1.799302
_3992_,VPWR,li1,135.9300,127.8400,1.799302
_3991_,VPWR,li1,124.4300,122.4000,1.799557
_3990_,VPWR,li1,169.7400,13.6000,1.799977
_3989_,VPWR,li1,188.3700,144.1600,1.799668
_3988_,VPWR,li1,186.3000,149.6000,1.799766
_3987_,VPWR,li1,171.3500,160.4800,1.799734
_3986_,VPWR,li1,172.2700,160.4800,1.799751
_3985_,VPWR,li1,141.6800,160.4800,1.799531
_3984_,VPWR,li1,144.2100,165.9200,1.799646
_3983_,VPWR,li1,164.6800,144.1600,1.799662
_3982_,VPWR,li1,152.9500,149.6000,1.799639
_3981_,VPWR,li1,143.9800,127.8400,1.799346
_3980_,VPWR,li1,144.2100,133.2800,1.799531
_3979_,VPWR,li1,161.9200,160.4800,1.799659
_3978_,VPWR,li1,158.0100,160.4800,1.799630
_3977_,VPWR,li1,187.6800,133.2800,1.799512
_3976_,VPWR,li1,183.7700,133.2800,1.799584
_3975_,VPWR,li1,187.2200,160.4800,1.799653
_3974_,VPWR,li1,184.2300,160.4800,1.799683
_3973_,VPWR,li1,203.3200,133.2800,1.799303
_3972_,VPWR,li1,200.3300,133.2800,1.799355
_3971_,VPWR,li1,201.0200,165.9200,1.799536
_3970_,VPWR,li1,201.2500,160.4800,1.799528
_3969_,VPWR,li1,231.8400,127.8400,1.798899
_3968_,VPWR,li1,232.9900,133.2800,1.799146
_3967_,VPWR,li1,212.9800,160.4800,1.799459
_3966_,VPWR,li1,222.4100,160.4800,1.799414
_3965_,VPWR,li1,226.3200,155.0400,1.799024
_3964_,VPWR,li1,230.6900,160.4800,1.799377
_3963_,VPWR,li1,237.8200,144.1600,1.799405
_3962_,VPWR,li1,234.8300,144.1600,1.799417
_3961_,VPWR,li1,235.9800,165.9200,1.799367
_3960_,VPWR,li1,232.9900,165.9200,1.799378
_3959_,VPWR,li1,206.7700,144.1600,1.799533
_3958_,VPWR,li1,203.0900,144.1600,1.799558
_3957_,VPWR,li1,145.3600,149.6000,1.799577
_3956_,VPWR,li1,207.6900,138.7200,1.799679
_3955_,VPWR,li1,201.2500,144.1600,1.799581
_3954_,VPWR,li1,147.4300,149.6000,1.799594
_3953_,VPWR,li1,188.8300,149.6000,1.799749
_3952_,VPWR,li1,183.5400,149.6000,1.799778
_3951_,VPWR,li1,180.7800,144.1600,1.799744
_3950_,VPWR,li1,171.1200,165.9200,1.799785
_3949_,VPWR,li1,168.5900,160.4800,1.799703
_3948_,VPWR,li1,173.6500,149.6000,1.799814
_3947_,VPWR,li1,147.6600,160.4800,1.799564
_3946_,VPWR,li1,144.6700,160.4800,1.799552
_3945_,VPWR,li1,166.7500,155.0400,1.799616
_3944_,VPWR,li1,156.4000,138.7200,1.799758
_3943_,VPWR,li1,153.4100,149.6000,1.799639
_3942_,VPWR,li1,173.1900,138.7200,1.799844
_3941_,VPWR,li1,175.0300,138.7200,1.799866
_3940_,VPWR,li1,153.1800,127.8400,1.799411
_3939_,VPWR,li1,149.2700,133.2800,1.799559
_3938_,VPWR,li1,171.8100,127.8400,1.799618
_3937_,VPWR,li1,174.1100,127.8400,1.799652
_3936_,VPWR,li1,164.2200,165.9200,1.799733
_3935_,VPWR,li1,158.4700,165.9200,1.799709
_3934_,VPWR,li1,175.0300,127.8400,1.799652
_3933_,VPWR,li1,184.4600,127.8400,1.799493
_3932_,VPWR,li1,181.9300,133.2800,1.799617
_3931_,VPWR,li1,190.6700,116.9600,1.799686
_3930_,VPWR,li1,188.8300,116.9600,1.799695
_3929_,VPWR,li1,188.1400,171.3600,1.799720
_3928_,VPWR,li1,184.2300,165.9200,1.799720
_3927_,VPWR,li1,194.1200,111.5200,1.799421
_3926_,VPWR,li1,189.5200,116.9600,1.799695
_3925_,VPWR,li1,201.0200,127.8400,1.799243
_3924_,VPWR,li1,197.1100,133.2800,1.799376
_3923_,VPWR,li1,200.7900,106.0800,1.799320
_3922_,VPWR,li1,202.1700,149.6000,1.799672
_3921_,VPWR,li1,193.8900,155.0400,1.799361
_3920_,VPWR,li1,199.4100,100.6400,1.799047
_3919_,VPWR,li1,194.1200,100.6400,1.799149
_3918_,VPWR,li1,236.4400,127.8400,1.798865
_3917_,VPWR,li1,234.8300,127.8400,1.798877
_3916_,VPWR,li1,213.6700,95.2000,1.798932
_3915_,VPWR,li1,211.3700,155.0400,1.799146
_3914_,VPWR,li1,215.5100,149.6000,1.799629
_3913_,VPWR,li1,209.5300,95.2000,1.798969
_3912_,VPWR,li1,212.5200,95.2000,1.798951
_3911_,VPWR,li1,231.3800,149.6000,1.799604
_3910_,VPWR,li1,233.9100,160.4800,1.799364
_3909_,VPWR,li1,222.4100,106.0800,1.799144
_3908_,VPWR,li1,214.5900,100.6400,1.798951
_3907_,VPWR,li1,234.6000,133.2800,1.799143
_3906_,VPWR,li1,233.4500,144.1600,1.799417
_3905_,VPWR,li1,235.2900,106.0800,1.799085
_3904_,VPWR,li1,236.6700,106.0800,1.799085
_3903_,VPWR,li1,234.1400,165.9200,1.799378
_3902_,VPWR,li1,231.1500,165.9200,1.799385
_3901_,VPWR,li1,229.7700,133.2800,1.799149
_3900_,VPWR,li1,214.1300,144.1600,1.799492
_3899_,VPWR,li1,192.0500,149.6000,1.799728
_3898_,VPWR,li1,157.0900,155.0400,1.799556
_3897_,VPWR,li1,213.2100,149.6000,1.799634
_3896_,VPWR,li1,190.6700,155.0400,1.799435
_3895_,VPWR,li1,150.6500,155.0400,1.799519
_3894_,VPWR,li1,218.7300,133.2800,1.799199
_3893_,VPWR,li1,216.4300,133.2800,1.799214
_3892_,VPWR,li1,213.6700,127.8400,1.799090
_3891_,VPWR,li1,210.4500,133.2800,1.799253
_3890_,VPWR,li1,214.1300,138.7200,1.799645
_3889_,VPWR,li1,215.2800,127.8400,1.799090
_3888_,VPWR,li1,226.3200,133.2800,1.799168
_3887_,VPWR,li1,232.9900,106.0800,1.799096
_3886_,VPWR,li1,235.2900,106.0800,1.799085
_3885_,VPWR,li1,215.0500,100.6400,1.798951
_3884_,VPWR,li1,213.4400,89.7600,1.799547
_3883_,VPWR,li1,211.1400,89.7600,1.799554
_3882_,VPWR,li1,209.0700,100.6400,1.798976
_3881_,VPWR,li1,204.0100,106.0800,1.799293
_3880_,VPWR,li1,209.9900,95.2000,1.798969
_3879_,VPWR,li1,203.7800,100.6400,1.799000
_3878_,VPWR,li1,201.0200,95.2000,1.799107
_3877_,VPWR,li1,198.0300,95.2000,1.799160
_3876_,VPWR,li1,205.8500,100.6400,1.798987
_3875_,VPWR,li1,196.6500,100.6400,1.799092
_3874_,VPWR,li1,200.7900,100.6400,1.799025
_3873_,VPWR,li1,188.6000,100.6400,1.799311
_3872_,VPWR,li1,194.8100,95.2000,1.799234
_3871_,VPWR,li1,200.7900,106.0800,1.799320
_3870_,VPWR,li1,190.2100,111.5200,1.799455
_3869_,VPWR,li1,191.1300,111.5200,1.799455
_3868_,VPWR,li1,192.0500,116.9600,1.799686
_3867_,VPWR,li1,187.9100,111.5200,1.799486
_3866_,VPWR,li1,184.6900,111.5200,1.799525
_3865_,VPWR,li1,181.9300,111.5200,1.799564
_3864_,VPWR,li1,176.4100,122.4000,1.799839
_3863_,VPWR,li1,173.1900,122.4000,1.799815
_3862_,VPWR,li1,178.7100,127.8400,1.799599
_3861_,VPWR,li1,174.5700,138.7200,1.799866
_3860_,VPWR,li1,170.8900,138.7200,1.799832
_3859_,VPWR,li1,175.4900,149.6000,1.799835
_3858_,VPWR,li1,178.7100,149.6000,1.799808
_3857_,VPWR,li1,181.7000,144.1600,1.799727
_3856_,VPWR,li1,192.5100,144.1600,1.799636
_3855_,VPWR,li1,170.4300,149.6000,1.799796
_3854_,VPWR,li1,165.8300,144.1600,1.799662
_3853_,VPWR,li1,167.4400,144.1600,1.799685
_3852_,VPWR,li1,171.8100,133.2800,1.799702
_3851_,VPWR,li1,169.5100,138.7200,1.799832
_3850_,VPWR,li1,178.7100,122.4000,1.799823
_3849_,VPWR,li1,171.3500,116.9600,1.799771
_3848_,VPWR,li1,174.5700,116.9600,1.799788
_3847_,VPWR,li1,165.6000,116.9600,1.799726
_3846_,VPWR,li1,170.4300,111.5200,1.799662
_3845_,VPWR,li1,177.3300,127.8400,1.799599
_3844_,VPWR,li1,171.5800,138.7200,1.799844
_3843_,VPWR,li1,162.1500,127.8400,1.799492
_3842_,VPWR,li1,168.5900,138.7200,1.799818
_3841_,VPWR,li1,165.3700,138.7200,1.799808
_3840_,VPWR,li1,166.7500,138.7200,1.799808
_3839_,VPWR,li1,170.4300,144.1600,1.799715
_3838_,VPWR,li1,171.3500,144.1600,1.799739
_3837_,VPWR,li1,175.2600,144.1600,1.799786
_3836_,VPWR,li1,168.1300,144.1600,1.799685
_3835_,VPWR,li1,173.1900,144.1600,1.799761
_3834_,VPWR,li1,175.4900,160.4800,1.799780
_3833_,VPWR,li1,159.3900,133.2800,1.799623
_3832_,VPWR,li1,156.4000,133.2800,1.799603
_3831_,VPWR,li1,167.6700,122.4000,1.799766
_3830_,VPWR,li1,162.6100,122.4000,1.799732
_3829_,VPWR,li1,158.9300,122.4000,1.799708
_3828_,VPWR,li1,167.2100,116.9600,1.799726
_3827_,VPWR,li1,169.0500,127.8400,1.799559
_3826_,VPWR,li1,164.9100,127.8400,1.799526
_3825_,VPWR,li1,153.4100,127.8400,1.799411
_3824_,VPWR,li1,159.3900,122.4000,1.799708
_3823_,VPWR,li1,162.3800,122.4000,1.799732
_3822_,VPWR,li1,157.7800,127.8400,1.799449
_3821_,VPWR,li1,157.5500,127.8400,1.799449
_3820_,VPWR,li1,153.8700,133.2800,1.799586
_3819_,VPWR,li1,158.0100,133.2800,1.799603
_3818_,VPWR,li1,152.0300,133.2800,1.799575
_3817_,VPWR,li1,149.7300,160.4800,1.799579
_3816_,VPWR,li1,150.6500,122.4000,1.799672
_3815_,VPWR,li1,157.0900,111.5200,1.799541
_3814_,VPWR,li1,163.0700,116.9600,1.799706
_3813_,VPWR,li1,186.9900,111.5200,1.799486
_3812_,VPWR,li1,190.2100,106.0800,1.799461
_3811_,VPWR,li1,187.9100,100.6400,1.799311
_3810_,VPWR,li1,187.9100,95.2000,1.799371
_3809_,VPWR,li1,190.9000,95.2000,1.799304
_3808_,VPWR,li1,172.9600,95.2000,1.799682
_3807_,VPWR,li1,183.7700,89.7600,1.799739
_3806_,VPWR,li1,180.7800,106.0800,1.799594
_3805_,VPWR,li1,178.2500,106.0800,1.799634
_3804_,VPWR,li1,175.0300,111.5200,1.799702
_3803_,VPWR,li1,169.9700,106.0800,1.799637
_3802_,VPWR,li1,177.7900,111.5200,1.799640
_3801_,VPWR,li1,174.1100,106.0800,1.799674
_3800_,VPWR,li1,174.5700,106.0800,1.799674
_3799_,VPWR,li1,163.5300,106.0800,1.799577
_3798_,VPWR,li1,166.2900,106.0800,1.799594
_3797_,VPWR,li1,154.7900,111.5200,1.799524
_3796_,VPWR,li1,151.1100,111.5200,1.799491
_3795_,VPWR,li1,158.4700,111.5200,1.799541
_3794_,VPWR,li1,158.7000,106.0800,1.799534
_3793_,VPWR,li1,162.1500,106.0800,1.799561
_3792_,VPWR,li1,165.3700,106.0800,1.799594
_3791_,VPWR,li1,162.6100,111.5200,1.799591
_3790_,VPWR,li1,150.6500,111.5200,1.799491
_3789_,VPWR,li1,150.6500,116.9600,1.799609
_3788_,VPWR,li1,149.2700,116.9600,1.799609
_3787_,VPWR,li1,152.9500,122.4000,1.799684
_3786_,VPWR,li1,153.4100,116.9600,1.799638
_3785_,VPWR,li1,148.3500,116.9600,1.799597
_3784_,VPWR,li1,152.9500,138.7200,1.799743
_3783_,VPWR,li1,149.2700,106.0800,1.799451
_3782_,VPWR,li1,159.3900,100.6400,1.799649
_3781_,VPWR,li1,176.4100,100.6400,1.799621
_3780_,VPWR,li1,168.5900,95.2000,1.799661
_3779_,VPWR,li1,167.6700,95.2000,1.799655
_3778_,VPWR,li1,162.6100,95.2000,1.799646
_3777_,VPWR,li1,152.9500,95.2000,1.799628
_3776_,VPWR,li1,158.4700,95.2000,1.799636
_3775_,VPWR,li1,155.2500,95.2000,1.799632
_3774_,VPWR,li1,149.2700,100.6400,1.799642
_3773_,VPWR,li1,144.6700,100.6400,1.799639
_3772_,VPWR,li1,151.5700,106.0800,1.799471
_3771_,VPWR,li1,152.0300,100.6400,1.799644
_3770_,VPWR,li1,146.5100,100.6400,1.799640
_3769_,VPWR,li1,149.7300,127.8400,1.799374
_3768_,VPWR,li1,150.6500,89.7600,1.799671
_3767_,VPWR,li1,164.9100,84.3200,1.799659
_3766_,VPWR,li1,175.9500,100.6400,1.799677
_3765_,VPWR,li1,175.7200,95.2000,1.799694
_3764_,VPWR,li1,178.4800,95.2000,1.799631
_3763_,VPWR,li1,177.3300,95.2000,1.799631
_3762_,VPWR,li1,181.2400,95.2000,1.799535
_3761_,VPWR,li1,163.5300,100.6400,1.799656
_3760_,VPWR,li1,161.9200,89.7600,1.799743
_3759_,VPWR,li1,161.2300,95.2000,1.799641
_3758_,VPWR,li1,158.9300,95.2000,1.799636
_3757_,VPWR,li1,164.4500,95.2000,1.799650
_3756_,VPWR,li1,197.1100,100.6400,1.799092
_3755_,VPWR,li1,200.7900,62.5600,1.799633
_3754_,VPWR,li1,195.0400,89.7600,1.799640
_3753_,VPWR,li1,192.0500,89.7600,1.799661
_3752_,VPWR,li1,181.7000,89.7600,1.799770
_3751_,VPWR,li1,194.8100,89.7600,1.799640
_3750_,VPWR,li1,184.4600,84.3200,1.799694
_3749_,VPWR,li1,181.0100,84.3200,1.799713
_3748_,VPWR,li1,178.7100,89.7600,1.799809
_3747_,VPWR,li1,175.0300,84.3200,1.799781
_3746_,VPWR,li1,177.7900,84.3200,1.799749
_3745_,VPWR,li1,174.5700,62.5600,1.799845
_3744_,VPWR,li1,176.1800,62.5600,1.799845
_3743_,VPWR,li1,163.5300,73.4400,1.799823
_3742_,VPWR,li1,180.5500,100.6400,1.799523
_3741_,VPWR,li1,182.3900,106.0800,1.799594
_3740_,VPWR,li1,183.7700,84.3200,1.799694
_3739_,VPWR,li1,161.9200,78.8800,1.799752
_3738_,VPWR,li1,158.9300,84.3200,1.799614
_3737_,VPWR,li1,163.5300,73.4400,1.799823
_3736_,VPWR,li1,161.9200,78.8800,1.799752
_3735_,VPWR,li1,160.3100,73.4400,1.799805
_3734_,VPWR,li1,162.1500,68.0000,1.799741
_3733_,VPWR,li1,159.8500,78.8800,1.799734
_3732_,VPWR,li1,155.2500,84.3200,1.799586
_3731_,VPWR,li1,154.7900,84.3200,1.799586
_3730_,VPWR,li1,151.5700,89.7600,1.799671
_3729_,VPWR,li1,152.9500,89.7600,1.799686
_3728_,VPWR,li1,154.3300,89.7600,1.799686
_3727_,VPWR,li1,156.1700,89.7600,1.799706
_3726_,VPWR,li1,157.5500,155.0400,1.799556
_3725_,VPWR,li1,157.0900,78.8800,1.799716
_3724_,VPWR,li1,179.6300,73.4400,1.799874
_3723_,VPWR,li1,192.5100,68.0000,1.799772
_3722_,VPWR,li1,206.7700,84.3200,1.799490
_3721_,VPWR,li1,209.5300,84.3200,1.799477
_3720_,VPWR,li1,201.4800,62.5600,1.799633
_3719_,VPWR,li1,196.1900,62.5600,1.799662
_3718_,VPWR,li1,188.1400,57.1200,1.799920
_3717_,VPWR,li1,205.1600,62.5600,1.799628
_3716_,VPWR,li1,192.2800,68.0000,1.799772
_3715_,VPWR,li1,189.2900,68.0000,1.799785
_3714_,VPWR,li1,191.5900,57.1200,1.799919
_3713_,VPWR,li1,183.7700,57.1200,1.799922
_3712_,VPWR,li1,186.5300,57.1200,1.799921
_3711_,VPWR,li1,185.1500,57.1200,1.799921
_3710_,VPWR,li1,180.7800,51.6800,1.799945
_3709_,VPWR,li1,171.1200,62.5600,1.799816
_3708_,VPWR,li1,181.4700,62.5600,1.799799
_3707_,VPWR,li1,178.2500,62.5600,1.799823
_3706_,VPWR,li1,174.1100,57.1200,1.799908
_3705_,VPWR,li1,176.1800,57.1200,1.799926
_3704_,VPWR,li1,179.1700,57.1200,1.799924
_3703_,VPWR,li1,194.8100,68.0000,1.799767
_3702_,VPWR,li1,178.9400,73.4400,1.799874
_3701_,VPWR,li1,176.4100,73.4400,1.799890
_3700_,VPWR,li1,175.0300,68.0000,1.799857
_3699_,VPWR,li1,173.1900,68.0000,1.799825
_3698_,VPWR,li1,169.7400,68.0000,1.799809
_3697_,VPWR,li1,169.0500,68.0000,1.799792
_3696_,VPWR,li1,171.8100,68.0000,1.799825
_3695_,VPWR,li1,176.8700,73.4400,1.799890
_3694_,VPWR,li1,175.4900,78.8800,1.799846
_3693_,VPWR,li1,170.8900,78.8800,1.799812
_3692_,VPWR,li1,153.4100,78.8800,1.799698
_3691_,VPWR,li1,171.8100,84.3200,1.799747
_3690_,VPWR,li1,169.0500,84.3200,1.799718
_3689_,VPWR,li1,183.7700,127.8400,1.799493
_3688_,VPWR,li1,176.8700,78.8800,1.799846
_3687_,VPWR,li1,190.6700,73.4400,1.799837
_3686_,VPWR,li1,202.6300,68.0000,1.799756
_3685_,VPWR,li1,206.7700,78.8800,1.799634
_3684_,VPWR,li1,209.9900,89.7600,1.799561
_3683_,VPWR,li1,208.3800,73.4400,1.799805
_3682_,VPWR,li1,207.6900,78.8800,1.799634
_3681_,VPWR,li1,207.9200,62.5600,1.799627
_3680_,VPWR,li1,210.6800,78.8800,1.799626
_3679_,VPWR,li1,204.7000,68.0000,1.799750
_3678_,VPWR,li1,201.2500,73.4400,1.799812
_3677_,VPWR,li1,204.9300,62.5600,1.799628
_3676_,VPWR,li1,209.9900,62.5600,1.799626
_3675_,VPWR,li1,211.6000,62.5600,1.799626
_3674_,VPWR,li1,213.9000,62.5600,1.799625
_3673_,VPWR,li1,217.8100,62.5600,1.799624
_3672_,VPWR,li1,219.8800,57.1200,1.799918
_3671_,VPWR,li1,186.5300,62.5600,1.799756
_3670_,VPWR,li1,181.0100,57.1200,1.799923
_3669_,VPWR,li1,183.7700,51.6800,1.799943
_3668_,VPWR,li1,184.0000,62.5600,1.799771
_3667_,VPWR,li1,182.8500,57.1200,1.799922
_3666_,VPWR,li1,203.5500,73.4400,1.799810
_3665_,VPWR,li1,193.6600,73.4400,1.799830
_3664_,VPWR,li1,189.7500,73.4400,1.799837
_3663_,VPWR,li1,213.2100,62.5600,1.799625
_3662_,VPWR,li1,215.5100,62.5600,1.799625
_3661_,VPWR,li1,212.0600,68.0000,1.799745
_3660_,VPWR,li1,214.5900,68.0000,1.799743
_3659_,VPWR,li1,219.4200,68.0000,1.799739
_3658_,VPWR,li1,216.4300,68.0000,1.799741
_3657_,VPWR,li1,217.3500,68.0000,1.799741
_3656_,VPWR,li1,192.5100,73.4400,1.799830
_3655_,VPWR,li1,191.1300,78.8800,1.799733
_3654_,VPWR,li1,187.9100,78.8800,1.799755
_3653_,VPWR,li1,179.1700,78.8800,1.799819
_3652_,VPWR,li1,186.5300,84.3200,1.799673
_3651_,VPWR,li1,183.7700,78.8800,1.799793
_3650_,VPWR,li1,189.2900,160.4800,1.799625
_3649_,VPWR,li1,194.3500,78.8800,1.799720
_3648_,VPWR,li1,197.8000,84.3200,1.799563
_3647_,VPWR,li1,204.4700,78.8800,1.799648
_3646_,VPWR,li1,238.5100,78.8800,1.799574
_3645_,VPWR,li1,234.8300,78.8800,1.799581
_3644_,VPWR,li1,240.8100,84.3200,1.799362
_3643_,VPWR,li1,234.3700,95.2000,1.798873
_3642_,VPWR,li1,241.0400,95.2000,1.798862
_3641_,VPWR,li1,238.7400,95.2000,1.798864
_3640_,VPWR,li1,239.4300,84.3200,1.799362
_3639_,VPWR,li1,235.7500,84.3200,1.799371
_3638_,VPWR,li1,239.8900,78.8800,1.799574
_3637_,VPWR,li1,233.2200,73.4400,1.799803
_3636_,VPWR,li1,238.0500,89.7600,1.799517
_3635_,VPWR,li1,239.2000,78.8800,1.799574
_3634_,VPWR,li1,236.6700,78.8800,1.799577
_3633_,VPWR,li1,234.8300,78.8800,1.799581
_3632_,VPWR,li1,234.8300,68.0000,1.799734
_3631_,VPWR,li1,231.6100,68.0000,1.799734
_3630_,VPWR,li1,231.3800,68.0000,1.799734
_3629_,VPWR,li1,228.3900,68.0000,1.799735
_3628_,VPWR,li1,225.6300,78.8800,1.799598
_3627_,VPWR,li1,226.0900,62.5600,1.799624
_3626_,VPWR,li1,220.8000,62.5600,1.799624
_3625_,VPWR,li1,217.1200,62.5600,1.799624
_3624_,VPWR,li1,220.5700,62.5600,1.799624
_3623_,VPWR,li1,209.7600,78.8800,1.799626
_3622_,VPWR,li1,201.2500,84.3200,1.799543
_3621_,VPWR,li1,218.7300,78.8800,1.799608
_3620_,VPWR,li1,220.3400,73.4400,1.799804
_3619_,VPWR,li1,221.7200,78.8800,1.799603
_3618_,VPWR,li1,222.6400,78.8800,1.799603
_3617_,VPWR,li1,219.6500,78.8800,1.799608
_3616_,VPWR,li1,204.0100,84.3200,1.799514
_3615_,VPWR,li1,204.9300,160.4800,1.799504
_3614_,VPWR,li1,195.7300,84.3200,1.799580
_3613_,VPWR,li1,201.2500,116.9600,1.799655
_3612_,VPWR,li1,232.0700,84.3200,1.799391
_3611_,VPWR,li1,231.3800,89.7600,1.799522
_3610_,VPWR,li1,235.7500,89.7600,1.799518
_3609_,VPWR,li1,239.4300,95.2000,1.798864
_3608_,VPWR,li1,240.5800,100.6400,1.798916
_3607_,VPWR,li1,238.0500,106.0800,1.799084
_3606_,VPWR,li1,238.7400,100.6400,1.798917
_3605_,VPWR,li1,242.4200,95.2000,1.798862
_3604_,VPWR,li1,226.7800,95.2000,1.798895
_3603_,VPWR,li1,238.9700,100.6400,1.798917
_3602_,VPWR,li1,236.2100,95.2000,1.798868
_3601_,VPWR,li1,236.9000,100.6400,1.798920
_3600_,VPWR,li1,236.2100,95.2000,1.798868
_3599_,VPWR,li1,228.3900,89.7600,1.799526
_3598_,VPWR,li1,223.7900,89.7600,1.799532
_3597_,VPWR,li1,223.3300,95.2000,1.798902
_3596_,VPWR,li1,221.4900,95.2000,1.798908
_3595_,VPWR,li1,221.2600,95.2000,1.798908
_3594_,VPWR,li1,225.1700,68.0000,1.799737
_3593_,VPWR,li1,227.0100,68.0000,1.799736
_3592_,VPWR,li1,225.6300,68.0000,1.799736
_3591_,VPWR,li1,221.7200,68.0000,1.799738
_3590_,VPWR,li1,221.9500,68.0000,1.799738
_3589_,VPWR,li1,238.5100,89.7600,1.799517
_3588_,VPWR,li1,233.4500,95.2000,1.798873
_3587_,VPWR,li1,231.6100,95.2000,1.798878
_3586_,VPWR,li1,229.3100,89.7600,1.799526
_3585_,VPWR,li1,235.2900,122.4000,1.799598
_3584_,VPWR,li1,221.4900,84.3200,1.799426
_3583_,VPWR,li1,216.8900,78.8800,1.799612
_3582_,VPWR,li1,222.4100,84.3200,1.799426
_3581_,VPWR,li1,228.8500,111.5200,1.799305
_3580_,VPWR,li1,223.1000,111.5200,1.799320
_3579_,VPWR,li1,240.3500,111.5200,1.799279
_3578_,VPWR,li1,238.0500,111.5200,1.799282
_3577_,VPWR,li1,235.7500,111.5200,1.799285
_3576_,VPWR,li1,232.9900,106.0800,1.799096
_3575_,VPWR,li1,228.3900,127.8400,1.798923
_3574_,VPWR,li1,226.5500,127.8400,1.798942
_3573_,VPWR,li1,227.0100,127.8400,1.798942
_3572_,VPWR,li1,230.4600,116.9600,1.799596
_3571_,VPWR,li1,236.2100,111.5200,1.799285
_3570_,VPWR,li1,233.9100,116.9600,1.799589
_3569_,VPWR,li1,233.2200,111.5200,1.799290
_3568_,VPWR,li1,238.5100,106.0800,1.799084
_3567_,VPWR,li1,230.2300,111.5200,1.799299
_3566_,VPWR,li1,224.7100,106.0800,1.799132
_3565_,VPWR,li1,226.7800,106.0800,1.799121
_3564_,VPWR,li1,221.2600,100.6400,1.798943
_3563_,VPWR,li1,220.3400,100.6400,1.798943
_3562_,VPWR,li1,215.9700,111.5200,1.799344
_3561_,VPWR,li1,218.2700,106.0800,1.799177
_3560_,VPWR,li1,233.4500,111.5200,1.799290
_3559_,VPWR,li1,239.8900,155.0400,1.798979
_3558_,VPWR,li1,226.0900,116.9600,1.799605
_3557_,VPWR,li1,227.0100,155.0400,1.799024
_3556_,VPWR,li1,223.3300,84.3200,1.799419
_3555_,VPWR,li1,228.3900,122.4000,1.799616
_3554_,VPWR,li1,226.0900,122.4000,1.799623
_3553_,VPWR,li1,220.8000,127.8400,1.799005
_3552_,VPWR,li1,221.4900,122.4000,1.799639
_3551_,VPWR,li1,217.8100,127.8400,1.799040
_3550_,VPWR,li1,223.7900,122.4000,1.799631
_3549_,VPWR,li1,231.1500,144.1600,1.799427
_3548_,VPWR,li1,215.0500,116.9600,1.799625
_3547_,VPWR,li1,215.9700,122.4000,1.799659
_3546_,VPWR,li1,219.1900,122.4000,1.799650
_3545_,VPWR,li1,215.9700,122.4000,1.799659
_3544_,VPWR,li1,229.3100,165.9200,1.799393
_3543_,VPWR,li1,218.2700,122.4000,1.799650
_3542_,VPWR,li1,216.4300,111.5200,1.799344
_3541_,VPWR,li1,220.5700,106.0800,1.799159
_3540_,VPWR,li1,213.2100,111.5200,1.799354
_3539_,VPWR,li1,215.5100,116.9600,1.799625
_3538_,VPWR,li1,210.9100,111.5200,1.799362
_3537_,VPWR,li1,210.4500,116.9600,1.799633
_3536_,VPWR,li1,204.9300,116.9600,1.799645
_3535_,VPWR,li1,212.0600,116.9600,1.799633
_3534_,VPWR,li1,218.7300,111.5200,1.799334
_3533_,VPWR,li1,210.4500,111.5200,1.799362
_3532_,VPWR,li1,117.0700,116.9600,1.799429
_3531_,VPWR,li1,116.3800,106.0800,1.799245
_3530_,VPWR,li1,121.9000,89.7600,1.799566
_3529_,VPWR,li1,124.4300,95.2000,1.799610
_3528_,VPWR,li1,132.4800,78.8800,1.799608
_3527_,VPWR,li1,129.9500,73.4400,1.799656
_3526_,VPWR,li1,128.8000,78.8800,1.799597
_3525_,VPWR,li1,131.3300,73.4400,1.799665
_3524_,VPWR,li1,109.4800,95.2000,1.799613
_3523_,VPWR,li1,104.6500,89.7600,1.799570
_3522_,VPWR,li1,102.1200,78.8800,1.799541
_3521_,VPWR,li1,97.7500,78.8800,1.799538
_3520_,VPWR,li1,29.4400,106.0800,1.799639
_3519_,VPWR,li1,22.3100,106.0800,1.799794
_3518_,VPWR,li1,25.7600,73.4400,1.799799
_3517_,VPWR,li1,30.1300,78.8800,1.799772
_3516_,VPWR,li1,29.4400,73.4400,1.799759
_3515_,VPWR,li1,28.2900,68.0000,1.799781
_3514_,VPWR,li1,29.9000,84.3200,1.799820
_3513_,VPWR,li1,29.6700,89.7600,1.799834
_3512_,VPWR,li1,42.7800,106.0800,1.799443
_3511_,VPWR,li1,40.2500,106.0800,1.799468
_3510_,VPWR,li1,38.1800,116.9600,1.799585
_3509_,VPWR,li1,42.5500,127.8400,1.799563
_3508_,VPWR,li1,53.3600,122.4000,1.799587
_3507_,VPWR,li1,49.4500,116.9600,1.799481
_3506_,VPWR,li1,63.9400,122.4000,1.799532
_3505_,VPWR,li1,66.9300,122.4000,1.799521
_3504_,VPWR,li1,79.5800,122.4000,1.799483
_3503_,VPWR,li1,74.7500,122.4000,1.799494
_3502_,VPWR,li1,102.8100,111.5200,1.799375
_3501_,VPWR,li1,115.6900,111.5200,1.799386
_3500_,VPWR,li1,128.8000,122.4000,1.799574
_3499_,VPWR,li1,120.2900,116.9600,1.799442
_3498_,VPWR,li1,131.3300,122.4000,1.799586
_3497_,VPWR,li1,98.6700,111.5200,1.799377
_3496_,VPWR,li1,117.0700,106.0800,1.799245
_3495_,VPWR,li1,115.0000,111.5200,1.799386
_3494_,VPWR,li1,119.1400,106.0800,1.799252
_3493_,VPWR,li1,120.5200,100.6400,1.799645
_3492_,VPWR,li1,124.4300,95.2000,1.799610
_3491_,VPWR,li1,127.6500,84.3200,1.799434
_3490_,VPWR,li1,123.7400,84.3200,1.799431
_3489_,VPWR,li1,128.5700,95.2000,1.799610
_3488_,VPWR,li1,136.3900,68.0000,1.799562
_3487_,VPWR,li1,132.9400,111.5200,1.799414
_3486_,VPWR,li1,132.2500,68.0000,1.799543
_3485_,VPWR,li1,126.7300,68.0000,1.799514
_3484_,VPWR,li1,122.8200,73.4400,1.799635
_3483_,VPWR,li1,134.5500,68.0000,1.799553
_3482_,VPWR,li1,139.3800,138.7200,1.799680
_3481_,VPWR,li1,133.6300,68.0000,1.799543
_3480_,VPWR,li1,123.9700,68.0000,1.799505
_3479_,VPWR,li1,106.9500,89.7600,1.799567
_3478_,VPWR,li1,106.2600,95.2000,1.799615
_3477_,VPWR,li1,107.4100,89.7600,1.799567
_3476_,VPWR,li1,110.1700,68.0000,1.799466
_3475_,VPWR,li1,109.9400,68.0000,1.799466
_3474_,VPWR,li1,93.6100,84.3200,1.799452
_3473_,VPWR,li1,99.1300,84.3200,1.799431
_3472_,VPWR,li1,100.7400,68.0000,1.799451
_3471_,VPWR,li1,37.4900,111.5200,1.799741
_3470_,VPWR,li1,24.8400,127.8400,1.799784
_3469_,VPWR,li1,28.7500,100.6400,1.799894
_3468_,VPWR,li1,91.7700,73.4400,1.799564
_3467_,VPWR,li1,33.8100,73.4400,1.799722
_3466_,VPWR,li1,80.2700,68.0000,1.799470
_3465_,VPWR,li1,83.9500,62.5600,1.799451
_3464_,VPWR,li1,26.4500,78.8800,1.799815
_3463_,VPWR,li1,29.6700,68.0000,1.799781
_3462_,VPWR,li1,28.9800,144.1600,1.799791
_3461_,VPWR,li1,31.9700,68.0000,1.799750
_3460_,VPWR,li1,51.2900,62.5600,1.799549
_3459_,VPWR,li1,33.8100,84.3200,1.799776
_3458_,VPWR,li1,46.2300,62.5600,1.799582
_3457_,VPWR,li1,47.1500,57.1200,1.799611
_3456_,VPWR,li1,33.8100,89.7600,1.799804
_3455_,VPWR,li1,46.2300,106.0800,1.799392
_3454_,VPWR,li1,42.3200,144.1600,1.799669
_3453_,VPWR,li1,40.7100,106.0800,1.799468
_3452_,VPWR,li1,43.0100,73.4400,1.799652
_3451_,VPWR,li1,44.6200,62.5600,1.799600
_3450_,VPWR,li1,38.8700,127.8400,1.799606
_3449_,VPWR,li1,41.6300,78.8800,1.799635
_3448_,VPWR,li1,41.1700,73.4400,1.799664
_3447_,VPWR,li1,42.7800,68.0000,1.799621
_3446_,VPWR,li1,43.9300,122.4000,1.799656
_3445_,VPWR,li1,51.7500,116.9600,1.799451
_3444_,VPWR,li1,54.2800,138.7200,1.799680
_3443_,VPWR,li1,47.6100,116.9600,1.799505
_3442_,VPWR,li1,48.5300,84.3200,1.799648
_3441_,VPWR,li1,62.7900,133.2800,1.799495
_3440_,VPWR,li1,64.1700,106.0800,1.799217
_3439_,VPWR,li1,66.4700,106.0800,1.799212
_3438_,VPWR,li1,67.3900,138.7200,1.799627
_3437_,VPWR,li1,77.5100,116.9600,1.799359
_3436_,VPWR,li1,136.8500,95.2000,1.799613
_3435_,VPWR,li1,80.9600,133.2800,1.799454
_3434_,VPWR,li1,72.9100,116.9600,1.799363
_3433_,VPWR,li1,69.6900,111.5200,1.799467
_3432_,VPWR,li1,104.6500,116.9600,1.799381
_3431_,VPWR,li1,90.8500,111.5200,1.799387
_3430_,VPWR,li1,88.5500,111.5200,1.799394
_3429_,VPWR,li1,90.8500,106.0800,1.799204
_3428_,VPWR,li1,96.8300,106.0800,1.799209
_3427_,VPWR,li1,99.5900,116.9600,1.799368
_3426_,VPWR,li1,88.3200,106.0800,1.799201
_3425_,VPWR,li1,71.9900,111.5200,1.799455
_3424_,VPWR,li1,67.3900,111.5200,1.799495
_3423_,VPWR,li1,61.8700,106.0800,1.799228
_3422_,VPWR,li1,58.6500,106.0800,1.799268
_3421_,VPWR,li1,48.5300,78.8800,1.799593
_3420_,VPWR,li1,52.6700,89.7600,1.799686
_3419_,VPWR,li1,47.1500,78.8800,1.799593
_3418_,VPWR,li1,50.3700,68.0000,1.799573
_3417_,VPWR,li1,46.0000,68.0000,1.799594
_3416_,VPWR,li1,47.3800,51.6800,1.799767
_3415_,VPWR,li1,48.5300,62.5600,1.799566
_3414_,VPWR,li1,53.5900,62.5600,1.799540
_3413_,VPWR,li1,54.9700,57.1200,1.799583
_3412_,VPWR,li1,55.6600,51.6800,1.799731
_3411_,VPWR,li1,58.6500,57.1200,1.799579
_3410_,VPWR,li1,58.6500,51.6800,1.799724
_3409_,VPWR,li1,61.6400,46.2400,1.799770
_3408_,VPWR,li1,79.1200,62.5600,1.799458
_3407_,VPWR,li1,90.8500,68.0000,1.799454
_3406_,VPWR,li1,94.5300,68.0000,1.799452
_3405_,VPWR,li1,98.6700,68.0000,1.799451
_3404_,VPWR,li1,107.8700,68.0000,1.799462
_3403_,VPWR,li1,119.1400,68.0000,1.799492
_3402_,VPWR,li1,121.2100,68.0000,1.799498
_3401_,VPWR,li1,126.0400,84.3200,1.799434
_3400_,VPWR,li1,118.2200,100.6400,1.799647
_3399_,VPWR,li1,123.9700,100.6400,1.799643
_3398_,VPWR,li1,126.5000,78.8800,1.799588
_3397_,VPWR,li1,124.2000,62.5600,1.799537
_3396_,VPWR,li1,123.2800,68.0000,1.799505
_3395_,VPWR,li1,117.7600,62.5600,1.799500
_3394_,VPWR,li1,120.2900,57.1200,1.799632
_3393_,VPWR,li1,120.7500,62.5600,1.799514
_3392_,VPWR,li1,127.6500,62.5600,1.799554
_3391_,VPWR,li1,126.7300,57.1200,1.799652
_3390_,VPWR,li1,124.2000,62.5600,1.799537
_3389_,VPWR,li1,127.4200,62.5600,1.799554
_3388_,VPWR,li1,129.7200,51.6800,1.799756
_3387_,VPWR,li1,124.4300,78.8800,1.799582
_3386_,VPWR,li1,129.0300,84.3200,1.799437
_3385_,VPWR,li1,121.6700,78.8800,1.799577
_3384_,VPWR,li1,118.9100,78.8800,1.799572
_3383_,VPWR,li1,130.8700,62.5600,1.799574
_3382_,VPWR,li1,123.2800,57.1200,1.799644
_3381_,VPWR,li1,114.0800,62.5600,1.799490
_3380_,VPWR,li1,97.5200,62.5600,1.799443
_3379_,VPWR,li1,104.6500,62.5600,1.799457
_3378_,VPWR,li1,111.0900,62.5600,1.799476
_3377_,VPWR,li1,106.7200,62.5600,1.799464
_3376_,VPWR,li1,116.6100,62.5600,1.799500
_3375_,VPWR,li1,125.5800,57.1200,1.799652
_3374_,VPWR,li1,124.6600,51.6800,1.799742
_3373_,VPWR,li1,118.2200,51.6800,1.799724
_3372_,VPWR,li1,115.2300,51.6800,1.799720
_3371_,VPWR,li1,127.6500,51.6800,1.799750
_3370_,VPWR,li1,133.4000,46.2400,1.799784
_3369_,VPWR,li1,131.1000,51.6800,1.799756
_3368_,VPWR,li1,135.4700,51.6800,1.799774
_3367_,VPWR,li1,131.7900,46.2400,1.799776
_3366_,VPWR,li1,127.8800,46.2400,1.799771
_3365_,VPWR,li1,112.2400,62.5600,1.799476
_3364_,VPWR,li1,105.5700,68.0000,1.799458
_3363_,VPWR,li1,100.2800,62.5600,1.799445
_3362_,VPWR,li1,92.9200,62.5600,1.799440
_3361_,VPWR,li1,90.3900,62.5600,1.799441
_3360_,VPWR,li1,93.8400,62.5600,1.799440
_3359_,VPWR,li1,102.5800,62.5600,1.799452
_3358_,VPWR,li1,99.5900,57.1200,1.799572
_3357_,VPWR,li1,103.0400,62.5600,1.799452
_3356_,VPWR,li1,108.7900,57.1200,1.799591
_3355_,VPWR,li1,99.5900,62.5600,1.799445
_3354_,VPWR,li1,97.0600,57.1200,1.799568
_3353_,VPWR,li1,111.0900,57.1200,1.799600
_3352_,VPWR,li1,114.5400,57.1200,1.799612
_3351_,VPWR,li1,112.7000,57.1200,1.799600
_3350_,VPWR,li1,117.5300,51.6800,1.799724
_3349_,VPWR,li1,114.3100,51.6800,1.799715
_3348_,VPWR,li1,111.3200,51.6800,1.799711
_3347_,VPWR,li1,120.2900,51.6800,1.799730
_3346_,VPWR,li1,126.0400,46.2400,1.799763
_3345_,VPWR,li1,131.3300,40.8000,1.799854
_3344_,VPWR,li1,136.8500,46.2400,1.799793
_3343_,VPWR,li1,128.5700,40.8000,1.799851
_3342_,VPWR,li1,124.4300,46.2400,1.799763
_3341_,VPWR,li1,113.3900,35.3600,1.799825
_3340_,VPWR,li1,103.0400,51.6800,1.799697
_3339_,VPWR,li1,90.6200,57.1200,1.799556
_3338_,VPWR,li1,85.1000,57.1200,1.799551
_3337_,VPWR,li1,81.6500,62.5600,1.799454
_3336_,VPWR,li1,81.1900,57.1200,1.799551
_3335_,VPWR,li1,80.0400,51.6800,1.799686
_3334_,VPWR,li1,80.2700,51.6800,1.799686
_3333_,VPWR,li1,78.2000,57.1200,1.799552
_3332_,VPWR,li1,80.0400,46.2400,1.799741
_3331_,VPWR,li1,77.9700,46.2400,1.799743
_3330_,VPWR,li1,83.9500,46.2400,1.799738
_3329_,VPWR,li1,76.3600,40.8000,1.799809
_3328_,VPWR,li1,87.6300,57.1200,1.799553
_3327_,VPWR,li1,92.9200,57.1200,1.799560
_3326_,VPWR,li1,87.8600,57.1200,1.799553
_3325_,VPWR,li1,99.1300,51.6800,1.799691
_3324_,VPWR,li1,90.1600,51.6800,1.799684
_3323_,VPWR,li1,88.0900,51.6800,1.799683
_3322_,VPWR,li1,100.0500,51.6800,1.799691
_3321_,VPWR,li1,100.5100,40.8000,1.799826
_3320_,VPWR,li1,102.5800,35.3600,1.799821
_3319_,VPWR,li1,101.2000,46.2400,1.799734
_3318_,VPWR,li1,105.8000,46.2400,1.799737
_3317_,VPWR,li1,105.8000,46.2400,1.799737
_3316_,VPWR,li1,102.8100,46.2400,1.799734
_3315_,VPWR,li1,94.7600,46.2400,1.799734
_3314_,VPWR,li1,109.2500,35.3600,1.799823
_3313_,VPWR,li1,112.7000,29.9200,1.799650
_3312_,VPWR,li1,110.6300,29.9200,1.799655
_3311_,VPWR,li1,116.1500,29.9200,1.799644
_3310_,VPWR,li1,113.8500,29.9200,1.799650
_3309_,VPWR,li1,111.7800,46.2400,1.799742
_3308_,VPWR,li1,115.2300,46.2400,1.799746
_3307_,VPWR,li1,116.3800,46.2400,1.799746
_3306_,VPWR,li1,112.4700,46.2400,1.799742
_3305_,VPWR,li1,117.5300,46.2400,1.799750
_3304_,VPWR,li1,88.5500,51.6800,1.799683
_3303_,VPWR,li1,84.6400,51.6800,1.799683
_3302_,VPWR,li1,86.9400,40.8000,1.799816
_3301_,VPWR,li1,84.6400,40.8000,1.799814
_3300_,VPWR,li1,100.2800,35.3600,1.799821
_3299_,VPWR,li1,107.1800,35.3600,1.799822
_3298_,VPWR,li1,94.3000,35.3600,1.799821
_3297_,VPWR,li1,81.8800,57.1200,1.799550
_3296_,VPWR,li1,85.1000,51.6800,1.799683
_3295_,VPWR,li1,72.2200,51.6800,1.799697
_3294_,VPWR,li1,75.6700,51.6800,1.799692
_3293_,VPWR,li1,71.7600,57.1200,1.799560
_3292_,VPWR,li1,70.3800,57.1200,1.799560
_3291_,VPWR,li1,103.0400,35.3600,1.799821
_3290_,VPWR,li1,104.6500,29.9200,1.799669
_3289_,VPWR,li1,106.4900,35.3600,1.799822
_3288_,VPWR,li1,105.1100,35.3600,1.799822
_3287_,VPWR,li1,100.0500,35.3600,1.799821
_3286_,VPWR,li1,109.7100,51.6800,1.799707
_3285_,VPWR,li1,97.9800,46.2400,1.799733
_3284_,VPWR,li1,103.7300,46.2400,1.799735
_3283_,VPWR,li1,101.8900,78.8800,1.799541
_3282_,VPWR,li1,94.5300,46.2400,1.799734
_3281_,VPWR,li1,97.2900,46.2400,1.799733
_3280_,VPWR,li1,42.5500,57.1200,1.799627
_3279_,VPWR,li1,46.2300,57.1200,1.799611
_3278_,VPWR,li1,48.3000,51.6800,1.799755
_3277_,VPWR,li1,51.7500,51.6800,1.799744
_3276_,VPWR,li1,45.7700,51.6800,1.799767
_3275_,VPWR,li1,52.4400,40.8000,1.799826
_3274_,VPWR,li1,48.9900,51.6800,1.799755
_3273_,VPWR,li1,58.6500,46.2400,1.799777
_3272_,VPWR,li1,62.1000,35.3600,1.799839
_3271_,VPWR,li1,53.5900,46.2400,1.799797
_3270_,VPWR,li1,62.5600,40.8000,1.799812
_3269_,VPWR,li1,75.4400,40.8000,1.799809
_3268_,VPWR,li1,80.9600,35.3600,1.799824
_3267_,VPWR,li1,69.2300,40.8000,1.799810
_3266_,VPWR,li1,66.4700,46.2400,1.799761
_3265_,VPWR,li1,64.1700,40.8000,1.799812
_3264_,VPWR,li1,64.1700,46.2400,1.799765
_3263_,VPWR,li1,59.5700,40.8000,1.799817
_3262_,VPWR,li1,51.9800,46.2400,1.799797
_3261_,VPWR,li1,92.2300,40.8000,1.799819
_3260_,VPWR,li1,68.0800,51.6800,1.799705
_3259_,VPWR,li1,74.2900,57.1200,1.799556
_3258_,VPWR,li1,37.9500,106.0800,1.799505
_3257_,VPWR,li1,68.3100,57.1200,1.799563
_3256_,VPWR,li1,65.5500,57.1200,1.799569
_3255_,VPWR,li1,85.3300,35.3600,1.799822
_3254_,VPWR,li1,83.2600,29.9200,1.799719
_3253_,VPWR,li1,91.5400,35.3600,1.799821
_3252_,VPWR,li1,98.2100,24.4800,1.799931
_3251_,VPWR,li1,101.6600,24.4800,1.799931
_3250_,VPWR,li1,88.5500,35.3600,1.799822
_3249_,VPWR,li1,91.3100,35.3600,1.799821
_3248_,VPWR,li1,89.0100,35.3600,1.799821
_3247_,VPWR,li1,90.3900,40.8000,1.799817
_3246_,VPWR,li1,61.6400,35.3600,1.799839
_3245_,VPWR,li1,43.9300,78.8800,1.799621
_3244_,VPWR,li1,50.1400,78.8800,1.799582
_3243_,VPWR,li1,48.0700,84.3200,1.799648
_3242_,VPWR,li1,50.3700,73.4400,1.799621
_3241_,VPWR,li1,54.5100,78.8800,1.799570
_3240_,VPWR,li1,46.2300,68.0000,1.799594
_3239_,VPWR,li1,43.4700,68.0000,1.799621
_3238_,VPWR,li1,46.6900,40.8000,1.799840
_3237_,VPWR,li1,48.3000,40.8000,1.799840
_3236_,VPWR,li1,51.9800,29.9200,1.799807
_3235_,VPWR,li1,51.9800,29.9200,1.799807
_3234_,VPWR,li1,55.2000,29.9200,1.799796
_3233_,VPWR,li1,59.5700,35.3600,1.799842
_3232_,VPWR,li1,62.1000,24.4800,1.799945
_3231_,VPWR,li1,51.7500,35.3600,1.799858
_3230_,VPWR,li1,48.9900,35.3600,1.799866
_3229_,VPWR,li1,46.2300,35.3600,1.799873
_3228_,VPWR,li1,46.2300,35.3600,1.799873
_3227_,VPWR,li1,43.0100,40.8000,1.799855
_3226_,VPWR,li1,40.4800,46.2400,1.799843
_3225_,VPWR,li1,75.6700,35.3600,1.799828
_3224_,VPWR,li1,54.2800,46.2400,1.799790
_3223_,VPWR,li1,55.8900,40.8000,1.799821
_3222_,VPWR,li1,28.2900,51.6800,1.799874
_3221_,VPWR,li1,62.3300,46.2400,1.799770
_3220_,VPWR,li1,59.5700,46.2400,1.799777
_3219_,VPWR,li1,65.3200,24.4800,1.799943
_3218_,VPWR,li1,85.1000,24.4800,1.799935
_3217_,VPWR,li1,85.5600,29.9200,1.799713
_3216_,VPWR,li1,94.3000,24.4800,1.799932
_3215_,VPWR,li1,76.5900,29.9200,1.799739
_3214_,VPWR,li1,79.1200,29.9200,1.799730
_3213_,VPWR,li1,79.5800,29.9200,1.799730
_3212_,VPWR,li1,84.6400,29.9200,1.799719
_3211_,VPWR,li1,79.8100,35.3600,1.799825
_3210_,VPWR,li1,96.6000,24.4800,1.799932
_3209_,VPWR,li1,103.0400,19.0400,1.799816
_3208_,VPWR,li1,98.6700,24.4800,1.799931
_3207_,VPWR,li1,100.9700,29.9200,1.799677
_3206_,VPWR,li1,68.0800,24.4800,1.799941
_3205_,VPWR,li1,49.2200,29.9200,1.799819
_3204_,VPWR,li1,40.7100,68.0000,1.799642
_3203_,VPWR,li1,46.0000,73.4400,1.799639
_3202_,VPWR,li1,48.9900,68.0000,1.799582
_3201_,VPWR,li1,50.3700,73.4400,1.799621
_3200_,VPWR,li1,48.9900,29.9200,1.799819
_3199_,VPWR,li1,54.9700,29.9200,1.799796
_3198_,VPWR,li1,62.1000,24.4800,1.799945
_3197_,VPWR,li1,42.5500,35.3600,1.799890
_3196_,VPWR,li1,42.5500,40.8000,1.799855
_3195_,VPWR,li1,51.2900,24.4800,1.799956
_3194_,VPWR,li1,64.4000,24.4800,1.799943
_3193_,VPWR,li1,68.0800,19.0400,1.799869
_3192_,VPWR,li1,71.3000,24.4800,1.799940
_3191_,VPWR,li1,88.3200,19.0400,1.799833
_3190_,VPWR,li1,68.7700,24.4800,1.799941
_3189_,VPWR,li1,88.7800,24.4800,1.799934
_3188_,VPWR,li1,99.3600,19.0400,1.799819
_3187_,VPWR,li1,95.6800,19.0400,1.799826
_3186_,VPWR,li1,100.0500,19.0400,1.799819
_3185_,VPWR,li1,102.3500,19.0400,1.799816
_3184_,VPWR,li1,99.5900,13.6000,1.799948
_3183_,VPWR,li1,91.0800,13.6000,1.799951
_3182_,VPWR,li1,67.6200,19.0400,1.799869
_3181_,VPWR,li1,61.8700,73.4400,1.799593
_3180_,VPWR,li1,40.0200,40.8000,1.799867
_3179_,VPWR,li1,40.7100,40.8000,1.799867
_3178_,VPWR,li1,37.4900,40.8000,1.799875
_3177_,VPWR,li1,42.7800,46.2400,1.799833
_3176_,VPWR,li1,38.8700,57.1200,1.799649
_3175_,VPWR,li1,37.0300,89.7600,1.799781
_3174_,VPWR,li1,65.0900,35.3600,1.799835
_3173_,VPWR,li1,68.5400,29.9200,1.799758
_3172_,VPWR,li1,68.3100,35.3600,1.799833
_3171_,VPWR,li1,69.2300,29.9200,1.799758
_3170_,VPWR,li1,71.9900,35.3600,1.799830
_3169_,VPWR,li1,58.8800,89.7600,1.799668
_3168_,VPWR,li1,57.9600,78.8800,1.799565
_3167_,VPWR,li1,61.4100,78.8800,1.799560
_3166_,VPWR,li1,63.0200,73.4400,1.799589
_3165_,VPWR,li1,65.0900,73.4400,1.799586
_3164_,VPWR,li1,60.4900,73.4400,1.799593
_3163_,VPWR,li1,55.8900,73.4400,1.799605
_3162_,VPWR,li1,58.1900,73.4400,1.799599
_3161_,VPWR,li1,51.2900,95.2000,1.799707
_3160_,VPWR,li1,65.0900,68.0000,1.799521
_3159_,VPWR,li1,68.0800,73.4400,1.799583
_3158_,VPWR,li1,64.8600,19.0400,1.799875
_3157_,VPWR,li1,71.5300,19.0400,1.799861
_3156_,VPWR,li1,76.8200,13.6000,1.799959
_3155_,VPWR,li1,64.6300,62.5600,1.799503
_3154_,VPWR,li1,66.9300,62.5600,1.799495
_3153_,VPWR,li1,64.4000,62.5600,1.799503
_3152_,VPWR,li1,70.6100,62.5600,1.799486
_3151_,VPWR,li1,67.3900,62.5600,1.799495
_3150_,VPWR,li1,77.5100,19.0400,1.799853
_3149_,VPWR,li1,89.7000,19.0400,1.799833
_3148_,VPWR,li1,93.3800,13.6000,1.799950
_3147_,VPWR,li1,94.0700,19.0400,1.799826
_3146_,VPWR,li1,86.7100,19.0400,1.799838
_3145_,VPWR,li1,92.2300,19.0400,1.799828
_3144_,VPWR,li1,79.3500,19.0400,1.799848
_3143_,VPWR,li1,70.1500,73.4400,1.799581
_3142_,VPWR,li1,69.0000,78.8800,1.799554
_3141_,VPWR,li1,57.7300,89.7600,1.799668
_3140_,VPWR,li1,56.3500,95.2000,1.799688
_3139_,VPWR,li1,66.4700,106.0800,1.799212
_3138_,VPWR,li1,65.3200,100.6400,1.799743
_3137_,VPWR,li1,64.8600,106.0800,1.799217
_3136_,VPWR,li1,63.2500,95.2000,1.799672
_3135_,VPWR,li1,60.4900,95.2000,1.799677
_3134_,VPWR,li1,62.3300,100.6400,1.799752
_3133_,VPWR,li1,61.4100,89.7600,1.799657
_3132_,VPWR,li1,64.6300,89.7600,1.799649
_3131_,VPWR,li1,54.9700,89.7600,1.799677
_3130_,VPWR,li1,56.3500,89.7600,1.799677
_3129_,VPWR,li1,59.1100,95.2000,1.799683
_3128_,VPWR,li1,42.0900,116.9600,1.799546
_3127_,VPWR,li1,71.7600,89.7600,1.799633
_3126_,VPWR,li1,71.7600,78.8800,1.799552
_3125_,VPWR,li1,74.2900,78.8800,1.799549
_3124_,VPWR,li1,78.6600,73.4400,1.799574
_3123_,VPWR,li1,69.2300,84.3200,1.799554
_3122_,VPWR,li1,71.7600,84.3200,1.799542
_3121_,VPWR,li1,67.8500,89.7600,1.799641
_3120_,VPWR,li1,76.5900,73.4400,1.799577
_3119_,VPWR,li1,76.3600,19.0400,1.799853
_3118_,VPWR,li1,74.0600,19.0400,1.799857
_3117_,VPWR,li1,83.4900,19.0400,1.799841
_3116_,VPWR,li1,79.3500,13.6000,1.799958
_3115_,VPWR,li1,81.6500,13.6000,1.799956
_3114_,VPWR,li1,79.5800,68.0000,1.799470
_3113_,VPWR,li1,72.9100,89.7600,1.799633
_3112_,VPWR,li1,74.0600,89.7600,1.799628
_3111_,VPWR,li1,62.7900,100.6400,1.799752
_3110_,VPWR,li1,74.2900,106.0800,1.799203
_3109_,VPWR,li1,71.7600,100.6400,1.799732
_3108_,VPWR,li1,74.7500,111.5200,1.799447
_3107_,VPWR,li1,71.9900,106.0800,1.799205
_3106_,VPWR,li1,70.6100,106.0800,1.799205
_3105_,VPWR,li1,72.2200,106.0800,1.799205
_3104_,VPWR,li1,68.3100,100.6400,1.799736
_3103_,VPWR,li1,61.8700,111.5200,1.799524
_3102_,VPWR,li1,73.8300,95.2000,1.799653
_3101_,VPWR,li1,76.5900,95.2000,1.799649
_3100_,VPWR,li1,74.5200,95.2000,1.799653
_3099_,VPWR,li1,75.6700,89.7600,1.799628
_3098_,VPWR,li1,76.5900,84.3200,1.799521
_3097_,VPWR,li1,77.7400,89.7600,1.799621
_3096_,VPWR,li1,80.2700,73.4400,1.799574
_3095_,VPWR,li1,80.5000,73.4400,1.799572
_3094_,VPWR,li1,84.6400,68.0000,1.799462
_3093_,VPWR,li1,84.4100,73.4400,1.799570
_3092_,VPWR,li1,80.7300,84.3200,1.799510
_3091_,VPWR,li1,79.1200,84.3200,1.799510
_3090_,VPWR,li1,80.2700,95.2000,1.799643
_3089_,VPWR,li1,75.6700,106.0800,1.799201
_3088_,VPWR,li1,76.1300,106.0800,1.799201
_3087_,VPWR,li1,81.1900,106.0800,1.799199
_3086_,VPWR,li1,78.8900,106.0800,1.799200
_3085_,VPWR,li1,80.9600,111.5200,1.799426
_3084_,VPWR,li1,74.2900,106.0800,1.799203
_3083_,VPWR,li1,72.4500,127.8400,1.799312
_3082_,VPWR,li1,80.7300,106.0800,1.799199
_3081_,VPWR,li1,84.4100,100.6400,1.799701
_3080_,VPWR,li1,86.2500,100.6400,1.799697
_3079_,VPWR,li1,83.2600,95.2000,1.799640
_3078_,VPWR,li1,82.1100,84.3200,1.799498
_3077_,VPWR,li1,83.2600,84.3200,1.799498
_3076_,VPWR,li1,87.8600,78.8800,1.799541
_3075_,VPWR,li1,84.8700,78.8800,1.799543
_3074_,VPWR,li1,86.7100,95.2000,1.799635
_3073_,VPWR,li1,92.6900,100.6400,1.799684
_3072_,VPWR,li1,84.8700,106.0800,1.799200
_3071_,VPWR,li1,85.3300,116.9600,1.799361
_3070_,VPWR,li1,90.8500,106.0800,1.799204
_3069_,VPWR,li1,93.8400,100.6400,1.799684
_3068_,VPWR,li1,91.5400,100.6400,1.799688
_3067_,VPWR,li1,97.2900,100.6400,1.799675
_3066_,VPWR,li1,94.0700,95.2000,1.799626
_3065_,VPWR,li1,89.0100,95.2000,1.799632
_3064_,VPWR,li1,97.9800,95.2000,1.799622
_3063_,VPWR,li1,96.8300,95.2000,1.799624
_3062_,VPWR,li1,91.3100,95.2000,1.799629
_3061_,VPWR,li1,90.3900,100.6400,1.799688
_3060_,VPWR,li1,94.0700,95.2000,1.799626
_3059_,VPWR,li1,96.1400,100.6400,1.799679
_3058_,VPWR,li1,94.9900,100.6400,1.799679
_3057_,VPWR,li1,96.3700,89.7600,1.799588
_3056_,VPWR,li1,99.5900,122.4000,1.799480
_3055_,VPWR,li1,173.8800,176.8000,1.799760
_3054_,VPWR,li1,158.4700,182.2400,1.799695
_3053_,VPWR,li1,141.4500,171.3600,1.799689
_3052_,VPWR,li1,145.5900,182.2400,1.799642
_3051_,VPWR,li1,139.1500,198.5600,1.799714
_3050_,VPWR,li1,149.2700,193.1200,1.799561
_3049_,VPWR,li1,164.9100,193.1200,1.799648
_3048_,VPWR,li1,183.7700,193.1200,1.799664
_3047_,VPWR,li1,194.8100,193.1200,1.799591
_3046_,VPWR,li1,193.4300,176.8000,1.799465
_3045_,VPWR,li1,226.5500,187.6800,1.798962
_3044_,VPWR,li1,208.6100,176.8000,1.799332
_3043_,VPWR,li1,225.6300,198.5600,1.799467
_3042_,VPWR,li1,233.4500,187.6800,1.798929
_3041_,VPWR,li1,221.4900,176.8000,1.799287
_3040_,VPWR,li1,208.6100,182.2400,1.799545
_3039_,VPWR,li1,205.8500,165.9200,1.799509
_3038_,VPWR,li1,178.9400,171.3600,1.799819
_3037_,VPWR,li1,174.8000,182.2400,1.799817
_3036_,VPWR,li1,169.9700,182.2400,1.799778
_3035_,VPWR,li1,134.0900,182.2400,1.799618
_3034_,VPWR,li1,131.3300,182.2400,1.799614
_3033_,VPWR,li1,136.3900,165.9200,1.799622
_3032_,VPWR,li1,130.4100,176.8000,1.799668
_3031_,VPWR,li1,150.6500,187.6800,1.799595
_3030_,VPWR,li1,141.9100,187.6800,1.799561
_3029_,VPWR,li1,138.6900,187.6800,1.799551
_3028_,VPWR,li1,142.3700,198.5600,1.799716
_3027_,VPWR,li1,143.0600,198.5600,1.799721
_3026_,VPWR,li1,140.9900,198.5600,1.799716
_3025_,VPWR,li1,161.6900,198.5600,1.799786
_3024_,VPWR,li1,146.9700,198.5600,1.799728
_3023_,VPWR,li1,162.1500,193.1200,1.799629
_3022_,VPWR,li1,158.0100,204.0000,1.799520
_3021_,VPWR,li1,183.7700,198.5600,1.799756
_3020_,VPWR,li1,162.1500,209.4400,1.799656
_3019_,VPWR,li1,192.0500,193.1200,1.799607
_3018_,VPWR,li1,186.9900,220.3200,1.799304
_3017_,VPWR,li1,189.7500,182.2400,1.799679
_3016_,VPWR,li1,187.9100,220.3200,1.799258
_3015_,VPWR,li1,184.0000,225.7600,1.799502
_3014_,VPWR,li1,230.2300,182.2400,1.799466
_3013_,VPWR,li1,209.5300,220.3200,1.798852
_3012_,VPWR,li1,213.6700,176.8000,1.799315
_3011_,VPWR,li1,206.3100,220.3200,1.798899
_3010_,VPWR,li1,209.3000,225.7600,1.799124
_3009_,VPWR,li1,209.9900,225.7600,1.799124
_3008_,VPWR,li1,208.6100,225.7600,1.799124
_3007_,VPWR,li1,222.8700,198.5600,1.799475
_3006_,VPWR,li1,224.2500,220.3200,1.798741
_3005_,VPWR,li1,227.4700,193.1200,1.799519
_3004_,VPWR,li1,226.5500,220.3200,1.798732
_3003_,VPWR,li1,226.3200,225.7600,1.799047
_3002_,VPWR,li1,221.9500,165.9200,1.799429
_3001_,VPWR,li1,222.8700,204.0000,1.799466
_3000_,VPWR,li1,221.2600,204.0000,1.799466
_2999_,VPWR,li1,209.0700,182.2400,1.799545
_2998_,VPWR,li1,211.8300,198.5600,1.799533
_2997_,VPWR,li1,208.1500,198.5600,1.799558
_2996_,VPWR,li1,203.0900,198.5600,1.799596
_2995_,VPWR,li1,200.7900,198.5600,1.799615
_2994_,VPWR,li1,209.5300,187.6800,1.799179
_2993_,VPWR,li1,206.5400,204.0000,1.799538
_2992_,VPWR,li1,218.0400,204.0000,1.799477
_2991_,VPWR,li1,224.2500,204.0000,1.799464
_2990_,VPWR,li1,223.7900,220.3200,1.798741
_2989_,VPWR,li1,219.8800,225.7600,1.799063
_2988_,VPWR,li1,221.9500,225.7600,1.799054
_2987_,VPWR,li1,221.9500,220.3200,1.798759
_2986_,VPWR,li1,223.1000,225.7600,1.799054
_2985_,VPWR,li1,219.6500,220.3200,1.798779
_2984_,VPWR,li1,205.3900,225.7600,1.799178
_2983_,VPWR,li1,212.2900,225.7600,1.799107
_2982_,VPWR,li1,206.5400,225.7600,1.799147
_2981_,VPWR,li1,202.4000,225.7600,1.799214
_2980_,VPWR,li1,181.2400,225.7600,1.799571
_2979_,VPWR,li1,188.3700,225.7600,1.799417
_2978_,VPWR,li1,186.5300,225.7600,1.799457
_2977_,VPWR,li1,179.1700,225.7600,1.799645
_2976_,VPWR,li1,177.7900,225.7600,1.799645
_2975_,VPWR,li1,154.5600,231.2000,1.799650
_2974_,VPWR,li1,175.0300,231.2000,1.799830
_2973_,VPWR,li1,157.7800,214.8800,1.799621
_2972_,VPWR,li1,161.6900,214.8800,1.799662
_2971_,VPWR,li1,154.5600,220.3200,1.799466
_2970_,VPWR,li1,156.8600,209.4400,1.799614
_2969_,VPWR,li1,153.8700,209.4400,1.799585
_2968_,VPWR,li1,149.9600,204.0000,1.799429
_2967_,VPWR,li1,146.0500,204.0000,1.799379
_2966_,VPWR,li1,142.8300,204.0000,1.799357
_2965_,VPWR,li1,136.8500,187.6800,1.799546
_2964_,VPWR,li1,132.7100,182.2400,1.799618
_2963_,VPWR,li1,132.7100,182.2400,1.799618
_2962_,VPWR,li1,129.9500,182.2400,1.799614
_2961_,VPWR,li1,135.9300,182.2400,1.799622
_2960_,VPWR,li1,175.7200,182.2400,1.799817
_2959_,VPWR,li1,184.6900,176.8000,1.799599
_2958_,VPWR,li1,123.9700,182.2400,1.799604
_2957_,VPWR,li1,131.7900,187.6800,1.799539
_2956_,VPWR,li1,128.3400,187.6800,1.799537
_2955_,VPWR,li1,129.4900,193.1200,1.799540
_2954_,VPWR,li1,148.3500,204.0000,1.799401
_2953_,VPWR,li1,141.4500,209.4400,1.799513
_2952_,VPWR,li1,141.4500,204.0000,1.799332
_2951_,VPWR,li1,130.4100,198.5600,1.799702
_2950_,VPWR,li1,124.8900,198.5600,1.799695
_2949_,VPWR,li1,124.6600,187.6800,1.799534
_2948_,VPWR,li1,126.2700,187.6800,1.799536
_2947_,VPWR,li1,123.5100,187.6800,1.799534
_2946_,VPWR,li1,120.9800,182.2400,1.799602
_2945_,VPWR,li1,124.8900,182.2400,1.799607
_2944_,VPWR,li1,118.6800,182.2400,1.799600
_2943_,VPWR,li1,126.2700,182.2400,1.799607
_2942_,VPWR,li1,123.0500,182.2400,1.799604
_2941_,VPWR,li1,162.6100,182.2400,1.799726
_2940_,VPWR,li1,118.4500,193.1200,1.799551
_2939_,VPWR,li1,137.7700,204.0000,1.799328
_2938_,VPWR,li1,154.3300,209.4400,1.799585
_2937_,VPWR,li1,143.2900,209.4400,1.799523
_2936_,VPWR,li1,136.1600,209.4400,1.799490
_2935_,VPWR,li1,130.4100,209.4400,1.799472
_2934_,VPWR,li1,129.4900,209.4400,1.799468
_2933_,VPWR,li1,125.3500,204.0000,1.799328
_2932_,VPWR,li1,123.0500,204.0000,1.799329
_2931_,VPWR,li1,121.2100,198.5600,1.799693
_2930_,VPWR,li1,130.4100,204.0000,1.799327
_2929_,VPWR,li1,129.9500,204.0000,1.799327
_2928_,VPWR,li1,128.3400,204.0000,1.799327
_2927_,VPWR,li1,120.0600,204.0000,1.799331
_2926_,VPWR,li1,118.9100,198.5600,1.799692
_2925_,VPWR,li1,116.1500,198.5600,1.799692
_2924_,VPWR,li1,120.7500,193.1200,1.799548
_2923_,VPWR,li1,119.3700,198.5600,1.799692
_2922_,VPWR,li1,115.6900,198.5600,1.799692
_2921_,VPWR,li1,130.8700,165.9200,1.799605
_2920_,VPWR,li1,116.1500,209.4400,1.799450
_2919_,VPWR,li1,127.1900,214.8800,1.799427
_2918_,VPWR,li1,140.0700,214.8800,1.799486
_2917_,VPWR,li1,149.2700,214.8800,1.799546
_2916_,VPWR,li1,152.7200,220.3200,1.799456
_2915_,VPWR,li1,151.5700,214.8800,1.799566
_2914_,VPWR,li1,145.5900,220.3200,1.799413
_2913_,VPWR,li1,148.8100,220.3200,1.799429
_2912_,VPWR,li1,139.8400,220.3200,1.799403
_2911_,VPWR,li1,136.3900,214.8800,1.799465
_2910_,VPWR,li1,140.0700,220.3200,1.799403
_2909_,VPWR,li1,143.2900,220.3200,1.799408
_2908_,VPWR,li1,134.3200,220.3200,1.799393
_2907_,VPWR,li1,137.3100,220.3200,1.799397
_2906_,VPWR,li1,125.1200,220.3200,1.799383
_2905_,VPWR,li1,119.8300,214.8800,1.799406
_2904_,VPWR,li1,129.4900,220.3200,1.799386
_2903_,VPWR,li1,132.2500,214.8800,1.799448
_2902_,VPWR,li1,131.1000,220.3200,1.799390
_2901_,VPWR,li1,128.1100,220.3200,1.799386
_2900_,VPWR,li1,130.8700,214.8800,1.799439
_2899_,VPWR,li1,123.5100,214.8800,1.799416
_2898_,VPWR,li1,117.9900,214.8800,1.799403
_2897_,VPWR,li1,116.1500,209.4400,1.799450
_2896_,VPWR,li1,115.6900,204.0000,1.799335
_2895_,VPWR,li1,120.2900,209.4400,1.799455
_2894_,VPWR,li1,114.7700,214.8800,1.799395
_2893_,VPWR,li1,146.9700,182.2400,1.799649
_2892_,VPWR,li1,116.6100,220.3200,1.799378
_2891_,VPWR,li1,129.4900,231.2000,1.799592
_2890_,VPWR,li1,143.2900,231.2000,1.799597
_2889_,VPWR,li1,149.7300,225.7600,1.799662
_2888_,VPWR,li1,149.2700,231.2000,1.799618
_2887_,VPWR,li1,152.2600,231.2000,1.799632
_2886_,VPWR,li1,143.0600,231.2000,1.799597
_2885_,VPWR,li1,138.2300,231.2000,1.799590
_2884_,VPWR,li1,145.1300,236.6400,1.799705
_2883_,VPWR,li1,143.0600,242.0800,1.799899
_2882_,VPWR,li1,139.6100,231.2000,1.799593
_2881_,VPWR,li1,127.8800,231.2000,1.799592
_2880_,VPWR,li1,122.1300,231.2000,1.799602
_2879_,VPWR,li1,127.6500,242.0800,1.799909
_2878_,VPWR,li1,123.0500,231.2000,1.799599
_2877_,VPWR,li1,118.4500,225.7600,1.799693
_2876_,VPWR,li1,115.6900,220.3200,1.799378
_2875_,VPWR,li1,114.7700,214.8800,1.799395
_2874_,VPWR,li1,120.7500,220.3200,1.799380
_2873_,VPWR,li1,111.0900,220.3200,1.799384
_2872_,VPWR,li1,138.6900,193.1200,1.799540
_2871_,VPWR,li1,115.6900,231.2000,1.799614
_2870_,VPWR,li1,135.9300,236.6400,1.799683
_2869_,VPWR,li1,152.4900,236.6400,1.799721
_2868_,VPWR,li1,145.8200,242.0800,1.799898
_2867_,VPWR,li1,145.5900,247.5200,1.799927
_2866_,VPWR,li1,143.9800,242.0800,1.799899
_2865_,VPWR,li1,130.8700,242.0800,1.799906
_2864_,VPWR,li1,124.6600,242.0800,1.799911
_2863_,VPWR,li1,128.5700,247.5200,1.799929
_2862_,VPWR,li1,133.1700,242.0800,1.799904
_2861_,VPWR,li1,128.5700,242.0800,1.799907
_2860_,VPWR,li1,183.7700,225.7600,1.799502
_2859_,VPWR,li1,179.4000,231.2000,1.799814
_2858_,VPWR,li1,177.5600,231.2000,1.799821
_2857_,VPWR,li1,172.2700,231.2000,1.799789
_2856_,VPWR,li1,169.0500,231.2000,1.799766
_2855_,VPWR,li1,149.0400,242.0800,1.799896
_2854_,VPWR,li1,171.8100,231.2000,1.799789
_2853_,VPWR,li1,155.0200,231.2000,1.799650
_2852_,VPWR,li1,155.7100,236.6400,1.799729
_2851_,VPWR,li1,150.1900,242.0800,1.799896
_2850_,VPWR,li1,145.5900,247.5200,1.799927
_2849_,VPWR,li1,145.5900,252.9600,1.799892
_2848_,VPWR,li1,143.7500,252.9600,1.799889
_2847_,VPWR,li1,145.5900,258.4000,1.799860
_2846_,VPWR,li1,143.9800,252.9600,1.799889
_2845_,VPWR,li1,136.3900,252.9600,1.799874
_2844_,VPWR,li1,146.9700,242.0800,1.799898
_2843_,VPWR,li1,144.2100,214.8800,1.799502
_2842_,VPWR,li1,154.7900,236.6400,1.799729
_2841_,VPWR,li1,138.9200,236.6400,1.799689
_2840_,VPWR,li1,132.7100,236.6400,1.799682
_2839_,VPWR,li1,133.1700,252.9600,1.799867
_2838_,VPWR,li1,130.1800,252.9600,1.799863
_2837_,VPWR,li1,136.3900,252.9600,1.799874
_2836_,VPWR,li1,132.7100,252.9600,1.799867
_2835_,VPWR,li1,128.1100,252.9600,1.799858
_2834_,VPWR,li1,133.6300,231.2000,1.799591
_2833_,VPWR,li1,126.2700,231.2000,1.799596
_2832_,VPWR,li1,118.9100,231.2000,1.799606
_2831_,VPWR,li1,118.9100,231.2000,1.799606
_2830_,VPWR,li1,125.8100,236.6400,1.799678
_2829_,VPWR,li1,120.2900,231.2000,1.799606
_2828_,VPWR,li1,154.3300,198.5600,1.799756
_2827_,VPWR,li1,162.1500,225.7600,1.799675
_2826_,VPWR,li1,160.3100,236.6400,1.799753
_2825_,VPWR,li1,167.6700,236.6400,1.799794
_2824_,VPWR,li1,175.9500,236.6400,1.799847
_2823_,VPWR,li1,207.0000,236.6400,1.799684
_2822_,VPWR,li1,204.9300,236.6400,1.799690
_2821_,VPWR,li1,178.7100,236.6400,1.799823
_2820_,VPWR,li1,180.0900,242.0800,1.799871
_2819_,VPWR,li1,163.7600,252.9600,1.799932
_2818_,VPWR,li1,181.4700,236.6400,1.799804
_2817_,VPWR,li1,169.2800,242.0800,1.799893
_2816_,VPWR,li1,166.2900,242.0800,1.799892
_2815_,VPWR,li1,170.8900,242.0800,1.799897
_2814_,VPWR,li1,163.9900,247.5200,1.799927
_2813_,VPWR,li1,167.2100,252.9600,1.799937
_2812_,VPWR,li1,162.1500,252.9600,1.799925
_2811_,VPWR,li1,162.6100,258.4000,1.799886
_2810_,VPWR,li1,170.6600,252.9600,1.799949
_2809_,VPWR,li1,157.3200,252.9600,1.799915
_2808_,VPWR,li1,151.1100,258.4000,1.799865
_2807_,VPWR,li1,148.1200,252.9600,1.799896
_2806_,VPWR,li1,149.0400,258.4000,1.799861
_2805_,VPWR,li1,149.2700,252.9600,1.799900
_2804_,VPWR,li1,172.2700,242.0800,1.799897
_2803_,VPWR,li1,163.3000,236.6400,1.799771
_2802_,VPWR,li1,165.3700,225.7600,1.799681
_2801_,VPWR,li1,157.0900,247.5200,1.799926
_2800_,VPWR,li1,156.1700,252.9600,1.799915
_2799_,VPWR,li1,154.1000,252.9600,1.799910
_2798_,VPWR,li1,152.9500,252.9600,1.799905
_2797_,VPWR,li1,159.8500,252.9600,1.799921
_2796_,VPWR,li1,163.0700,231.2000,1.799718
_2795_,VPWR,li1,163.5300,225.7600,1.799678
_2794_,VPWR,li1,162.1500,220.3200,1.799519
_2793_,VPWR,li1,158.9300,225.7600,1.799672
_2792_,VPWR,li1,164.9100,220.3200,1.799540
_2791_,VPWR,li1,159.3900,220.3200,1.799492
_2790_,VPWR,li1,166.7500,198.5600,1.799808
_2789_,VPWR,li1,168.1300,214.8800,1.799732
_2788_,VPWR,li1,176.8700,242.0800,1.799904
_2787_,VPWR,li1,183.3100,242.0800,1.799850
_2786_,VPWR,li1,203.5500,247.5200,1.799741
_2785_,VPWR,li1,214.5900,225.7600,1.799092
_2784_,VPWR,li1,214.3600,242.0800,1.799743
_2783_,VPWR,li1,209.7600,242.0800,1.799753
_2782_,VPWR,li1,205.8500,242.0800,1.799764
_2781_,VPWR,li1,206.7700,247.5200,1.799723
_2780_,VPWR,li1,178.9400,247.5200,1.799905
_2779_,VPWR,li1,209.7600,247.5200,1.799715
_2778_,VPWR,li1,188.1400,236.6400,1.799766
_2777_,VPWR,li1,187.4500,242.0800,1.799830
_2776_,VPWR,li1,186.5300,242.0800,1.799838
_2775_,VPWR,li1,179.1700,252.9600,1.799954
_2774_,VPWR,li1,179.6300,258.4000,1.799939
_2773_,VPWR,li1,177.1000,252.9600,1.799957
_2772_,VPWR,li1,179.4000,252.9600,1.799954
_2771_,VPWR,li1,177.7900,258.4000,1.799940
_2770_,VPWR,li1,175.2600,258.4000,1.799941
_2769_,VPWR,li1,168.5900,252.9600,1.799944
_2768_,VPWR,li1,158.9300,252.9600,1.799921
_2767_,VPWR,li1,170.8900,258.4000,1.799910
_2766_,VPWR,li1,170.6600,258.4000,1.799910
_2765_,VPWR,li1,165.8300,252.9600,1.799937
_2764_,VPWR,li1,183.5400,236.6400,1.799792
_2763_,VPWR,li1,176.4100,220.3200,1.799619
_2762_,VPWR,li1,176.8700,252.9600,1.799957
_2761_,VPWR,li1,182.6200,252.9600,1.799950
_2760_,VPWR,li1,183.0800,252.9600,1.799950
_2759_,VPWR,li1,185.8400,252.9600,1.799947
_2758_,VPWR,li1,188.3700,252.9600,1.799944
_2757_,VPWR,li1,179.1700,220.3200,1.799507
_2756_,VPWR,li1,176.4100,214.8800,1.799839
_2755_,VPWR,li1,175.0300,214.8800,1.799839
_2754_,VPWR,li1,170.4300,214.8800,1.799778
_2753_,VPWR,li1,177.7900,214.8800,1.799833
_2752_,VPWR,li1,173.1900,209.4400,1.799810
_2751_,VPWR,li1,180.0900,198.5600,1.799791
_2750_,VPWR,li1,180.5500,220.3200,1.799507
_2749_,VPWR,li1,182.1600,220.3200,1.799419
_2748_,VPWR,li1,191.5900,242.0800,1.799813
_2747_,VPWR,li1,220.5700,247.5200,1.799690
_2746_,VPWR,li1,214.5900,247.5200,1.799700
_2745_,VPWR,li1,223.7900,225.7600,1.799050
_2744_,VPWR,li1,221.9500,236.6400,1.799664
_2743_,VPWR,li1,219.8800,236.6400,1.799665
_2742_,VPWR,li1,216.6600,247.5200,1.799695
_2741_,VPWR,li1,220.3400,247.5200,1.799690
_2740_,VPWR,li1,218.0400,247.5200,1.799695
_2739_,VPWR,li1,217.8100,252.9600,1.799927
_2738_,VPWR,li1,218.2700,242.0800,1.799740
_2737_,VPWR,li1,213.6700,252.9600,1.799928
_2736_,VPWR,li1,210.2200,252.9600,1.799930
_2735_,VPWR,li1,206.7700,252.9600,1.799932
_2734_,VPWR,li1,203.3200,252.9600,1.799933
_2733_,VPWR,li1,201.0200,252.9600,1.799934
_2732_,VPWR,li1,197.5700,258.4000,1.799933
_2731_,VPWR,li1,181.0100,258.4000,1.799939
_2730_,VPWR,li1,175.7200,258.4000,1.799941
_2729_,VPWR,li1,179.4000,258.4000,1.799940
_2728_,VPWR,li1,174.1100,252.9600,1.799954
_2727_,VPWR,li1,220.5700,242.0800,1.799740
_2726_,VPWR,li1,194.5800,242.0800,1.799802
_2725_,VPWR,li1,191.5900,236.6400,1.799754
_2724_,VPWR,li1,192.9700,231.2000,1.799784
_2723_,VPWR,li1,191.5900,252.9600,1.799943
_2722_,VPWR,li1,196.4200,252.9600,1.799937
_2721_,VPWR,li1,197.3400,252.9600,1.799937
_2720_,VPWR,li1,194.1200,247.5200,1.799804
_2719_,VPWR,li1,193.4300,252.9600,1.799940
_2718_,VPWR,li1,191.1300,231.2000,1.799791
_2717_,VPWR,li1,195.2700,182.2400,1.799644
_2716_,VPWR,li1,184.2300,220.3200,1.799358
_2715_,VPWR,li1,191.1300,193.1200,1.799619
_2714_,VPWR,li1,214.1300,236.6400,1.799672
_2713_,VPWR,li1,217.8100,236.6400,1.799667
_2712_,VPWR,li1,215.9700,236.6400,1.799669
_2711_,VPWR,li1,221.9500,231.2000,1.799731
_2710_,VPWR,li1,227.0100,220.3200,1.798732
_2709_,VPWR,li1,223.1000,231.2000,1.799729
_2708_,VPWR,li1,197.8000,231.2000,1.799774
_2707_,VPWR,li1,226.0900,231.2000,1.799728
_2706_,VPWR,li1,220.5700,231.2000,1.799731
_2705_,VPWR,li1,218.5000,231.2000,1.799736
_2704_,VPWR,li1,217.3500,236.6400,1.799669
_2703_,VPWR,li1,200.7900,236.6400,1.799711
_2702_,VPWR,li1,197.5700,236.6400,1.799722
_2701_,VPWR,li1,196.6500,236.6400,1.799730
_2700_,VPWR,li1,199.4100,220.3200,1.799055
_2699_,VPWR,li1,195.0400,214.8800,1.799796
_2698_,VPWR,li1,200.7900,258.4000,1.799933
_2697_,VPWR,li1,197.5700,263.8400,1.799989
_2696_,VPWR,li1,196.1900,263.8400,1.799989
_2695_,VPWR,li1,197.3400,258.4000,1.799933
_2694_,VPWR,li1,194.3500,258.4000,1.799934
_2693_,VPWR,li1,218.7300,231.2000,1.799733
_2692_,VPWR,li1,216.8900,231.2000,1.799736
_2691_,VPWR,li1,215.5100,231.2000,1.799741
_2690_,VPWR,li1,214.3600,231.2000,1.799741
_2689_,VPWR,li1,220.5700,187.6800,1.799025
_2688_,VPWR,li1,199.8700,236.6400,1.799711
_2687_,VPWR,li1,195.2700,247.5200,1.799804
_2686_,VPWR,li1,192.0500,247.5200,1.799827
_2685_,VPWR,li1,193.6600,236.6400,1.799746
_2684_,VPWR,li1,210.4500,214.8800,1.799769
_2683_,VPWR,li1,205.1600,214.8800,1.799777
_2682_,VPWR,li1,222.8700,214.8800,1.799754
_2681_,VPWR,li1,218.7300,214.8800,1.799759
_2680_,VPWR,li1,220.1100,214.8800,1.799755
_2679_,VPWR,li1,221.4900,204.0000,1.799466
_2678_,VPWR,li1,220.8000,214.8800,1.799755
_2677_,VPWR,li1,224.2500,209.4400,1.799766
_2676_,VPWR,li1,222.4100,209.4400,1.799766
_2675_,VPWR,li1,219.8800,209.4400,1.799768
_2674_,VPWR,li1,222.4100,214.8800,1.799754
_2673_,VPWR,li1,206.7700,214.8800,1.799777
_2672_,VPWR,li1,201.7100,214.8800,1.799783
_2671_,VPWR,li1,198.9500,214.8800,1.799789
_2670_,VPWR,li1,195.5000,220.3200,1.799109
_2669_,VPWR,li1,191.8200,220.3200,1.799190
_2668_,VPWR,li1,197.5700,214.8800,1.799792
_2667_,VPWR,li1,199.8700,214.8800,1.799789
_2666_,VPWR,li1,193.2000,214.8800,1.799800
_2665_,VPWR,li1,217.3500,209.4400,1.799770
_2664_,VPWR,li1,220.1100,209.4400,1.799768
_2663_,VPWR,li1,225.6300,193.1200,1.799523
_2662_,VPWR,li1,206.3100,209.4400,1.799787
_2661_,VPWR,li1,214.1300,171.3600,1.799485
_2660_,VPWR,li1,215.0500,204.0000,1.799494
_2659_,VPWR,li1,215.9700,204.0000,1.799486
_2658_,VPWR,li1,212.0600,204.0000,1.799509
_2657_,VPWR,li1,214.1300,204.0000,1.799494
_2656_,VPWR,li1,209.0700,204.0000,1.799526
_2655_,VPWR,li1,217.8100,204.0000,1.799477
_2654_,VPWR,li1,229.7700,187.6800,1.798944
_2653_,VPWR,li1,201.7100,204.0000,1.799574
_2652_,VPWR,li1,204.0100,204.0000,1.799554
_2651_,VPWR,li1,196.8800,204.0000,1.799607
_2650_,VPWR,li1,201.0200,204.0000,1.799574
_2649_,VPWR,li1,221.4900,171.3600,1.799435
_2648_,VPWR,li1,204.4700,204.0000,1.799554
_2647_,VPWR,li1,197.1100,209.4400,1.799798
_2646_,VPWR,li1,195.2700,214.8800,1.799796
_2645_,VPWR,li1,191.1300,209.4400,1.799807
_2644_,VPWR,li1,188.8300,209.4400,1.799811
_2643_,VPWR,li1,197.5700,204.0000,1.799607
_2642_,VPWR,li1,193.8900,209.4400,1.799803
_2641_,VPWR,li1,194.1200,204.0000,1.799626
_2640_,VPWR,li1,198.0300,198.5600,1.799645
_2639_,VPWR,li1,193.8900,209.4400,1.799803
_2638_,VPWR,li1,180.5500,165.9200,1.799750
_2637_,VPWR,li1,110.8600,133.2800,1.799434
_2636_,VPWR,li1,112.9300,138.7200,1.799596
_2635_,VPWR,li1,119.8300,155.0400,1.799395
_2634_,VPWR,li1,120.2900,133.2800,1.799447
_2633_,VPWR,li1,103.7300,155.0400,1.799386
_2632_,VPWR,li1,91.7700,155.0400,1.799391
_2631_,VPWR,li1,27.8300,127.8400,1.799743
_2630_,VPWR,li1,23.6900,144.1600,1.799839
_2629_,VPWR,li1,25.0700,155.0400,1.799806
_2628_,VPWR,li1,39.3300,138.7200,1.799747
_2627_,VPWR,li1,42.5500,149.6000,1.799464
_2626_,VPWR,li1,42.0900,133.2800,1.799618
_2625_,VPWR,li1,54.5100,149.6000,1.799338
_2624_,VPWR,li1,61.4100,155.0400,1.799473
_2623_,VPWR,li1,81.6500,144.1600,1.799405
_2622_,VPWR,li1,94.0700,138.7200,1.799566
_2621_,VPWR,li1,117.5300,138.7200,1.799603
_2620_,VPWR,li1,109.4800,127.8400,1.799221
_2619_,VPWR,li1,107.1800,133.2800,1.799432
_2618_,VPWR,li1,116.1500,138.7200,1.799603
_2617_,VPWR,li1,116.1500,149.6000,1.799354
_2616_,VPWR,li1,114.0800,149.6000,1.799336
_2615_,VPWR,li1,123.0500,149.6000,1.799404
_2614_,VPWR,li1,118.2200,160.4800,1.799466
_2613_,VPWR,li1,114.0800,155.0400,1.799390
_2612_,VPWR,li1,119.8300,138.7200,1.799610
_2611_,VPWR,li1,115.6900,160.4800,1.799459
_2610_,VPWR,li1,97.7500,149.6000,1.799257
_2609_,VPWR,li1,97.7500,160.4800,1.799452
_2608_,VPWR,li1,85.7900,149.6000,1.799232
_2607_,VPWR,li1,88.5500,160.4800,1.799465
_2606_,VPWR,li1,24.6100,133.2800,1.799803
_2605_,VPWR,li1,49.4500,155.0400,1.799550
_2604_,VPWR,li1,31.0500,155.0400,1.799736
_2603_,VPWR,li1,46.2300,155.0400,1.799578
_2602_,VPWR,li1,45.7700,160.4800,1.799636
_2601_,VPWR,li1,29.6700,149.6000,1.799646
_2600_,VPWR,li1,33.8100,160.4800,1.799733
_2599_,VPWR,li1,29.6700,133.2800,1.799742
_2598_,VPWR,li1,37.0300,160.4800,1.799703
_2597_,VPWR,li1,34.9600,160.4800,1.799733
_2596_,VPWR,li1,39.3300,149.6000,1.799506
_2595_,VPWR,li1,40.2500,187.6800,1.799677
_2594_,VPWR,li1,37.9500,187.6800,1.799707
_2593_,VPWR,li1,42.0900,133.2800,1.799618
_2592_,VPWR,li1,42.5500,187.6800,1.799666
_2591_,VPWR,li1,39.7900,187.6800,1.799677
_2590_,VPWR,li1,41.8600,187.6800,1.799666
_2589_,VPWR,li1,37.9500,187.6800,1.799707
_2588_,VPWR,li1,32.4300,187.6800,1.799759
_2587_,VPWR,li1,39.1000,193.1200,1.799736
_2586_,VPWR,li1,55.4300,144.1600,1.799564
_2585_,VPWR,li1,54.9700,198.5600,1.799763
_2584_,VPWR,li1,64.6300,155.0400,1.799459
_2583_,VPWR,li1,60.4900,209.4400,1.799536
_2582_,VPWR,li1,58.4200,214.8800,1.799476
_2581_,VPWR,li1,81.1900,138.7200,1.799579
_2580_,VPWR,li1,86.2500,214.8800,1.799350
_2579_,VPWR,li1,94.0700,133.2800,1.799434
_2578_,VPWR,li1,90.8500,204.0000,1.799374
_2577_,VPWR,li1,90.8500,204.0000,1.799374
_2576_,VPWR,li1,89.4700,198.5600,1.799708
_2575_,VPWR,li1,89.9300,133.2800,1.799438
_2574_,VPWR,li1,87.6300,204.0000,1.799389
_2573_,VPWR,li1,86.0200,204.0000,1.799403
_2572_,VPWR,li1,85.1000,214.8800,1.799350
_2571_,VPWR,li1,85.1000,220.3200,1.799435
_2570_,VPWR,li1,82.3400,220.3200,1.799450
_2569_,VPWR,li1,62.7900,214.8800,1.799429
_2568_,VPWR,li1,60.9500,214.8800,1.799442
_2567_,VPWR,li1,55.8900,214.8800,1.799500
_2566_,VPWR,li1,52.6700,220.3200,1.799596
_2565_,VPWR,li1,52.6700,220.3200,1.799596
_2564_,VPWR,li1,55.8900,220.3200,1.799577
_2563_,VPWR,li1,62.7900,214.8800,1.799429
_2562_,VPWR,li1,61.4100,220.3200,1.799545
_2561_,VPWR,li1,63.2500,220.3200,1.799530
_2560_,VPWR,li1,58.8800,220.3200,1.799563
_2559_,VPWR,li1,55.8900,214.8800,1.799500
_2558_,VPWR,li1,56.8100,225.7600,1.799807
_2557_,VPWR,li1,56.1200,225.7600,1.799812
_2556_,VPWR,li1,58.8800,225.7600,1.799801
_2555_,VPWR,li1,71.9900,225.7600,1.799772
_2554_,VPWR,li1,72.4500,220.3200,1.799486
_2553_,VPWR,li1,38.4100,193.1200,1.799736
_2552_,VPWR,li1,36.5700,187.6800,1.799707
_2551_,VPWR,li1,34.5000,187.6800,1.799730
_2550_,VPWR,li1,38.8700,182.2400,1.799833
_2549_,VPWR,li1,39.5600,165.9200,1.799740
_2548_,VPWR,li1,36.5700,160.4800,1.799703
_2547_,VPWR,li1,35.1900,171.3600,1.799800
_2546_,VPWR,li1,39.1000,171.3600,1.799777
_2545_,VPWR,li1,36.8000,171.3600,1.799800
_2544_,VPWR,li1,34.2700,165.9200,1.799786
_2543_,VPWR,li1,34.7300,165.9200,1.799771
_2542_,VPWR,li1,43.4700,171.3600,1.799758
_2541_,VPWR,li1,36.5700,165.9200,1.799758
_2540_,VPWR,li1,30.8200,171.3600,1.799835
_2539_,VPWR,li1,40.2500,160.4800,1.799682
_2538_,VPWR,li1,48.9900,160.4800,1.799617
_2537_,VPWR,li1,49.9100,165.9200,1.799686
_2536_,VPWR,li1,53.1300,160.4800,1.799597
_2535_,VPWR,li1,55.8900,160.4800,1.799579
_2534_,VPWR,li1,92.0000,160.4800,1.799458
_2533_,VPWR,li1,87.6300,160.4800,1.799465
_2532_,VPWR,li1,92.4600,160.4800,1.799458
_2531_,VPWR,li1,109.9400,160.4800,1.799452
_2530_,VPWR,li1,113.6200,160.4800,1.799456
_2529_,VPWR,li1,116.1500,160.4800,1.799459
_2528_,VPWR,li1,112.2400,155.0400,1.799389
_2527_,VPWR,li1,108.5600,138.7200,1.799589
_2526_,VPWR,li1,116.6100,133.2800,1.799439
_2525_,VPWR,li1,108.1000,155.0400,1.799387
_2524_,VPWR,li1,111.0900,160.4800,1.799453
_2523_,VPWR,li1,106.9500,165.9200,1.799579
_2522_,VPWR,li1,112.0100,155.0400,1.799389
_2521_,VPWR,li1,110.1700,155.0400,1.799388
_2520_,VPWR,li1,117.0700,149.6000,1.799354
_2519_,VPWR,li1,106.0300,155.0400,1.799386
_2518_,VPWR,li1,110.6300,171.3600,1.799636
_2517_,VPWR,li1,110.4000,176.8000,1.799660
_2516_,VPWR,li1,95.4500,160.4800,1.799455
_2515_,VPWR,li1,95.6800,165.9200,1.799577
_2514_,VPWR,li1,98.2100,165.9200,1.799577
_2513_,VPWR,li1,105.5700,171.3600,1.799633
_2512_,VPWR,li1,114.5400,171.3600,1.799640
_2511_,VPWR,li1,112.7000,176.8000,1.799660
_2510_,VPWR,li1,109.9400,182.2400,1.799613
_2509_,VPWR,li1,111.5500,171.3600,1.799636
_2508_,VPWR,li1,121.6700,155.0400,1.799398
_2507_,VPWR,li1,103.2700,155.0400,1.799386
_2506_,VPWR,li1,106.9500,171.3600,1.799635
_2505_,VPWR,li1,101.8900,176.8000,1.799662
_2504_,VPWR,li1,94.7600,171.3600,1.799633
_2503_,VPWR,li1,89.2400,165.9200,1.799581
_2502_,VPWR,li1,87.1700,165.9200,1.799584
_2501_,VPWR,li1,92.9200,171.3600,1.799634
_2500_,VPWR,li1,97.2900,171.3600,1.799633
_2499_,VPWR,li1,90.1600,171.3600,1.799637
_2498_,VPWR,li1,92.2300,171.3600,1.799634
_2497_,VPWR,li1,104.4200,176.8000,1.799661
_2496_,VPWR,li1,100.0500,182.2400,1.799635
_2495_,VPWR,li1,100.9700,171.3600,1.799633
_2494_,VPWR,li1,104.1900,171.3600,1.799633
_2493_,VPWR,li1,102.3500,171.3600,1.799633
_2492_,VPWR,li1,123.5100,138.7200,1.799621
_2491_,VPWR,li1,100.9700,176.8000,1.799663
_2490_,VPWR,li1,105.8000,182.2400,1.799625
_2489_,VPWR,li1,107.1800,182.2400,1.799619
_2488_,VPWR,li1,104.1900,182.2400,1.799625
_2487_,VPWR,li1,92.6900,182.2400,1.799652
_2486_,VPWR,li1,89.4700,187.6800,1.799564
_2485_,VPWR,li1,91.3100,176.8000,1.799668
_2484_,VPWR,li1,86.9400,171.3600,1.799639
_2483_,VPWR,li1,51.7500,160.4800,1.799597
_2482_,VPWR,li1,47.3800,165.9200,1.799697
_2481_,VPWR,li1,55.8900,160.4800,1.799579
_2480_,VPWR,li1,84.6400,165.9200,1.799588
_2479_,VPWR,li1,84.8700,171.3600,1.799644
_2478_,VPWR,li1,85.1000,171.3600,1.799644
_2477_,VPWR,li1,81.4200,171.3600,1.799648
_2476_,VPWR,li1,87.4000,176.8000,1.799674
_2475_,VPWR,li1,88.7800,182.2400,1.799662
_2474_,VPWR,li1,94.0700,176.8000,1.799666
_2473_,VPWR,li1,90.3900,176.8000,1.799671
_2472_,VPWR,li1,100.0500,149.6000,1.799265
_2471_,VPWR,li1,85.5600,182.2400,1.799671
_2470_,VPWR,li1,90.3900,182.2400,1.799662
_2469_,VPWR,li1,90.1600,193.1200,1.799602
_2468_,VPWR,li1,99.8200,187.6800,1.799550
_2467_,VPWR,li1,92.6900,187.6800,1.799557
_2466_,VPWR,li1,81.4200,182.2400,1.799682
_2465_,VPWR,li1,71.7600,176.8000,1.799697
_2464_,VPWR,li1,55.4300,165.9200,1.799662
_2463_,VPWR,li1,54.7400,171.3600,1.799712
_2462_,VPWR,li1,48.9900,171.3600,1.799732
_2461_,VPWR,li1,49.2200,165.9200,1.799686
_2460_,VPWR,li1,51.9800,171.3600,1.799718
_2459_,VPWR,li1,46.4600,171.3600,1.799747
_2458_,VPWR,li1,51.5200,176.8000,1.799751
_2457_,VPWR,li1,48.5300,176.8000,1.799763
_2456_,VPWR,li1,35.8800,176.8000,1.799821
_2455_,VPWR,li1,62.1000,165.9200,1.799642
_2454_,VPWR,li1,53.8200,165.9200,1.799670
_2453_,VPWR,li1,59.3400,176.8000,1.799727
_2452_,VPWR,li1,56.1200,176.8000,1.799735
_2451_,VPWR,li1,74.9800,176.8000,1.799693
_2450_,VPWR,li1,73.6000,182.2400,1.799705
_2449_,VPWR,li1,72.9100,171.3600,1.799665
_2448_,VPWR,li1,69.6900,171.3600,1.799676
_2447_,VPWR,li1,71.5300,171.3600,1.799671
_2446_,VPWR,li1,66.4700,165.9200,1.799634
_2445_,VPWR,li1,68.0800,165.9200,1.799626
_2444_,VPWR,li1,71.5300,182.2400,1.799714
_2443_,VPWR,li1,78.2000,182.2400,1.799691
_2442_,VPWR,li1,80.5000,176.8000,1.799684
_2441_,VPWR,li1,80.9600,187.6800,1.799581
_2440_,VPWR,li1,75.6700,176.8000,1.799690
_2439_,VPWR,li1,70.1500,176.8000,1.799702
_2438_,VPWR,li1,73.6000,176.8000,1.799693
_2437_,VPWR,li1,83.2600,187.6800,1.799577
_2436_,VPWR,li1,87.1700,187.6800,1.799569
_2435_,VPWR,li1,79.5800,187.6800,1.799581
_2434_,VPWR,li1,68.0800,182.2400,1.799727
_2433_,VPWR,li1,53.8200,176.8000,1.799743
_2432_,VPWR,li1,56.1200,176.8000,1.799735
_2431_,VPWR,li1,53.3600,182.2400,1.799772
_2430_,VPWR,li1,55.6600,182.2400,1.799764
_2429_,VPWR,li1,64.8600,182.2400,1.799733
_2428_,VPWR,li1,70.3800,182.2400,1.799714
_2427_,VPWR,li1,68.0800,187.6800,1.799605
_2426_,VPWR,li1,66.4700,182.2400,1.799727
_2425_,VPWR,li1,64.4000,182.2400,1.799733
_2424_,VPWR,li1,70.3800,187.6800,1.799600
_2423_,VPWR,li1,75.9000,193.1200,1.799633
_2422_,VPWR,li1,81.8800,187.6800,1.799577
_2421_,VPWR,li1,76.5900,187.6800,1.799587
_2420_,VPWR,li1,78.4300,193.1200,1.799628
_2419_,VPWR,li1,73.8300,187.6800,1.799593
_2418_,VPWR,li1,66.4700,193.1200,1.799655
_2417_,VPWR,li1,51.9800,187.6800,1.799640
_2416_,VPWR,li1,59.1100,171.3600,1.799697
_2415_,VPWR,li1,58.1900,165.9200,1.799656
_2414_,VPWR,li1,60.0300,165.9200,1.799648
_2413_,VPWR,li1,63.7100,165.9200,1.799642
_2412_,VPWR,li1,23.6900,160.4800,1.799848
_2411_,VPWR,li1,60.9500,182.2400,1.799751
_2410_,VPWR,li1,65.3200,165.9200,1.799634
_2409_,VPWR,li1,88.0900,155.0400,1.799396
_2408_,VPWR,li1,36.5700,171.3600,1.799800
_2407_,VPWR,li1,33.5800,171.3600,1.799816
_2406_,VPWR,li1,33.1200,171.3600,1.799816
_2405_,VPWR,li1,29.6700,176.8000,1.799858
_2404_,VPWR,li1,24.8400,165.9200,1.799855
_2403_,VPWR,li1,31.7400,176.8000,1.799846
_2402_,VPWR,li1,34.0400,176.8000,1.799831
_2401_,VPWR,li1,31.2800,187.6800,1.799759
_2400_,VPWR,li1,22.3100,165.9200,1.799878
_2399_,VPWR,li1,15.8700,165.9200,1.799890
_2398_,VPWR,li1,19.5500,165.9200,1.799892
_2397_,VPWR,li1,13.5700,160.4800,1.799872
_2396_,VPWR,li1,15.8700,176.8000,1.799908
_2395_,VPWR,li1,26.4500,160.4800,1.799817
_2394_,VPWR,li1,24.1500,138.7200,1.799873
_2393_,VPWR,li1,29.2100,187.6800,1.799791
_2392_,VPWR,li1,48.7600,187.6800,1.799648
_2391_,VPWR,li1,54.2800,187.6800,1.799635
_2390_,VPWR,li1,53.3600,187.6800,1.799640
_2389_,VPWR,li1,12.1900,182.2400,1.799919
_2388_,VPWR,li1,8.5100,176.8000,1.799906
_2387_,VPWR,li1,13.8000,182.2400,1.799920
_2386_,VPWR,li1,10.8100,182.2400,1.799919
_2385_,VPWR,li1,8.0500,182.2400,1.799918
_2384_,VPWR,li1,55.6600,187.6800,1.799635
_2383_,VPWR,li1,63.0200,193.1200,1.799665
_2382_,VPWR,li1,69.0000,193.1200,1.799650
_2381_,VPWR,li1,64.1700,187.6800,1.799613
_2380_,VPWR,li1,64.1700,193.1200,1.799660
_2379_,VPWR,li1,60.0300,193.1200,1.799675
_2378_,VPWR,li1,52.4400,193.1200,1.799692
_2377_,VPWR,li1,23.4600,193.1200,1.799887
_2376_,VPWR,li1,29.4400,182.2400,1.799870
_2375_,VPWR,li1,29.9000,182.2400,1.799870
_2374_,VPWR,li1,34.9600,193.1200,1.799761
_2373_,VPWR,li1,32.6600,193.1200,1.799777
_2372_,VPWR,li1,34.0400,182.2400,1.799847
_2371_,VPWR,li1,25.3000,193.1200,1.799851
_2370_,VPWR,li1,28.5200,193.1200,1.799819
_2369_,VPWR,li1,27.3700,182.2400,1.799889
_2368_,VPWR,li1,24.8400,187.6800,1.799851
_2367_,VPWR,li1,22.0800,193.1200,1.799887
_2366_,VPWR,li1,20.4700,176.8000,1.799911
_2365_,VPWR,li1,22.7700,176.8000,1.799913
_2364_,VPWR,li1,20.4700,182.2400,1.799925
_2363_,VPWR,li1,23.2300,182.2400,1.799907
_2362_,VPWR,li1,17.2500,182.2400,1.799921
_2361_,VPWR,li1,13.8000,176.8000,1.799907
_2360_,VPWR,li1,16.1000,193.1200,1.799883
_2359_,VPWR,li1,13.8000,165.9200,1.799889
_2358_,VPWR,li1,20.9300,155.0400,1.799856
_2357_,VPWR,li1,8.0500,165.9200,1.799887
_2356_,VPWR,li1,10.8100,165.9200,1.799888
_2355_,VPWR,li1,10.8100,165.9200,1.799888
_2354_,VPWR,li1,20.0100,193.1200,1.799885
_2353_,VPWR,li1,20.2400,193.1200,1.799885
_2352_,VPWR,li1,25.7600,193.1200,1.799851
_2351_,VPWR,li1,20.2400,198.5600,1.799940
_2350_,VPWR,li1,13.1100,193.1200,1.799883
_2349_,VPWR,li1,14.4900,193.1200,1.799883
_2348_,VPWR,li1,9.8900,193.1200,1.799882
_2347_,VPWR,li1,10.3500,193.1200,1.799882
_2346_,VPWR,li1,7.5900,193.1200,1.799882
_2345_,VPWR,li1,22.5400,198.5600,1.799942
_2344_,VPWR,li1,50.1400,193.1200,1.799703
_2343_,VPWR,li1,55.8900,193.1200,1.799687
_2342_,VPWR,li1,52.4400,193.1200,1.799692
_2341_,VPWR,li1,57.7300,193.1200,1.799682
_2340_,VPWR,li1,48.5300,193.1200,1.799703
_2339_,VPWR,li1,15.4100,214.8800,1.799869
_2338_,VPWR,li1,17.0200,214.8800,1.799869
_2337_,VPWR,li1,27.1400,209.4400,1.799812
_2336_,VPWR,li1,32.4300,204.0000,1.799771
_2335_,VPWR,li1,37.7200,204.0000,1.799726
_2334_,VPWR,li1,39.5600,204.0000,1.799707
_2333_,VPWR,li1,35.4200,204.0000,1.799752
_2332_,VPWR,li1,34.2700,204.0000,1.799752
_2331_,VPWR,li1,33.3500,209.4400,1.799751
_2330_,VPWR,li1,20.2400,204.0000,1.799893
_2329_,VPWR,li1,35.4200,209.4400,1.799733
_2328_,VPWR,li1,29.4400,209.4400,1.799787
_2327_,VPWR,li1,27.6000,220.3200,1.799837
_2326_,VPWR,li1,20.4700,209.4400,1.799882
_2325_,VPWR,li1,23.0000,204.0000,1.799865
_2324_,VPWR,li1,16.7900,209.4400,1.799880
_2323_,VPWR,li1,26.9100,209.4400,1.799812
_2322_,VPWR,li1,16.1000,176.8000,1.799908
_2321_,VPWR,li1,20.0100,176.8000,1.799911
_2320_,VPWR,li1,25.9900,149.6000,1.799701
_2319_,VPWR,li1,12.6500,176.8000,1.799907
_2318_,VPWR,li1,11.7300,176.8000,1.799907
_2317_,VPWR,li1,21.3900,160.4800,1.799876
_2316_,VPWR,li1,29.9000,220.3200,1.799800
_2315_,VPWR,li1,20.7000,220.3200,1.799893
_2314_,VPWR,li1,19.3200,214.8800,1.799870
_2313_,VPWR,li1,14.7200,220.3200,1.799888
_2312_,VPWR,li1,14.4900,209.4400,1.799880
_2311_,VPWR,li1,15.1800,204.0000,1.799892
_2310_,VPWR,li1,12.1900,204.0000,1.799892
_2309_,VPWR,li1,17.0200,220.3200,1.799890
_2308_,VPWR,li1,13.8000,214.8800,1.799868
_2307_,VPWR,li1,13.8000,209.4400,1.799880
_2306_,VPWR,li1,10.8100,214.8800,1.799867
_2305_,VPWR,li1,12.1900,220.3200,1.799887
_2304_,VPWR,li1,8.0500,214.8800,1.799867
_2303_,VPWR,li1,17.0200,225.7600,1.799950
_2302_,VPWR,li1,27.8300,225.7600,1.799924
_2301_,VPWR,li1,36.5700,220.3200,1.799734
_2300_,VPWR,li1,39.7900,214.8800,1.799665
_2299_,VPWR,li1,43.4700,220.3200,1.799681
_2298_,VPWR,li1,44.3900,220.3200,1.799663
_2297_,VPWR,li1,46.6900,220.3200,1.799644
_2296_,VPWR,li1,42.3200,220.3200,1.799681
_2295_,VPWR,li1,39.3300,220.3200,1.799708
_2294_,VPWR,li1,36.5700,225.7600,1.799885
_2293_,VPWR,li1,36.5700,214.8800,1.799691
_2292_,VPWR,li1,38.8700,225.7600,1.799876
_2291_,VPWR,li1,32.4300,225.7600,1.799903
_2290_,VPWR,li1,30.5900,225.7600,1.799913
_2289_,VPWR,li1,24.8400,225.7600,1.799937
_2288_,VPWR,li1,30.3600,225.7600,1.799913
_2287_,VPWR,li1,17.9400,225.7600,1.799950
_2286_,VPWR,li1,14.9500,225.7600,1.799950
_2285_,VPWR,li1,14.2600,225.7600,1.799950
_2284_,VPWR,li1,20.0100,225.7600,1.799951
_2283_,VPWR,li1,10.3500,225.7600,1.799950
_2282_,VPWR,li1,32.4300,231.2000,1.799903
_2281_,VPWR,li1,44.3900,225.7600,1.799858
_2280_,VPWR,li1,43.2400,231.2000,1.799857
_2279_,VPWR,li1,51.2900,225.7600,1.799825
_2278_,VPWR,li1,53.5900,225.7600,1.799819
_2277_,VPWR,li1,53.1300,225.7600,1.799819
_2276_,VPWR,li1,51.7500,231.2000,1.799825
_2275_,VPWR,li1,53.8200,231.2000,1.799814
_2274_,VPWR,li1,47.1500,225.7600,1.799848
_2273_,VPWR,li1,46.2300,231.2000,1.799848
_2272_,VPWR,li1,49.2200,231.2000,1.799833
_2271_,VPWR,li1,28.9800,231.2000,1.799925
_2270_,VPWR,li1,26.2200,231.2000,1.799936
_2269_,VPWR,li1,27.8300,225.7600,1.799924
_2268_,VPWR,li1,28.7500,231.2000,1.799925
_2267_,VPWR,li1,22.3100,225.7600,1.799951
_2266_,VPWR,li1,61.8700,231.2000,1.799789
_2265_,VPWR,li1,65.3200,231.2000,1.799769
_2264_,VPWR,li1,68.3100,231.2000,1.799759
_2263_,VPWR,li1,52.6700,214.8800,1.799533
_2262_,VPWR,li1,50.1400,209.4400,1.799613
_2261_,VPWR,li1,54.5100,209.4400,1.799580
_2260_,VPWR,li1,46.0000,209.4400,1.799646
_2259_,VPWR,li1,55.2000,204.0000,1.799592
_2258_,VPWR,li1,38.8700,214.8800,1.799665
_2257_,VPWR,li1,30.3600,209.4400,1.799787
_2256_,VPWR,li1,33.8100,138.7200,1.799792
_2255_,VPWR,li1,24.6100,209.4400,1.799854
_2254_,VPWR,li1,28.2900,204.0000,1.799812
_2253_,VPWR,li1,28.7500,204.0000,1.799812
_2252_,VPWR,li1,42.0900,209.4400,1.799677
_2251_,VPWR,li1,46.6900,149.6000,1.799419
_2250_,VPWR,li1,43.4700,209.4400,1.799677
_2249_,VPWR,li1,43.9300,204.0000,1.799674
_2248_,VPWR,li1,46.6900,204.0000,1.799655
_2247_,VPWR,li1,79.5800,220.3200,1.799458
_2246_,VPWR,li1,76.5900,220.3200,1.799468
_2245_,VPWR,li1,78.4300,220.3200,1.799458
_2244_,VPWR,li1,80.7300,220.3200,1.799450
_2243_,VPWR,li1,76.3600,220.3200,1.799468
_2242_,VPWR,li1,74.9800,225.7600,1.799768
_2241_,VPWR,li1,68.3100,209.4400,1.799508
_2240_,VPWR,li1,71.5300,209.4400,1.799500
_2239_,VPWR,li1,54.7400,204.0000,1.799605
_2238_,VPWR,li1,52.2100,209.4400,1.799597
_2237_,VPWR,li1,54.9700,133.2800,1.799531
_2236_,VPWR,li1,51.7500,204.0000,1.799623
_2235_,VPWR,li1,50.8300,204.0000,1.799623
_2234_,VPWR,li1,68.7700,209.4400,1.799508
_2233_,VPWR,li1,65.7800,204.0000,1.799524
_2232_,VPWR,li1,72.4500,220.3200,1.799486
_2231_,VPWR,li1,74.0600,225.7600,1.799768
_2230_,VPWR,li1,71.9900,225.7600,1.799772
_2229_,VPWR,li1,67.6200,225.7600,1.799785
_2228_,VPWR,li1,67.8500,231.2000,1.799759
_2227_,VPWR,li1,65.0900,231.2000,1.799776
_2226_,VPWR,li1,64.6300,225.7600,1.799791
_2225_,VPWR,li1,77.5100,214.8800,1.799375
_2224_,VPWR,li1,86.2500,209.4400,1.799458
_2223_,VPWR,li1,82.5700,209.4400,1.799466
_2222_,VPWR,li1,79.3500,209.4400,1.799476
_2221_,VPWR,li1,78.4300,209.4400,1.799476
_2220_,VPWR,li1,76.1300,204.0000,1.799453
_2219_,VPWR,li1,74.7500,214.8800,1.799386
_2218_,VPWR,li1,88.5500,204.0000,1.799389
_2217_,VPWR,li1,81.6500,204.0000,1.799425
_2216_,VPWR,li1,84.8700,204.0000,1.799403
_2215_,VPWR,li1,85.7900,198.5600,1.799713
_2214_,VPWR,li1,86.2500,144.1600,1.799385
_2213_,VPWR,li1,78.2000,204.0000,1.799441
_2212_,VPWR,li1,67.8500,204.0000,1.799507
_2211_,VPWR,li1,60.4900,144.1600,1.799531
_2210_,VPWR,li1,65.0900,204.0000,1.799524
_2209_,VPWR,li1,65.0900,198.5600,1.799749
_2208_,VPWR,li1,73.3700,204.0000,1.799471
_2207_,VPWR,li1,86.2500,198.5600,1.799713
_2206_,VPWR,li1,77.0500,204.0000,1.799453
_2205_,VPWR,li1,76.3600,198.5600,1.799727
_2204_,VPWR,li1,78.6600,198.5600,1.799723
_2203_,VPWR,li1,74.7500,149.6000,1.799231
_2202_,VPWR,li1,71.9900,144.1600,1.799469
_2201_,VPWR,li1,246.7900,144.1600,1.799396
_2200_,VPWR,li1,196.1900,149.6000,1.799704
_2199_,VPWR,li1,255.5300,160.4800,1.799320
_2198_,VPWR,li1,179.6300,160.4800,1.799745
_2197_,VPWR,li1,142.3700,171.3600,1.799699
_2196_,VPWR,li1,149.7300,165.9200,1.799673
_2195_,VPWR,li1,255.5300,144.1600,1.799388
_2194_,VPWR,li1,158.0100,149.6000,1.799682
_2193_,VPWR,li1,256.9100,127.8400,1.798810
_2192_,VPWR,li1,148.3500,127.8400,1.799374
_2191_,VPWR,li1,162.6100,171.3600,1.799787
_2190_,VPWR,li1,162.6100,165.9200,1.799733
_2189_,VPWR,li1,252.7700,127.8400,1.798812
_2188_,VPWR,li1,190.6700,127.8400,1.799385
_2187_,VPWR,li1,256.9100,171.3600,1.799340
_2186_,VPWR,li1,198.0300,165.9200,1.799563
_2185_,VPWR,li1,254.6100,116.9600,1.799567
_2184_,VPWR,li1,205.3900,116.9600,1.799645
_2183_,VPWR,li1,255.0700,165.9200,1.799340
_2182_,VPWR,li1,209.0700,160.4800,1.799482
_2181_,VPWR,li1,248.1700,116.9600,1.799574
_2180_,VPWR,li1,242.6500,122.4000,1.799579
_2179_,VPWR,li1,246.3300,149.6000,1.799583
_2178_,VPWR,li1,223.7900,149.6000,1.799613
_2177_,VPWR,li1,249.5500,160.4800,1.799323
_2176_,VPWR,li1,238.9700,160.4800,1.799343
_2175_,VPWR,li1,247.2500,138.7200,1.799549
_2174_,VPWR,li1,240.8100,138.7200,1.799554
_2173_,VPWR,li1,252.7700,171.3600,1.799342
_2172_,VPWR,li1,240.3500,165.9200,1.799358
_2171_,VPWR,li1,255.0700,138.7200,1.799539
_2170_,VPWR,li1,220.1100,144.1600,1.799466
_2169_,VPWR,li1,136.8500,29.9200,1.799657
_2168_,VPWR,li1,136.8500,100.6400,1.799639
_2167_,VPWR,li1,140.0700,24.4800,1.799929
_2166_,VPWR,li1,146.0500,89.7600,1.799646
_2165_,VPWR,li1,155.2500,40.8000,1.799898
_2164_,VPWR,li1,154.3300,46.2400,1.799854
_2163_,VPWR,li1,149.7300,35.3600,1.799883
_2162_,VPWR,li1,146.9700,35.3600,1.799873
_2161_,VPWR,li1,123.9700,24.4800,1.799928
_2160_,VPWR,li1,125.8100,35.3600,1.799835
_2159_,VPWR,li1,112.4700,19.0400,1.799807
_2158_,VPWR,li1,116.1500,78.8800,1.799566
_2157_,VPWR,li1,13.5700,106.0800,1.799787
_2156_,VPWR,li1,33.8100,106.0800,1.799568
_2155_,VPWR,li1,15.4100,40.8000,1.799954
_2154_,VPWR,li1,33.8100,46.2400,1.799863
_2153_,VPWR,li1,15.4100,51.6800,1.799921
_2152_,VPWR,li1,36.5700,57.1200,1.799664
_2151_,VPWR,li1,12.1900,84.3200,1.799871
_2150_,VPWR,li1,23.2300,89.7600,1.799901
_2149_,VPWR,li1,12.6500,100.6400,1.799919
_2148_,VPWR,li1,46.6900,95.2000,1.799726
_2147_,VPWR,li1,20.9300,116.9600,1.799818
_2146_,VPWR,li1,27.8300,122.4000,1.799800
_2145_,VPWR,li1,13.1100,116.9600,1.799803
_2144_,VPWR,li1,59.5700,116.9600,1.799390
_2143_,VPWR,li1,11.7300,138.7200,1.799887
_2142_,VPWR,li1,72.4500,138.7200,1.799608
_2141_,VPWR,li1,13.1100,122.4000,1.799869
_2140_,VPWR,li1,89.9300,127.8400,1.799235
_2139_,VPWR,li1,123.9700,171.3600,1.799653
_2138_,VPWR,li1,117.9900,122.4000,1.799532
_2137_,VPWR,li1,156.6300,149.6000,1.799658
_2136_,VPWR,li1,100.5100,193.1200,1.799581
_2135_,VPWR,li1,186.5300,138.7200,1.799802
_2134_,VPWR,li1,230.2300,144.1600,1.799427
_2133_,VPWR,li1,122.5900,133.2800,1.799452
_2132_,VPWR,li1,181.0100,24.4800,1.799976
_2131_,VPWR,li1,184.6900,19.0400,1.799944
