Instance,Terminal,Layer,X location,Y location,Voltage
FILLER_93_553,VGND,li1,260.1300,266.5600,0.000006
FILLER_93_545,VGND,li1,258.0600,266.5600,0.000006
FILLER_93_533,VGND,li1,253.4600,266.5600,0.000006
FILLER_93_529,VGND,li1,249.5500,266.5600,0.000006
FILLER_93_517,VGND,li1,246.1000,266.5600,0.000006
FILLER_93_505,VGND,li1,240.5800,266.5600,0.000006
FILLER_93_501,VGND,li1,236.6700,266.5600,0.000006
FILLER_93_489,VGND,li1,233.2200,266.5600,0.000006
FILLER_93_477,VGND,li1,227.7000,266.5600,0.000006
FILLER_93_473,VGND,li1,223.7900,266.5600,0.000006
FILLER_93_461,VGND,li1,220.3400,266.5600,0.000006
FILLER_93_449,VGND,li1,214.8200,266.5600,0.000006
FILLER_93_445,VGND,li1,210.9100,266.5600,0.000006
FILLER_93_433,VGND,li1,207.4600,266.5600,0.000006
FILLER_93_421,VGND,li1,201.9400,266.5600,0.000006
FILLER_93_417,VGND,li1,198.0300,266.5600,0.000006
FILLER_93_405,VGND,li1,194.5800,266.5600,0.000006
FILLER_93_393,VGND,li1,189.0600,266.5600,0.000006
FILLER_93_391,VGND,li1,185.6100,266.5600,0.000006
FILLER_93_385,VGND,li1,183.3100,266.5600,0.000006
FILLER_93_377,VGND,li1,180.7800,266.5600,0.000006
FILLER_93_365,VGND,li1,176.1800,266.5600,0.000008
FILLER_93_363,VGND,li1,172.7300,266.5600,0.000010
FILLER_93_355,VGND,li1,170.6600,266.5600,0.000011
FILLER_93_343,VGND,li1,166.0600,266.5600,0.000014
FILLER_93_337,VGND,li1,161.0000,266.5600,0.000017
FILLER_93_335,VGND,li1,159.8500,266.5600,0.000017
FILLER_93_328,VGND,li1,157.3200,266.5600,0.000018
FILLER_93_321,VGND,li1,154.1000,266.5600,0.000019
FILLER_93_309,VGND,li1,150.4200,266.5600,0.000020
FILLER_93_307,VGND,li1,146.9700,266.5600,0.000022
FILLER_93_301,VGND,li1,145.3600,266.5600,0.000022
FILLER_93_295,VGND,li1,141.6800,266.5600,0.000023
FILLER_93_287,VGND,li1,139.3800,266.5600,0.000023
FILLER_93_281,VGND,li1,135.2400,266.5600,0.000023
FILLER_93_277,VGND,li1,133.6300,266.5600,0.000023
FILLER_93_265,VGND,li1,130.1800,266.5600,0.000023
FILLER_93_253,VGND,li1,124.6600,266.5600,0.000023
FILLER_93_251,VGND,li1,121.2100,266.5600,0.000022
FILLER_93_244,VGND,li1,118.6800,266.5600,0.000022
FILLER_93_237,VGND,li1,115.4600,266.5600,0.000021
FILLER_93_230,VGND,li1,112.2400,266.5600,0.000021
FILLER_93_225,VGND,li1,109.4800,266.5600,0.000020
FILLER_93_223,VGND,li1,108.3300,266.5600,0.000020
FILLER_93_217,VGND,li1,106.0300,266.5600,0.000020
FILLER_93_209,VGND,li1,103.5000,266.5600,0.000020
FILLER_93_205,VGND,li1,100.0500,266.5600,0.000019
FILLER_93_197,VGND,li1,97.9800,266.5600,0.000018
FILLER_93_193,VGND,li1,94.9900,266.5600,0.000018
FILLER_93_181,VGND,li1,91.5400,266.5600,0.000017
FILLER_93_169,VGND,li1,86.0200,266.5600,0.000016
FILLER_93_165,VGND,li1,82.1100,266.5600,0.000015
FILLER_93_153,VGND,li1,78.6600,266.5600,0.000014
FILLER_93_141,VGND,li1,73.1400,266.5600,0.000013
FILLER_93_137,VGND,li1,69.2300,266.5600,0.000012
FILLER_93_125,VGND,li1,65.7800,266.5600,0.000011
FILLER_93_113,VGND,li1,60.2600,266.5600,0.000010
FILLER_93_109,VGND,li1,56.3500,266.5600,0.000009
FILLER_93_97,VGND,li1,52.9000,266.5600,0.000008
FILLER_93_85,VGND,li1,47.3800,266.5600,0.000007
FILLER_93_81,VGND,li1,43.4700,266.5600,0.000006
FILLER_93_69,VGND,li1,40.0200,266.5600,0.000006
FILLER_93_57,VGND,li1,34.5000,266.5600,0.000004
FILLER_93_53,VGND,li1,30.5900,266.5600,0.000003
FILLER_93_41,VGND,li1,27.1400,266.5600,0.000003
FILLER_93_29,VGND,li1,21.6200,266.5600,0.000002
FILLER_93_27,VGND,li1,18.1700,266.5600,0.000002
FILLER_93_15,VGND,li1,15.1800,266.5600,0.000002
FILLER_93_3,VGND,li1,9.6600,266.5600,0.000002
FILLER_92_553,VGND,li1,260.1300,261.1200,0.000063
FILLER_92_545,VGND,li1,258.0600,261.1200,0.000063
FILLER_92_533,VGND,li1,253.4600,261.1200,0.000063
FILLER_92_531,VGND,li1,250.0100,261.1200,0.000063
FILLER_92_525,VGND,li1,248.4000,261.1200,0.000063
FILLER_92_513,VGND,li1,244.2600,261.1200,0.000063
FILLER_92_501,VGND,li1,238.7400,261.1200,0.000063
FILLER_92_489,VGND,li1,233.2200,261.1200,0.000063
FILLER_92_477,VGND,li1,227.7000,261.1200,0.000063
FILLER_92_475,VGND,li1,224.2500,261.1200,0.000063
FILLER_92_469,VGND,li1,222.6400,261.1200,0.000063
FILLER_92_457,VGND,li1,218.5000,261.1200,0.000063
FILLER_92_445,VGND,li1,212.9800,261.1200,0.000063
FILLER_92_433,VGND,li1,207.4600,261.1200,0.000063
FILLER_92_421,VGND,li1,201.9400,261.1200,0.000063
FILLER_92_419,VGND,li1,198.4900,261.1200,0.000063
FILLER_92_401,VGND,li1,191.8200,261.1200,0.000061
FILLER_92_389,VGND,li1,187.2200,261.1200,0.000056
FILLER_92_377,VGND,li1,181.7000,261.1200,0.000052
FILLER_92_365,VGND,li1,176.1800,261.1200,0.000060
FILLER_92_362,VGND,li1,172.5000,261.1200,0.000073
FILLER_92_350,VGND,li1,169.2800,261.1200,0.000084
FILLER_92_341,VGND,li1,162.8400,261.1200,0.000102
FILLER_92_333,VGND,li1,160.5400,261.1200,0.000104
FILLER_92_321,VGND,li1,155.9400,261.1200,0.000108
FILLER_92_309,VGND,li1,150.4200,261.1200,0.000112
FILLER_92_306,VGND,li1,146.7400,261.1200,0.000113
FILLER_92_294,VGND,li1,143.5200,261.1200,0.000113
FILLER_92_282,VGND,li1,138.0000,261.1200,0.000114
FILLER_92_270,VGND,li1,132.4800,261.1200,0.000115
FILLER_92_258,VGND,li1,126.9600,261.1200,0.000116
FILLER_92_253,VGND,li1,122.3600,261.1200,0.000115
FILLER_92_251,VGND,li1,121.2100,261.1200,0.000114
FILLER_92_245,VGND,li1,119.6000,261.1200,0.000114
FILLER_92_233,VGND,li1,115.4600,261.1200,0.000112
FILLER_92_221,VGND,li1,109.9400,261.1200,0.000105
FILLER_92_209,VGND,li1,104.4200,261.1200,0.000100
FILLER_92_197,VGND,li1,98.9000,261.1200,0.000094
FILLER_92_195,VGND,li1,95.4500,261.1200,0.000088
FILLER_92_189,VGND,li1,93.8400,261.1200,0.000088
FILLER_92_177,VGND,li1,89.7000,261.1200,0.000084
FILLER_92_165,VGND,li1,84.1800,261.1200,0.000076
FILLER_92_153,VGND,li1,78.6600,261.1200,0.000071
FILLER_92_141,VGND,li1,73.1400,261.1200,0.000065
FILLER_92_139,VGND,li1,69.6900,261.1200,0.000060
FILLER_92_133,VGND,li1,68.0800,261.1200,0.000060
FILLER_92_121,VGND,li1,63.9400,261.1200,0.000055
FILLER_92_109,VGND,li1,58.4200,261.1200,0.000047
FILLER_92_97,VGND,li1,52.9000,261.1200,0.000042
FILLER_92_85,VGND,li1,47.3800,261.1200,0.000036
FILLER_92_83,VGND,li1,43.9300,261.1200,0.000031
FILLER_92_77,VGND,li1,42.3200,261.1200,0.000031
FILLER_92_65,VGND,li1,38.1800,261.1200,0.000026
FILLER_92_53,VGND,li1,32.6600,261.1200,0.000020
FILLER_92_41,VGND,li1,27.1400,261.1200,0.000013
FILLER_92_29,VGND,li1,21.6200,261.1200,0.000011
FILLER_92_27,VGND,li1,18.1700,261.1200,0.000011
FILLER_92_15,VGND,li1,15.1800,261.1200,0.000011
FILLER_92_3,VGND,li1,9.6600,261.1200,0.000011
FILLER_91_553,VGND,li1,260.1300,261.1200,0.000063
FILLER_91_541,VGND,li1,257.1400,261.1200,0.000063
FILLER_91_529,VGND,li1,251.6200,261.1200,0.000063
FILLER_91_517,VGND,li1,246.1000,261.1200,0.000063
FILLER_91_505,VGND,li1,240.5800,261.1200,0.000063
FILLER_91_503,VGND,li1,237.1300,261.1200,0.000063
FILLER_91_497,VGND,li1,235.5200,261.1200,0.000063
FILLER_91_485,VGND,li1,231.3800,261.1200,0.000063
FILLER_91_473,VGND,li1,225.8600,261.1200,0.000063
FILLER_91_461,VGND,li1,220.3400,261.1200,0.000063
FILLER_91_449,VGND,li1,214.8200,261.1200,0.000063
FILLER_91_445,VGND,li1,210.9100,261.1200,0.000063
FILLER_91_437,VGND,li1,208.3800,261.1200,0.000063
FILLER_91_425,VGND,li1,203.7800,261.1200,0.000063
FILLER_91_413,VGND,li1,195.7300,261.1200,0.000062
FILLER_91_391,VGND,li1,185.6100,261.1200,0.000054
FILLER_91_385,VGND,li1,184.0000,261.1200,0.000054
FILLER_91_364,VGND,li1,173.1900,261.1200,0.000073
FILLER_91_328,VGND,li1,158.2400,261.1200,0.000106
FILLER_91_305,VGND,li1,146.5100,261.1200,0.000113
FILLER_91_293,VGND,li1,143.0600,261.1200,0.000113
FILLER_91_281,VGND,li1,137.5400,261.1200,0.000114
FILLER_91_278,VGND,li1,133.8600,261.1200,0.000115
FILLER_91_270,VGND,li1,131.5600,261.1200,0.000115
FILLER_91_225,VGND,li1,109.4800,261.1200,0.000105
FILLER_91_223,VGND,li1,108.3300,261.1200,0.000103
FILLER_91_217,VGND,li1,106.7200,261.1200,0.000103
FILLER_91_205,VGND,li1,102.5800,261.1200,0.000098
FILLER_91_193,VGND,li1,97.0600,261.1200,0.000091
FILLER_91_181,VGND,li1,91.5400,261.1200,0.000086
FILLER_91_169,VGND,li1,86.0200,261.1200,0.000080
FILLER_91_167,VGND,li1,82.5700,261.1200,0.000074
FILLER_91_161,VGND,li1,80.9600,261.1200,0.000074
FILLER_91_149,VGND,li1,76.8200,261.1200,0.000069
FILLER_91_137,VGND,li1,71.3000,261.1200,0.000062
FILLER_91_125,VGND,li1,65.7800,261.1200,0.000057
FILLER_91_113,VGND,li1,60.2600,261.1200,0.000051
FILLER_91_111,VGND,li1,56.8100,261.1200,0.000045
FILLER_91_105,VGND,li1,55.2000,261.1200,0.000045
FILLER_91_93,VGND,li1,51.0600,261.1200,0.000040
FILLER_91_81,VGND,li1,45.5400,261.1200,0.000033
FILLER_91_69,VGND,li1,40.0200,261.1200,0.000028
FILLER_91_57,VGND,li1,34.5000,261.1200,0.000022
FILLER_91_55,VGND,li1,31.0500,261.1200,0.000017
FILLER_91_51,VGND,li1,29.9000,261.1200,0.000017
FILLER_91_39,VGND,li1,26.2200,261.1200,0.000011
FILLER_91_27,VGND,li1,20.7000,261.1200,0.000011
FILLER_91_15,VGND,li1,15.1800,261.1200,0.000011
FILLER_91_3,VGND,li1,9.6600,261.1200,0.000011
FILLER_90_553,VGND,li1,260.1300,255.6800,0.000043
FILLER_90_545,VGND,li1,258.0600,255.6800,0.000043
FILLER_90_533,VGND,li1,253.4600,255.6800,0.000043
FILLER_90_531,VGND,li1,250.0100,255.6800,0.000043
FILLER_90_525,VGND,li1,248.4000,255.6800,0.000043
FILLER_90_513,VGND,li1,244.2600,255.6800,0.000043
FILLER_90_501,VGND,li1,238.7400,255.6800,0.000043
FILLER_90_489,VGND,li1,233.2200,255.6800,0.000043
FILLER_90_477,VGND,li1,227.7000,255.6800,0.000043
FILLER_90_464,VGND,li1,221.7200,255.6800,0.000043
FILLER_90_452,VGND,li1,216.2000,255.6800,0.000043
FILLER_90_440,VGND,li1,210.6800,255.6800,0.000042
FILLER_90_428,VGND,li1,205.1600,255.6800,0.000041
FILLER_90_399,VGND,li1,190.9000,255.6800,0.000035
FILLER_90_395,VGND,li1,187.4500,255.6800,0.000033
FILLER_90_383,VGND,li1,184.4600,255.6800,0.000031
FILLER_90_376,VGND,li1,178.7100,255.6800,0.000027
FILLER_90_362,VGND,li1,172.5000,255.6800,0.000036
FILLER_90_325,VGND,li1,155.2500,255.6800,0.000062
FILLER_90_321,VGND,li1,154.1000,255.6800,0.000064
FILLER_90_306,VGND,li1,146.7400,255.6800,0.000069
FILLER_90_297,VGND,li1,142.8300,255.6800,0.000072
FILLER_90_285,VGND,li1,139.3800,255.6800,0.000073
FILLER_90_251,VGND,li1,121.2100,255.6800,0.000072
FILLER_90_245,VGND,li1,118.9100,255.6800,0.000070
FILLER_90_233,VGND,li1,115.4600,255.6800,0.000069
FILLER_90_221,VGND,li1,109.9400,255.6800,0.000064
FILLER_90_209,VGND,li1,104.4200,255.6800,0.000061
FILLER_90_197,VGND,li1,98.9000,255.6800,0.000058
FILLER_90_195,VGND,li1,95.4500,255.6800,0.000054
FILLER_90_189,VGND,li1,93.8400,255.6800,0.000054
FILLER_90_177,VGND,li1,89.7000,255.6800,0.000051
FILLER_90_165,VGND,li1,84.1800,255.6800,0.000047
FILLER_90_153,VGND,li1,78.6600,255.6800,0.000044
FILLER_90_141,VGND,li1,73.1400,255.6800,0.000040
FILLER_90_139,VGND,li1,69.6900,255.6800,0.000036
FILLER_90_133,VGND,li1,68.0800,255.6800,0.000036
FILLER_90_121,VGND,li1,63.9400,255.6800,0.000034
FILLER_90_109,VGND,li1,58.4200,255.6800,0.000029
FILLER_90_97,VGND,li1,52.9000,255.6800,0.000026
FILLER_90_85,VGND,li1,47.3800,255.6800,0.000022
FILLER_90_83,VGND,li1,43.9300,255.6800,0.000019
FILLER_90_77,VGND,li1,42.3200,255.6800,0.000019
FILLER_90_65,VGND,li1,38.1800,255.6800,0.000016
FILLER_90_53,VGND,li1,32.6600,255.6800,0.000012
FILLER_90_41,VGND,li1,27.1400,255.6800,0.000008
FILLER_90_29,VGND,li1,21.6200,255.6800,0.000007
FILLER_90_27,VGND,li1,18.1700,255.6800,0.000007
FILLER_90_15,VGND,li1,15.1800,255.6800,0.000007
FILLER_90_3,VGND,li1,9.6600,255.6800,0.000007
FILLER_89_553,VGND,li1,260.1300,255.6800,0.000043
FILLER_89_541,VGND,li1,257.1400,255.6800,0.000043
FILLER_89_529,VGND,li1,251.6200,255.6800,0.000043
FILLER_89_517,VGND,li1,246.1000,255.6800,0.000043
FILLER_89_505,VGND,li1,240.5800,255.6800,0.000043
FILLER_89_492,VGND,li1,234.6000,255.6800,0.000043
FILLER_89_480,VGND,li1,229.0800,255.6800,0.000043
FILLER_89_468,VGND,li1,223.5600,255.6800,0.000043
FILLER_89_456,VGND,li1,218.0400,255.6800,0.000043
FILLER_89_439,VGND,li1,208.1500,255.6800,0.000042
FILLER_89_432,VGND,li1,205.1600,255.6800,0.000041
FILLER_89_405,VGND,li1,192.7400,255.6800,0.000036
FILLER_89_393,VGND,li1,189.0600,255.6800,0.000033
FILLER_89_391,VGND,li1,185.6100,255.6800,0.000032
FILLER_89_370,VGND,li1,175.9500,255.6800,0.000031
FILLER_89_361,VGND,li1,172.0400,255.6800,0.000040
FILLER_89_344,VGND,li1,163.9900,255.6800,0.000051
FILLER_89_329,VGND,li1,157.3200,255.6800,0.000060
FILLER_89_324,VGND,li1,155.0200,255.6800,0.000062
FILLER_89_315,VGND,li1,150.8800,255.6800,0.000066
FILLER_89_296,VGND,li1,141.9100,255.6800,0.000072
FILLER_89_288,VGND,li1,139.8400,255.6800,0.000073
FILLER_89_261,VGND,li1,127.4200,255.6800,0.000076
FILLER_89_249,VGND,li1,122.8200,255.6800,0.000074
FILLER_89_237,VGND,li1,117.3000,255.6800,0.000070
FILLER_89_225,VGND,li1,111.7800,255.6800,0.000066
FILLER_89_223,VGND,li1,108.3300,255.6800,0.000063
FILLER_89_217,VGND,li1,106.7200,255.6800,0.000063
FILLER_89_205,VGND,li1,102.5800,255.6800,0.000060
FILLER_89_193,VGND,li1,97.0600,255.6800,0.000055
FILLER_89_181,VGND,li1,91.5400,255.6800,0.000052
FILLER_89_169,VGND,li1,86.0200,255.6800,0.000049
FILLER_89_167,VGND,li1,82.5700,255.6800,0.000045
FILLER_89_161,VGND,li1,80.9600,255.6800,0.000045
FILLER_89_149,VGND,li1,76.8200,255.6800,0.000042
FILLER_89_137,VGND,li1,71.3000,255.6800,0.000038
FILLER_89_125,VGND,li1,65.7800,255.6800,0.000035
FILLER_89_113,VGND,li1,60.2600,255.6800,0.000031
FILLER_89_111,VGND,li1,56.8100,255.6800,0.000028
FILLER_89_105,VGND,li1,55.2000,255.6800,0.000028
FILLER_89_93,VGND,li1,51.0600,255.6800,0.000025
FILLER_89_81,VGND,li1,45.5400,255.6800,0.000020
FILLER_89_69,VGND,li1,40.0200,255.6800,0.000017
FILLER_89_57,VGND,li1,34.5000,255.6800,0.000013
FILLER_89_55,VGND,li1,31.0500,255.6800,0.000010
FILLER_89_51,VGND,li1,29.9000,255.6800,0.000010
FILLER_89_39,VGND,li1,26.2200,255.6800,0.000007
FILLER_89_27,VGND,li1,20.7000,255.6800,0.000007
FILLER_89_15,VGND,li1,15.1800,255.6800,0.000007
FILLER_89_3,VGND,li1,9.6600,255.6800,0.000007
FILLER_88_553,VGND,li1,260.1300,250.2400,0.000103
FILLER_88_545,VGND,li1,258.0600,250.2400,0.000103
FILLER_88_533,VGND,li1,253.4600,250.2400,0.000103
FILLER_88_531,VGND,li1,250.0100,250.2400,0.000103
FILLER_88_525,VGND,li1,248.4000,250.2400,0.000103
FILLER_88_513,VGND,li1,244.2600,250.2400,0.000103
FILLER_88_501,VGND,li1,238.7400,250.2400,0.000103
FILLER_88_489,VGND,li1,233.2200,250.2400,0.000103
FILLER_88_477,VGND,li1,227.7000,250.2400,0.000103
FILLER_88_475,VGND,li1,224.2500,250.2400,0.000103
FILLER_88_463,VGND,li1,221.2600,250.2400,0.000103
FILLER_88_457,VGND,li1,216.4300,250.2400,0.000100
FILLER_88_449,VGND,li1,213.9000,250.2400,0.000096
FILLER_88_437,VGND,li1,209.3000,250.2400,0.000090
FILLER_88_425,VGND,li1,203.7800,250.2400,0.000083
FILLER_88_419,VGND,li1,198.4900,250.2400,0.000077
FILLER_88_400,VGND,li1,190.2100,250.2400,0.000065
FILLER_88_365,VGND,li1,174.8000,250.2400,0.000057
FILLER_88_362,VGND,li1,172.5000,250.2400,0.000063
FILLER_88_354,VGND,li1,170.2000,250.2400,0.000069
FILLER_88_337,VGND,li1,161.0000,250.2400,0.000097
FILLER_88_316,VGND,li1,151.8000,250.2400,0.000114
FILLER_88_306,VGND,li1,146.7400,250.2400,0.000125
FILLER_88_296,VGND,li1,142.1400,250.2400,0.000134
FILLER_88_288,VGND,li1,139.8400,250.2400,0.000139
FILLER_88_253,VGND,li1,124.6600,250.2400,0.000167
FILLER_88_251,VGND,li1,121.2100,250.2400,0.000173
FILLER_88_245,VGND,li1,119.6000,250.2400,0.000176
FILLER_88_232,VGND,li1,112.7000,250.2400,0.000181
FILLER_88_197,VGND,li1,98.9000,250.2400,0.000160
FILLER_88_195,VGND,li1,95.4500,250.2400,0.000151
FILLER_88_189,VGND,li1,93.8400,250.2400,0.000151
FILLER_88_177,VGND,li1,89.7000,250.2400,0.000143
FILLER_88_165,VGND,li1,84.1800,250.2400,0.000130
FILLER_88_153,VGND,li1,78.6600,250.2400,0.000121
FILLER_88_141,VGND,li1,73.1400,250.2400,0.000111
FILLER_88_139,VGND,li1,69.6900,250.2400,0.000101
FILLER_88_133,VGND,li1,68.0800,250.2400,0.000101
FILLER_88_121,VGND,li1,63.9400,250.2400,0.000093
FILLER_88_109,VGND,li1,58.4200,250.2400,0.000081
FILLER_88_97,VGND,li1,52.9000,250.2400,0.000072
FILLER_88_85,VGND,li1,47.3800,250.2400,0.000062
FILLER_88_83,VGND,li1,43.9300,250.2400,0.000052
FILLER_88_77,VGND,li1,42.3200,250.2400,0.000052
FILLER_88_65,VGND,li1,38.1800,250.2400,0.000044
FILLER_88_53,VGND,li1,32.6600,250.2400,0.000034
FILLER_88_41,VGND,li1,27.1400,250.2400,0.000023
FILLER_88_29,VGND,li1,21.6200,250.2400,0.000019
FILLER_88_27,VGND,li1,18.1700,250.2400,0.000019
FILLER_88_15,VGND,li1,15.1800,250.2400,0.000019
FILLER_88_3,VGND,li1,9.6600,250.2400,0.000019
FILLER_87_553,VGND,li1,260.1300,250.2400,0.000103
FILLER_87_541,VGND,li1,257.1400,250.2400,0.000103
FILLER_87_529,VGND,li1,251.6200,250.2400,0.000103
FILLER_87_517,VGND,li1,246.1000,250.2400,0.000103
FILLER_87_505,VGND,li1,240.5800,250.2400,0.000103
FILLER_87_503,VGND,li1,237.1300,250.2400,0.000103
FILLER_87_495,VGND,li1,235.0600,250.2400,0.000103
FILLER_87_483,VGND,li1,230.4600,250.2400,0.000103
FILLER_87_471,VGND,li1,224.9400,250.2400,0.000103
FILLER_87_453,VGND,li1,214.1300,250.2400,0.000096
FILLER_87_449,VGND,li1,212.9800,250.2400,0.000094
FILLER_87_436,VGND,li1,208.8400,250.2400,0.000090
FILLER_87_424,VGND,li1,203.3200,250.2400,0.000083
FILLER_87_412,VGND,li1,197.8000,250.2400,0.000074
FILLER_87_401,VGND,li1,190.4400,250.2400,0.000065
FILLER_87_393,VGND,li1,188.1400,250.2400,0.000062
FILLER_87_380,VGND,li1,183.0800,250.2400,0.000053
FILLER_87_372,VGND,li1,177.1000,250.2400,0.000051
FILLER_87_360,VGND,li1,173.8800,250.2400,0.000063
FILLER_87_348,VGND,li1,168.3600,250.2400,0.000077
FILLER_87_337,VGND,li1,161.4600,250.2400,0.000092
FILLER_87_333,VGND,li1,159.3900,250.2400,0.000097
FILLER_87_318,VGND,li1,153.6400,250.2400,0.000110
FILLER_87_306,VGND,li1,149.0400,250.2400,0.000120
FILLER_87_301,VGND,li1,144.4400,250.2400,0.000130
FILLER_87_293,VGND,li1,142.1400,250.2400,0.000134
FILLER_87_281,VGND,li1,137.5400,250.2400,0.000146
FILLER_87_273,VGND,li1,131.7900,250.2400,0.000158
FILLER_87_265,VGND,li1,129.2600,250.2400,0.000161
FILLER_87_253,VGND,li1,124.6600,250.2400,0.000167
FILLER_87_241,VGND,li1,119.1400,250.2400,0.000176
FILLER_87_233,VGND,li1,112.9300,250.2400,0.000181
FILLER_87_225,VGND,li1,110.8600,250.2400,0.000179
FILLER_87_216,VGND,li1,106.7200,250.2400,0.000174
FILLER_87_211,VGND,li1,102.8100,250.2400,0.000165
FILLER_87_205,VGND,li1,101.2000,250.2400,0.000165
FILLER_87_193,VGND,li1,97.0600,250.2400,0.000154
FILLER_87_181,VGND,li1,91.5400,250.2400,0.000146
FILLER_87_169,VGND,li1,86.0200,250.2400,0.000136
FILLER_87_167,VGND,li1,82.5700,250.2400,0.000126
FILLER_87_161,VGND,li1,80.9600,250.2400,0.000126
FILLER_87_149,VGND,li1,76.8200,250.2400,0.000118
FILLER_87_137,VGND,li1,71.3000,250.2400,0.000105
FILLER_87_125,VGND,li1,65.7800,250.2400,0.000097
FILLER_87_113,VGND,li1,60.2600,250.2400,0.000086
FILLER_87_111,VGND,li1,56.8100,250.2400,0.000077
FILLER_87_105,VGND,li1,55.2000,250.2400,0.000077
FILLER_87_93,VGND,li1,51.0600,250.2400,0.000069
FILLER_87_81,VGND,li1,45.5400,250.2400,0.000056
FILLER_87_69,VGND,li1,40.0200,250.2400,0.000048
FILLER_87_57,VGND,li1,34.5000,250.2400,0.000037
FILLER_87_55,VGND,li1,31.0500,250.2400,0.000028
FILLER_87_51,VGND,li1,29.9000,250.2400,0.000028
FILLER_87_39,VGND,li1,26.2200,250.2400,0.000019
FILLER_87_27,VGND,li1,20.7000,250.2400,0.000019
FILLER_87_15,VGND,li1,15.1800,250.2400,0.000019
FILLER_87_3,VGND,li1,9.6600,250.2400,0.000019
FILLER_86_553,VGND,li1,260.1300,244.8000,0.000349
FILLER_86_545,VGND,li1,258.0600,244.8000,0.000349
FILLER_86_533,VGND,li1,253.4600,244.8000,0.000349
FILLER_86_531,VGND,li1,250.0100,244.8000,0.000349
FILLER_86_525,VGND,li1,248.4000,244.8000,0.000349
FILLER_86_513,VGND,li1,244.2600,244.8000,0.000349
FILLER_86_501,VGND,li1,238.7400,244.8000,0.000349
FILLER_86_489,VGND,li1,233.2200,244.8000,0.000349
FILLER_86_477,VGND,li1,227.7000,244.8000,0.000349
FILLER_86_475,VGND,li1,224.2500,244.8000,0.000349
FILLER_86_469,VGND,li1,222.6400,244.8000,0.000349
FILLER_86_458,VGND,li1,216.4300,244.8000,0.000346
FILLER_86_447,VGND,li1,212.0600,244.8000,0.000332
FILLER_86_421,VGND,li1,200.5600,244.8000,0.000251
FILLER_86_419,VGND,li1,198.4900,244.8000,0.000234
FILLER_86_415,VGND,li1,197.3400,244.8000,0.000234
FILLER_86_409,VGND,li1,193.8900,244.8000,0.000210
FILLER_86_401,VGND,li1,191.8200,244.8000,0.000189
FILLER_86_389,VGND,li1,187.2200,244.8000,0.000145
FILLER_86_377,VGND,li1,181.7000,244.8000,0.000108
FILLER_86_365,VGND,li1,176.1800,244.8000,0.000083
FILLER_86_363,VGND,li1,172.7300,244.8000,0.000082
FILLER_86_357,VGND,li1,171.1200,244.8000,0.000082
FILLER_86_345,VGND,li1,166.9800,244.8000,0.000081
FILLER_86_333,VGND,li1,161.4600,244.8000,0.000080
FILLER_86_321,VGND,li1,155.9400,244.8000,0.000079
FILLER_86_309,VGND,li1,150.4200,244.8000,0.000078
FILLER_86_307,VGND,li1,146.9700,244.8000,0.000077
FILLER_86_301,VGND,li1,144.2100,244.8000,0.000077
FILLER_86_295,VGND,li1,142.6000,244.8000,0.000076
FILLER_86_283,VGND,li1,138.4600,244.8000,0.000074
FILLER_86_271,VGND,li1,132.9400,244.8000,0.000073
FILLER_86_261,VGND,li1,126.2700,244.8000,0.000070
FILLER_86_253,VGND,li1,123.7400,244.8000,0.000068
FILLER_86_251,VGND,li1,121.2100,244.8000,0.000066
FILLER_86_245,VGND,li1,119.6000,244.8000,0.000066
FILLER_86_233,VGND,li1,115.4600,244.8000,0.000063
FILLER_86_221,VGND,li1,109.9400,244.8000,0.000059
FILLER_86_209,VGND,li1,104.4200,244.8000,0.000056
FILLER_86_197,VGND,li1,98.9000,244.8000,0.000053
FILLER_86_195,VGND,li1,95.4500,244.8000,0.000049
FILLER_86_189,VGND,li1,93.8400,244.8000,0.000049
FILLER_86_177,VGND,li1,89.7000,244.8000,0.000047
FILLER_86_165,VGND,li1,84.1800,244.8000,0.000043
FILLER_86_153,VGND,li1,78.6600,244.8000,0.000040
FILLER_86_141,VGND,li1,73.1400,244.8000,0.000036
FILLER_86_139,VGND,li1,69.6900,244.8000,0.000033
FILLER_86_133,VGND,li1,68.0800,244.8000,0.000033
FILLER_86_121,VGND,li1,63.9400,244.8000,0.000031
FILLER_86_109,VGND,li1,58.4200,244.8000,0.000026
FILLER_86_97,VGND,li1,52.9000,244.8000,0.000024
FILLER_86_85,VGND,li1,47.3800,244.8000,0.000020
FILLER_86_83,VGND,li1,43.9300,244.8000,0.000017
FILLER_86_77,VGND,li1,42.3200,244.8000,0.000017
FILLER_86_65,VGND,li1,38.1800,244.8000,0.000014
FILLER_86_53,VGND,li1,32.6600,244.8000,0.000011
FILLER_86_41,VGND,li1,27.1400,244.8000,0.000008
FILLER_86_29,VGND,li1,21.6200,244.8000,0.000006
FILLER_86_27,VGND,li1,18.1700,244.8000,0.000006
FILLER_86_15,VGND,li1,15.1800,244.8000,0.000006
FILLER_86_3,VGND,li1,9.6600,244.8000,0.000006
FILLER_85_553,VGND,li1,260.1300,244.8000,0.000349
FILLER_85_541,VGND,li1,257.1400,244.8000,0.000349
FILLER_85_529,VGND,li1,251.6200,244.8000,0.000349
FILLER_85_517,VGND,li1,246.1000,244.8000,0.000349
FILLER_85_505,VGND,li1,240.5800,244.8000,0.000349
FILLER_85_501,VGND,li1,236.6700,244.8000,0.000349
FILLER_85_493,VGND,li1,234.1400,244.8000,0.000349
FILLER_85_481,VGND,li1,229.5400,244.8000,0.000349
FILLER_85_469,VGND,li1,224.0200,244.8000,0.000349
FILLER_85_438,VGND,li1,207.4600,244.8000,0.000304
FILLER_85_430,VGND,li1,204.0100,244.8000,0.000289
FILLER_85_422,VGND,li1,201.4800,244.8000,0.000272
FILLER_85_410,VGND,li1,196.8800,244.8000,0.000234
FILLER_85_398,VGND,li1,191.3600,244.8000,0.000189
FILLER_85_391,VGND,li1,185.6100,244.8000,0.000128
FILLER_85_385,VGND,li1,184.0000,244.8000,0.000128
FILLER_85_373,VGND,li1,179.8600,244.8000,0.000083
FILLER_85_361,VGND,li1,174.3400,244.8000,0.000082
FILLER_85_349,VGND,li1,168.8200,244.8000,0.000082
FILLER_85_337,VGND,li1,163.3000,244.8000,0.000081
FILLER_85_330,VGND,li1,158.7000,244.8000,0.000080
FILLER_85_318,VGND,li1,154.5600,244.8000,0.000079
FILLER_85_297,VGND,li1,142.3700,244.8000,0.000076
FILLER_85_293,VGND,li1,141.2200,244.8000,0.000076
FILLER_85_281,VGND,li1,137.5400,244.8000,0.000074
FILLER_85_279,VGND,li1,134.0900,244.8000,0.000073
FILLER_85_255,VGND,li1,123.0500,244.8000,0.000067
FILLER_85_249,VGND,li1,121.4400,244.8000,0.000067
FILLER_85_237,VGND,li1,117.3000,244.8000,0.000064
FILLER_85_225,VGND,li1,111.7800,244.8000,0.000061
FILLER_85_223,VGND,li1,108.3300,244.8000,0.000058
FILLER_85_217,VGND,li1,106.7200,244.8000,0.000058
FILLER_85_205,VGND,li1,102.5800,244.8000,0.000055
FILLER_85_193,VGND,li1,97.0600,244.8000,0.000051
FILLER_85_181,VGND,li1,91.5400,244.8000,0.000048
FILLER_85_169,VGND,li1,86.0200,244.8000,0.000045
FILLER_85_167,VGND,li1,82.5700,244.8000,0.000041
FILLER_85_161,VGND,li1,80.9600,244.8000,0.000041
FILLER_85_149,VGND,li1,76.8200,244.8000,0.000039
FILLER_85_137,VGND,li1,71.3000,244.8000,0.000035
FILLER_85_125,VGND,li1,65.7800,244.8000,0.000032
FILLER_85_113,VGND,li1,60.2600,244.8000,0.000028
FILLER_85_111,VGND,li1,56.8100,244.8000,0.000025
FILLER_85_105,VGND,li1,55.2000,244.8000,0.000025
FILLER_85_93,VGND,li1,51.0600,244.8000,0.000023
FILLER_85_81,VGND,li1,45.5400,244.8000,0.000018
FILLER_85_69,VGND,li1,40.0200,244.8000,0.000016
FILLER_85_57,VGND,li1,34.5000,244.8000,0.000012
FILLER_85_55,VGND,li1,31.0500,244.8000,0.000009
FILLER_85_51,VGND,li1,29.9000,244.8000,0.000009
FILLER_85_39,VGND,li1,26.2200,244.8000,0.000006
FILLER_85_27,VGND,li1,20.7000,244.8000,0.000006
FILLER_85_15,VGND,li1,15.1800,244.8000,0.000006
FILLER_85_3,VGND,li1,9.6600,244.8000,0.000006
FILLER_84_553,VGND,li1,260.1300,239.3600,0.000136
FILLER_84_545,VGND,li1,258.0600,239.3600,0.000136
FILLER_84_533,VGND,li1,253.4600,239.3600,0.000136
FILLER_84_531,VGND,li1,250.0100,239.3600,0.000136
FILLER_84_525,VGND,li1,248.4000,239.3600,0.000136
FILLER_84_513,VGND,li1,244.2600,239.3600,0.000136
FILLER_84_501,VGND,li1,238.7400,239.3600,0.000136
FILLER_84_489,VGND,li1,233.2200,239.3600,0.000136
FILLER_84_477,VGND,li1,227.7000,239.3600,0.000136
FILLER_84_475,VGND,li1,224.2500,239.3600,0.000136
FILLER_84_469,VGND,li1,222.6400,239.3600,0.000136
FILLER_84_457,VGND,li1,218.5000,239.3600,0.000136
FILLER_84_445,VGND,li1,212.9800,239.3600,0.000135
FILLER_84_433,VGND,li1,207.4600,239.3600,0.000133
FILLER_84_421,VGND,li1,201.9400,239.3600,0.000132
FILLER_84_414,VGND,li1,197.3400,239.3600,0.000130
FILLER_84_397,VGND,li1,189.0600,239.3600,0.000122
FILLER_84_365,VGND,li1,174.3400,239.3600,0.000117
FILLER_84_353,VGND,li1,168.1300,239.3600,0.000131
FILLER_84_345,VGND,li1,164.4500,239.3600,0.000135
FILLER_84_339,VGND,li1,162.8400,239.3600,0.000135
FILLER_84_327,VGND,li1,158.7000,239.3600,0.000135
FILLER_84_315,VGND,li1,153.1800,239.3600,0.000134
FILLER_84_295,VGND,li1,141.4500,239.3600,0.000130
FILLER_84_283,VGND,li1,138.4600,239.3600,0.000128
FILLER_84_271,VGND,li1,132.9400,239.3600,0.000127
FILLER_84_261,VGND,li1,126.2700,239.3600,0.000124
FILLER_84_253,VGND,li1,123.7400,239.3600,0.000123
FILLER_84_251,VGND,li1,121.2100,239.3600,0.000122
FILLER_84_247,VGND,li1,120.0600,239.3600,0.000121
FILLER_84_235,VGND,li1,116.3800,239.3600,0.000120
FILLER_84_229,VGND,li1,111.5500,239.3600,0.000116
FILLER_84_221,VGND,li1,109.0200,239.3600,0.000112
FILLER_84_209,VGND,li1,104.4200,239.3600,0.000107
FILLER_84_197,VGND,li1,98.9000,239.3600,0.000100
FILLER_84_195,VGND,li1,95.4500,239.3600,0.000094
FILLER_84_189,VGND,li1,93.8400,239.3600,0.000094
FILLER_84_177,VGND,li1,89.7000,239.3600,0.000089
FILLER_84_165,VGND,li1,84.1800,239.3600,0.000081
FILLER_84_153,VGND,li1,78.6600,239.3600,0.000076
FILLER_84_141,VGND,li1,73.1400,239.3600,0.000070
FILLER_84_139,VGND,li1,69.6900,239.3600,0.000064
FILLER_84_133,VGND,li1,68.0800,239.3600,0.000064
FILLER_84_121,VGND,li1,63.9400,239.3600,0.000059
FILLER_84_109,VGND,li1,58.4200,239.3600,0.000051
FILLER_84_97,VGND,li1,52.9000,239.3600,0.000045
FILLER_84_85,VGND,li1,47.3800,239.3600,0.000039
FILLER_84_83,VGND,li1,43.9300,239.3600,0.000033
FILLER_84_77,VGND,li1,42.3200,239.3600,0.000033
FILLER_84_65,VGND,li1,38.1800,239.3600,0.000028
FILLER_84_53,VGND,li1,32.6600,239.3600,0.000021
FILLER_84_41,VGND,li1,27.1400,239.3600,0.000014
FILLER_84_29,VGND,li1,21.6200,239.3600,0.000012
FILLER_84_27,VGND,li1,18.1700,239.3600,0.000012
FILLER_84_15,VGND,li1,15.1800,239.3600,0.000012
FILLER_84_3,VGND,li1,9.6600,239.3600,0.000012
FILLER_83_553,VGND,li1,260.1300,239.3600,0.000136
FILLER_83_541,VGND,li1,257.1400,239.3600,0.000136
FILLER_83_529,VGND,li1,251.6200,239.3600,0.000136
FILLER_83_517,VGND,li1,246.1000,239.3600,0.000136
FILLER_83_505,VGND,li1,240.5800,239.3600,0.000136
FILLER_83_503,VGND,li1,237.1300,239.3600,0.000136
FILLER_83_499,VGND,li1,235.9800,239.3600,0.000136
FILLER_83_487,VGND,li1,232.3000,239.3600,0.000136
FILLER_83_475,VGND,li1,226.7800,239.3600,0.000136
FILLER_83_463,VGND,li1,221.2600,239.3600,0.000136
FILLER_83_459,VGND,li1,216.8900,239.3600,0.000136
FILLER_83_455,VGND,li1,215.0500,239.3600,0.000136
FILLER_83_449,VGND,li1,213.4400,239.3600,0.000135
FILLER_83_445,VGND,li1,210.9100,239.3600,0.000134
FILLER_83_437,VGND,li1,208.3800,239.3600,0.000133
FILLER_83_425,VGND,li1,203.7800,239.3600,0.000132
FILLER_83_412,VGND,li1,195.7300,239.3600,0.000129
FILLER_83_400,VGND,li1,192.2800,239.3600,0.000127
FILLER_83_393,VGND,li1,186.5300,239.3600,0.000116
FILLER_83_389,VGND,li1,185.1500,239.3600,0.000116
FILLER_83_379,VGND,li1,180.0900,239.3600,0.000095
FILLER_83_364,VGND,li1,173.6500,239.3600,0.000117
FILLER_83_356,VGND,li1,171.1200,239.3600,0.000124
FILLER_83_337,VGND,li1,163.3000,239.3600,0.000135
FILLER_83_335,VGND,li1,159.8500,239.3600,0.000135
FILLER_83_327,VGND,li1,157.7800,239.3600,0.000135
FILLER_83_321,VGND,li1,153.4100,239.3600,0.000134
FILLER_83_317,VGND,li1,152.2600,239.3600,0.000134
FILLER_83_305,VGND,li1,148.5800,239.3600,0.000133
FILLER_83_293,VGND,li1,143.0600,239.3600,0.000130
FILLER_83_281,VGND,li1,137.5400,239.3600,0.000128
FILLER_83_276,VGND,li1,133.4000,239.3600,0.000127
FILLER_83_264,VGND,li1,129.7200,239.3600,0.000125
FILLER_83_252,VGND,li1,124.2000,239.3600,0.000123
FILLER_83_245,VGND,li1,118.9100,239.3600,0.000121
FILLER_83_223,VGND,li1,108.3300,239.3600,0.000110
FILLER_83_217,VGND,li1,106.7200,239.3600,0.000110
FILLER_83_205,VGND,li1,102.5800,239.3600,0.000105
FILLER_83_193,VGND,li1,97.0600,239.3600,0.000097
FILLER_83_181,VGND,li1,91.5400,239.3600,0.000092
FILLER_83_169,VGND,li1,86.0200,239.3600,0.000085
FILLER_83_167,VGND,li1,82.5700,239.3600,0.000079
FILLER_83_161,VGND,li1,80.9600,239.3600,0.000079
FILLER_83_149,VGND,li1,76.8200,239.3600,0.000074
FILLER_83_137,VGND,li1,71.3000,239.3600,0.000066
FILLER_83_125,VGND,li1,65.7800,239.3600,0.000061
FILLER_83_113,VGND,li1,60.2600,239.3600,0.000054
FILLER_83_111,VGND,li1,56.8100,239.3600,0.000048
FILLER_83_105,VGND,li1,55.2000,239.3600,0.000048
FILLER_83_93,VGND,li1,51.0600,239.3600,0.000043
FILLER_83_81,VGND,li1,45.5400,239.3600,0.000035
FILLER_83_69,VGND,li1,40.0200,239.3600,0.000030
FILLER_83_57,VGND,li1,34.5000,239.3600,0.000023
FILLER_83_55,VGND,li1,31.0500,239.3600,0.000018
FILLER_83_51,VGND,li1,29.9000,239.3600,0.000018
FILLER_83_39,VGND,li1,26.2200,239.3600,0.000012
FILLER_83_27,VGND,li1,20.7000,239.3600,0.000012
FILLER_83_15,VGND,li1,15.1800,239.3600,0.000012
FILLER_83_3,VGND,li1,9.6600,239.3600,0.000012
FILLER_82_553,VGND,li1,260.1300,233.9200,0.000325
FILLER_82_545,VGND,li1,258.0600,233.9200,0.000325
FILLER_82_533,VGND,li1,253.4600,233.9200,0.000325
FILLER_82_531,VGND,li1,250.0100,233.9200,0.000325
FILLER_82_525,VGND,li1,248.4000,233.9200,0.000325
FILLER_82_513,VGND,li1,244.2600,233.9200,0.000325
FILLER_82_501,VGND,li1,238.7400,233.9200,0.000325
FILLER_82_489,VGND,li1,233.2200,233.9200,0.000325
FILLER_82_477,VGND,li1,227.7000,233.9200,0.000325
FILLER_82_473,VGND,li1,223.7900,233.9200,0.000325
FILLER_82_463,VGND,li1,218.7300,233.9200,0.000323
FILLER_82_457,VGND,li1,215.9700,233.9200,0.000321
FILLER_82_448,VGND,li1,212.0600,233.9200,0.000313
FILLER_82_440,VGND,li1,209.7600,233.9200,0.000309
FILLER_82_428,VGND,li1,203.0900,233.9200,0.000289
FILLER_82_419,VGND,li1,198.4900,233.9200,0.000264
FILLER_82_401,VGND,li1,190.4400,233.9200,0.000221
FILLER_82_389,VGND,li1,187.2200,233.9200,0.000211
FILLER_82_377,VGND,li1,181.7000,233.9200,0.000181
FILLER_82_365,VGND,li1,176.1800,233.9200,0.000203
FILLER_82_358,VGND,li1,171.5800,233.9200,0.000251
FILLER_82_346,VGND,li1,167.4400,233.9200,0.000298
FILLER_82_330,VGND,li1,158.0100,233.9200,0.000372
FILLER_82_315,VGND,li1,150.6500,233.9200,0.000428
FILLER_82_309,VGND,li1,149.0400,233.9200,0.000428
FILLER_82_306,VGND,li1,146.7400,233.9200,0.000447
FILLER_82_293,VGND,li1,142.1400,233.9200,0.000466
FILLER_82_272,VGND,li1,130.8700,233.9200,0.000488
FILLER_82_264,VGND,li1,128.8000,233.9200,0.000490
FILLER_82_257,VGND,li1,124.2000,233.9200,0.000489
FILLER_82_240,VGND,li1,116.8400,233.9200,0.000481
FILLER_82_209,VGND,li1,103.5000,233.9200,0.000454
FILLER_82_197,VGND,li1,98.9000,233.9200,0.000442
FILLER_82_195,VGND,li1,95.4500,233.9200,0.000433
FILLER_82_183,VGND,li1,89.9300,233.9200,0.000404
FILLER_82_177,VGND,li1,88.3200,233.9200,0.000404
FILLER_82_165,VGND,li1,84.1800,233.9200,0.000382
FILLER_82_153,VGND,li1,78.6600,233.9200,0.000344
FILLER_82_141,VGND,li1,73.1400,233.9200,0.000314
FILLER_82_139,VGND,li1,69.6900,233.9200,0.000302
FILLER_82_133,VGND,li1,68.0800,233.9200,0.000292
FILLER_82_121,VGND,li1,63.9400,233.9200,0.000268
FILLER_82_109,VGND,li1,58.4200,233.9200,0.000234
FILLER_82_97,VGND,li1,52.9000,233.9200,0.000210
FILLER_82_85,VGND,li1,47.3800,233.9200,0.000179
FILLER_82_83,VGND,li1,43.9300,233.9200,0.000151
FILLER_82_77,VGND,li1,42.3200,233.9200,0.000151
FILLER_82_65,VGND,li1,38.1800,233.9200,0.000128
FILLER_82_53,VGND,li1,32.6600,233.9200,0.000097
FILLER_82_41,VGND,li1,27.1400,233.9200,0.000067
FILLER_82_29,VGND,li1,21.6200,233.9200,0.000056
FILLER_82_27,VGND,li1,18.1700,233.9200,0.000056
FILLER_82_15,VGND,li1,15.1800,233.9200,0.000056
FILLER_82_3,VGND,li1,9.6600,233.9200,0.000056
FILLER_81_553,VGND,li1,260.1300,233.9200,0.000325
FILLER_81_541,VGND,li1,257.1400,233.9200,0.000325
FILLER_81_529,VGND,li1,251.6200,233.9200,0.000325
FILLER_81_517,VGND,li1,246.1000,233.9200,0.000325
FILLER_81_505,VGND,li1,240.5800,233.9200,0.000325
FILLER_81_498,VGND,li1,235.9800,233.9200,0.000325
FILLER_81_486,VGND,li1,231.8400,233.9200,0.000325
FILLER_81_474,VGND,li1,226.3200,233.9200,0.000325
FILLER_81_465,VGND,li1,219.8800,233.9200,0.000323
FILLER_81_449,VGND,li1,212.5200,233.9200,0.000313
FILLER_81_446,VGND,li1,211.1400,233.9200,0.000309
FILLER_81_434,VGND,li1,207.9200,233.9200,0.000303
FILLER_81_422,VGND,li1,202.4000,233.9200,0.000278
FILLER_81_413,VGND,li1,195.7300,233.9200,0.000254
FILLER_81_405,VGND,li1,193.6600,233.9200,0.000244
FILLER_81_393,VGND,li1,189.0600,233.9200,0.000221
FILLER_81_388,VGND,li1,184.9200,233.9200,0.000200
FILLER_81_376,VGND,li1,181.2400,233.9200,0.000181
FILLER_81_364,VGND,li1,175.7200,233.9200,0.000203
FILLER_81_349,VGND,li1,166.7500,233.9200,0.000298
FILLER_81_337,VGND,li1,163.3000,233.9200,0.000328
FILLER_81_328,VGND,li1,158.2400,233.9200,0.000372
FILLER_81_314,VGND,li1,151.8000,233.9200,0.000415
FILLER_81_302,VGND,li1,147.2000,233.9200,0.000437
FILLER_81_292,VGND,li1,140.7600,233.9200,0.000466
FILLER_81_281,VGND,li1,135.7000,233.9200,0.000483
FILLER_81_273,VGND,li1,132.0200,233.9200,0.000488
FILLER_81_257,VGND,li1,124.2000,233.9200,0.000489
FILLER_81_233,VGND,li1,113.3900,233.9200,0.000478
FILLER_81_225,VGND,li1,110.8600,233.9200,0.000472
FILLER_81_223,VGND,li1,108.3300,233.9200,0.000467
FILLER_81_215,VGND,li1,106.2600,233.9200,0.000462
FILLER_81_203,VGND,li1,101.6600,233.9200,0.000450
FILLER_81_191,VGND,li1,96.1400,233.9200,0.000433
FILLER_81_181,VGND,li1,89.4700,233.9200,0.000404
FILLER_81_169,VGND,li1,86.0200,233.9200,0.000392
FILLER_81_162,VGND,li1,81.4200,233.9200,0.000367
FILLER_81_150,VGND,li1,77.2800,233.9200,0.000344
FILLER_81_138,VGND,li1,71.7600,233.9200,0.000314
FILLER_81_125,VGND,li1,63.4800,233.9200,0.000268
FILLER_81_113,VGND,li1,60.2600,233.9200,0.000250
FILLER_81_111,VGND,li1,56.8100,233.9200,0.000222
FILLER_81_105,VGND,li1,55.2000,233.9200,0.000222
FILLER_81_93,VGND,li1,51.0600,233.9200,0.000199
FILLER_81_81,VGND,li1,45.5400,233.9200,0.000162
FILLER_81_69,VGND,li1,40.0200,233.9200,0.000138
FILLER_81_57,VGND,li1,34.5000,233.9200,0.000108
FILLER_81_53,VGND,li1,30.5900,233.9200,0.000086
FILLER_81_47,VGND,li1,27.3700,233.9200,0.000067
FILLER_81_39,VGND,li1,25.3000,233.9200,0.000056
FILLER_81_27,VGND,li1,20.7000,233.9200,0.000056
FILLER_81_15,VGND,li1,15.1800,233.9200,0.000056
FILLER_81_3,VGND,li1,9.6600,233.9200,0.000056
FILLER_80_553,VGND,li1,260.1300,228.4800,0.000399
FILLER_80_545,VGND,li1,258.0600,228.4800,0.000399
FILLER_80_533,VGND,li1,253.4600,228.4800,0.000399
FILLER_80_530,VGND,li1,249.7800,228.4800,0.000399
FILLER_80_518,VGND,li1,246.5600,228.4800,0.000399
FILLER_80_506,VGND,li1,241.0400,228.4800,0.000399
FILLER_80_494,VGND,li1,235.5200,228.4800,0.000399
FILLER_80_482,VGND,li1,230.0000,228.4800,0.000399
FILLER_80_458,VGND,li1,216.8900,228.4800,0.000385
FILLER_80_453,VGND,li1,214.3600,228.4800,0.000379
FILLER_80_445,VGND,li1,212.0600,228.4800,0.000371
FILLER_80_433,VGND,li1,207.4600,228.4800,0.000356
FILLER_80_421,VGND,li1,201.9400,228.4800,0.000334
FILLER_80_417,VGND,li1,198.0300,228.4800,0.000316
FILLER_80_409,VGND,li1,195.5000,228.4800,0.000304
FILLER_80_400,VGND,li1,189.7500,228.4800,0.000276
FILLER_80_392,VGND,li1,187.6800,228.4800,0.000266
FILLER_80_380,VGND,li1,183.0800,228.4800,0.000243
FILLER_80_360,VGND,li1,171.3500,228.4800,0.000280
FILLER_80_356,VGND,li1,170.2000,228.4800,0.000280
FILLER_80_344,VGND,li1,166.5200,228.4800,0.000309
FILLER_80_338,VGND,li1,161.6900,228.4800,0.000332
FILLER_80_326,VGND,li1,158.2400,228.4800,0.000354
FILLER_80_307,VGND,li1,146.9700,228.4800,0.000394
FILLER_80_303,VGND,li1,145.8200,228.4800,0.000394
FILLER_80_294,VGND,li1,141.2200,228.4800,0.000387
FILLER_80_281,VGND,li1,136.6200,228.4800,0.000382
FILLER_80_269,VGND,li1,132.0200,228.4800,0.000374
FILLER_80_257,VGND,li1,125.1200,228.4800,0.000360
FILLER_80_253,VGND,li1,122.1300,228.4800,0.000353
FILLER_80_251,VGND,li1,121.2100,228.4800,0.000349
FILLER_80_233,VGND,li1,115.4600,228.4800,0.000338
FILLER_80_221,VGND,li1,109.9400,228.4800,0.000322
FILLER_80_209,VGND,li1,104.4200,228.4800,0.000312
FILLER_80_197,VGND,li1,98.9000,228.4800,0.000299
FILLER_80_195,VGND,li1,95.4500,228.4800,0.000289
FILLER_80_191,VGND,li1,94.3000,228.4800,0.000289
FILLER_80_179,VGND,li1,90.6200,228.4800,0.000280
FILLER_80_153,VGND,li1,76.5900,228.4800,0.000244
FILLER_80_145,VGND,li1,74.0600,228.4800,0.000237
FILLER_80_107,VGND,li1,57.5000,228.4800,0.000179
FILLER_80_74,VGND,li1,40.9400,228.4800,0.000114
FILLER_80_62,VGND,li1,36.8000,228.4800,0.000101
FILLER_80_41,VGND,li1,24.8400,228.4800,0.000049
FILLER_80_29,VGND,li1,21.6200,228.4800,0.000051
FILLER_80_19,VGND,li1,14.4900,228.4800,0.000053
FILLER_80_15,VGND,li1,13.3400,228.4800,0.000053
FILLER_80_3,VGND,li1,9.6600,228.4800,0.000053
FILLER_79_553,VGND,li1,260.1300,228.4800,0.000399
FILLER_79_541,VGND,li1,257.1400,228.4800,0.000399
FILLER_79_529,VGND,li1,251.6200,228.4800,0.000399
FILLER_79_517,VGND,li1,246.1000,228.4800,0.000399
FILLER_79_505,VGND,li1,240.5800,228.4800,0.000399
FILLER_79_500,VGND,li1,236.4400,228.4800,0.000399
FILLER_79_488,VGND,li1,232.7600,228.4800,0.000399
FILLER_79_476,VGND,li1,227.2400,228.4800,0.000399
FILLER_79_467,VGND,li1,220.5700,228.4800,0.000389
FILLER_79_461,VGND,li1,218.9600,228.4800,0.000389
FILLER_79_449,VGND,li1,214.8200,228.4800,0.000379
FILLER_79_446,VGND,li1,211.1400,228.4800,0.000371
FILLER_79_433,VGND,li1,204.9300,228.4800,0.000343
FILLER_79_429,VGND,li1,203.7800,228.4800,0.000343
FILLER_79_417,VGND,li1,200.1000,228.4800,0.000326
FILLER_79_405,VGND,li1,194.5800,228.4800,0.000292
FILLER_79_393,VGND,li1,189.0600,228.4800,0.000266
FILLER_79_390,VGND,li1,185.3800,228.4800,0.000254
FILLER_79_371,VGND,li1,176.6400,228.4800,0.000229
FILLER_79_363,VGND,li1,174.3400,228.4800,0.000249
FILLER_79_351,VGND,li1,169.7400,228.4800,0.000280
FILLER_79_335,VGND,li1,159.8500,228.4800,0.000342
FILLER_79_329,VGND,li1,157.5500,228.4800,0.000354
FILLER_79_317,VGND,li1,154.1000,228.4800,0.000373
FILLER_79_309,VGND,li1,147.8900,228.4800,0.000395
FILLER_79_305,VGND,li1,146.7400,228.4800,0.000394
FILLER_79_293,VGND,li1,143.0600,228.4800,0.000393
FILLER_79_281,VGND,li1,137.5400,228.4800,0.000382
FILLER_79_279,VGND,li1,134.0900,228.4800,0.000377
FILLER_79_273,VGND,li1,132.4800,228.4800,0.000374
FILLER_79_261,VGND,li1,128.3400,228.4800,0.000366
FILLER_79_249,VGND,li1,122.8200,228.4800,0.000353
FILLER_79_237,VGND,li1,117.3000,228.4800,0.000342
FILLER_79_225,VGND,li1,111.7800,228.4800,0.000329
FILLER_79_223,VGND,li1,108.3300,228.4800,0.000318
FILLER_79_217,VGND,li1,106.7200,228.4800,0.000318
FILLER_79_205,VGND,li1,102.5800,228.4800,0.000308
FILLER_79_193,VGND,li1,97.0600,228.4800,0.000295
FILLER_79_181,VGND,li1,91.5400,228.4800,0.000280
FILLER_79_169,VGND,li1,86.0200,228.4800,0.000269
FILLER_79_167,VGND,li1,82.5700,228.4800,0.000259
FILLER_79_163,VGND,li1,81.4200,228.4800,0.000259
FILLER_79_151,VGND,li1,77.7400,228.4800,0.000244
FILLER_79_139,VGND,li1,70.1500,228.4800,0.000225
FILLER_79_125,VGND,li1,63.2500,228.4800,0.000198
FILLER_79_119,VGND,li1,61.6400,228.4800,0.000198
FILLER_79_106,VGND,li1,54.7400,228.4800,0.000170
FILLER_79_93,VGND,li1,50.1400,228.4800,0.000152
FILLER_79_86,VGND,li1,45.5400,228.4800,0.000137
FILLER_79_81,VGND,li1,43.2400,228.4800,0.000128
FILLER_79_69,VGND,li1,40.0200,228.4800,0.000114
FILLER_79_57,VGND,li1,34.5000,228.4800,0.000091
FILLER_79_33,VGND,li1,20.9300,228.4800,0.000051
FILLER_79_6,VGND,li1,8.5100,228.4800,0.000053
FILLER_78_553,VGND,li1,260.1300,223.0400,0.001456
FILLER_78_545,VGND,li1,258.0600,223.0400,0.001456
FILLER_78_533,VGND,li1,253.4600,223.0400,0.001456
FILLER_78_531,VGND,li1,250.0100,223.0400,0.001456
FILLER_78_519,VGND,li1,247.0200,223.0400,0.001456
FILLER_78_507,VGND,li1,241.5000,223.0400,0.001456
FILLER_78_495,VGND,li1,235.9800,223.0400,0.001456
FILLER_78_483,VGND,li1,230.4600,223.0400,0.001456
FILLER_78_456,VGND,li1,216.6600,223.0400,0.001400
FILLER_78_452,VGND,li1,213.6700,223.0400,0.001371
FILLER_78_425,VGND,li1,201.2500,223.0400,0.001138
FILLER_78_421,VGND,li1,200.1000,223.0400,0.001059
FILLER_78_419,VGND,li1,198.4900,223.0400,0.001059
FILLER_78_411,VGND,li1,196.4200,223.0400,0.001000
FILLER_78_399,VGND,li1,191.8200,223.0400,0.000856
FILLER_78_377,VGND,li1,180.7800,223.0400,0.000490
FILLER_78_365,VGND,li1,176.1800,223.0400,0.000415
FILLER_78_363,VGND,li1,172.7300,223.0400,0.000419
FILLER_78_351,VGND,li1,169.7400,223.0400,0.000423
FILLER_78_339,VGND,li1,161.6900,223.0400,0.000432
FILLER_78_333,VGND,li1,160.0800,223.0400,0.000432
FILLER_78_321,VGND,li1,155.9400,223.0400,0.000434
FILLER_78_309,VGND,li1,150.4200,223.0400,0.000435
FILLER_78_307,VGND,li1,146.9700,223.0400,0.000436
FILLER_78_301,VGND,li1,145.3600,223.0400,0.000437
FILLER_78_289,VGND,li1,141.2200,223.0400,0.000438
FILLER_78_277,VGND,li1,135.7000,223.0400,0.000437
FILLER_78_265,VGND,li1,130.1800,223.0400,0.000434
FILLER_78_253,VGND,li1,124.6600,223.0400,0.000431
FILLER_78_249,VGND,li1,120.7500,223.0400,0.000429
FILLER_78_241,VGND,li1,116.6100,223.0400,0.000426
FILLER_78_229,VGND,li1,112.7000,223.0400,0.000421
FILLER_78_217,VGND,li1,108.1000,223.0400,0.000418
FILLER_78_190,VGND,li1,93.6100,223.0400,0.000398
FILLER_78_178,VGND,li1,90.1600,223.0400,0.000388
FILLER_78_166,VGND,li1,84.6400,223.0400,0.000372
FILLER_78_154,VGND,li1,79.1200,223.0400,0.000361
FILLER_78_138,VGND,li1,69.4600,223.0400,0.000329
FILLER_78_126,VGND,li1,66.2400,223.0400,0.000315
FILLER_78_114,VGND,li1,60.7200,223.0400,0.000293
FILLER_78_106,VGND,li1,54.9700,223.0400,0.000265
FILLER_78_93,VGND,li1,48.9900,223.0400,0.000241
FILLER_78_85,VGND,li1,46.4600,223.0400,0.000227
FILLER_78_82,VGND,li1,43.7000,223.0400,0.000211
FILLER_78_74,VGND,li1,41.4000,223.0400,0.000191
FILLER_78_60,VGND,li1,34.0400,223.0400,0.000132
FILLER_78_41,VGND,li1,25.3000,223.0400,0.000078
FILLER_78_29,VGND,li1,21.6200,223.0400,0.000079
FILLER_78_27,VGND,li1,18.1700,223.0400,0.000080
FILLER_78_15,VGND,li1,13.1100,223.0400,0.000081
FILLER_78_3,VGND,li1,9.6600,223.0400,0.000082
FILLER_77_553,VGND,li1,260.1300,223.0400,0.001456
FILLER_77_541,VGND,li1,257.1400,223.0400,0.001456
FILLER_77_529,VGND,li1,251.6200,223.0400,0.001456
FILLER_77_517,VGND,li1,246.1000,223.0400,0.001456
FILLER_77_505,VGND,li1,240.5800,223.0400,0.001456
FILLER_77_496,VGND,li1,235.5200,223.0400,0.001456
FILLER_77_484,VGND,li1,230.9200,223.0400,0.001456
FILLER_77_468,VGND,li1,221.0300,223.0400,0.001428
FILLER_77_461,VGND,li1,218.0400,223.0400,0.001400
FILLER_77_449,VGND,li1,214.8200,223.0400,0.001371
FILLER_77_447,VGND,li1,211.3700,223.0400,0.001348
FILLER_77_431,VGND,li1,204.2400,223.0400,0.001218
FILLER_77_423,VGND,li1,201.9400,223.0400,0.001138
FILLER_77_408,VGND,li1,193.6600,223.0400,0.000921
FILLER_77_400,VGND,li1,191.3600,223.0400,0.000856
FILLER_77_380,VGND,li1,183.0800,223.0400,0.000580
FILLER_77_365,VGND,li1,174.1100,223.0400,0.000419
FILLER_77_353,VGND,li1,170.6600,223.0400,0.000423
FILLER_77_331,VGND,li1,158.2400,223.0400,0.000433
FILLER_77_319,VGND,li1,155.0200,223.0400,0.000434
FILLER_77_307,VGND,li1,149.5000,223.0400,0.000435
FILLER_77_295,VGND,li1,143.9800,223.0400,0.000437
FILLER_77_281,VGND,li1,136.6200,223.0400,0.000437
FILLER_77_276,VGND,li1,133.4000,223.0400,0.000436
FILLER_77_253,VGND,li1,123.2800,223.0400,0.000431
FILLER_77_225,VGND,li1,109.7100,223.0400,0.000418
FILLER_77_223,VGND,li1,108.3300,223.0400,0.000418
FILLER_77_211,VGND,li1,105.3400,223.0400,0.000416
FILLER_77_181,VGND,li1,89.7000,223.0400,0.000388
FILLER_77_169,VGND,li1,86.0200,223.0400,0.000379
FILLER_77_166,VGND,li1,82.3400,223.0400,0.000367
FILLER_77_148,VGND,li1,74.5200,223.0400,0.000348
FILLER_77_137,VGND,li1,69.9200,223.0400,0.000329
FILLER_77_125,VGND,li1,65.7800,223.0400,0.000315
FILLER_77_113,VGND,li1,60.2600,223.0400,0.000293
FILLER_77_111,VGND,li1,56.8100,223.0400,0.000280
FILLER_77_105,VGND,li1,55.2000,223.0400,0.000265
FILLER_77_92,VGND,li1,49.6800,223.0400,0.000241
FILLER_77_75,VGND,li1,40.7100,223.0400,0.000191
FILLER_77_69,VGND,li1,37.9500,223.0400,0.000162
FILLER_77_57,VGND,li1,34.5000,223.0400,0.000147
FILLER_77_55,VGND,li1,31.0500,223.0400,0.000113
FILLER_77_51,VGND,li1,29.9000,223.0400,0.000113
FILLER_77_39,VGND,li1,26.2200,223.0400,0.000078
FILLER_77_27,VGND,li1,20.7000,223.0400,0.000079
FILLER_77_16,VGND,li1,13.1100,223.0400,0.000081
FILLER_77_12,VGND,li1,11.9600,223.0400,0.000081
FILLER_76_553,VGND,li1,260.1300,217.6000,0.000485
FILLER_76_545,VGND,li1,258.0600,217.6000,0.000485
FILLER_76_533,VGND,li1,253.4600,217.6000,0.000485
FILLER_76_520,VGND,li1,247.4800,217.6000,0.000485
FILLER_76_508,VGND,li1,241.9600,217.6000,0.000485
FILLER_76_496,VGND,li1,236.4400,217.6000,0.000485
FILLER_76_484,VGND,li1,230.9200,217.6000,0.000485
FILLER_76_469,VGND,li1,222.1800,217.6000,0.000473
FILLER_76_457,VGND,li1,218.5000,217.6000,0.000457
FILLER_76_445,VGND,li1,212.9800,217.6000,0.000433
FILLER_76_433,VGND,li1,207.4600,217.6000,0.000416
FILLER_76_421,VGND,li1,201.9400,217.6000,0.000394
FILLER_76_418,VGND,li1,198.2600,217.6000,0.000376
FILLER_76_398,VGND,li1,189.5200,217.6000,0.000343
FILLER_76_377,VGND,li1,179.4000,217.6000,0.000266
FILLER_76_365,VGND,li1,176.1800,217.6000,0.000311
FILLER_76_362,VGND,li1,172.5000,217.6000,0.000375
FILLER_76_350,VGND,li1,169.2800,217.6000,0.000451
FILLER_76_338,VGND,li1,163.7600,217.6000,0.000525
FILLER_76_326,VGND,li1,158.2400,217.6000,0.000620
FILLER_76_314,VGND,li1,150.8800,217.6000,0.000703
FILLER_76_296,VGND,li1,142.1400,217.6000,0.000778
FILLER_76_253,VGND,li1,122.8200,217.6000,0.000851
FILLER_76_246,VGND,li1,120.0600,217.6000,0.000854
FILLER_76_229,VGND,li1,111.7800,217.6000,0.000856
FILLER_76_205,VGND,li1,100.0500,217.6000,0.000852
FILLER_76_197,VGND,li1,97.9800,217.6000,0.000850
FILLER_76_188,VGND,li1,93.8400,217.6000,0.000847
FILLER_76_176,VGND,li1,89.2400,217.6000,0.000843
FILLER_76_157,VGND,li1,77.9700,217.6000,0.000790
FILLER_76_149,VGND,li1,74.7500,217.6000,0.000776
FILLER_76_141,VGND,li1,70.6100,217.6000,0.000742
FILLER_76_139,VGND,li1,69.6900,217.6000,0.000742
FILLER_76_127,VGND,li1,66.7000,217.6000,0.000720
FILLER_76_97,VGND,li1,50.6000,217.6000,0.000543
FILLER_76_85,VGND,li1,47.3800,217.6000,0.000498
FILLER_76_79,VGND,li1,42.3200,217.6000,0.000427
FILLER_76_71,VGND,li1,40.0200,217.6000,0.000392
FILLER_76_63,VGND,li1,34.7300,217.6000,0.000315
FILLER_76_55,VGND,li1,32.6600,217.6000,0.000283
FILLER_76_37,VGND,li1,24.3800,217.6000,0.000167
FILLER_76_27,VGND,li1,18.1700,217.6000,0.000172
FILLER_76_21,VGND,li1,16.5600,217.6000,0.000172
FILLER_76_3,VGND,li1,7.1300,217.6000,0.000175
FILLER_75_553,VGND,li1,260.1300,217.6000,0.000485
FILLER_75_541,VGND,li1,257.1400,217.6000,0.000485
FILLER_75_529,VGND,li1,251.6200,217.6000,0.000485
FILLER_75_517,VGND,li1,246.1000,217.6000,0.000485
FILLER_75_505,VGND,li1,240.5800,217.6000,0.000485
FILLER_75_503,VGND,li1,237.1300,217.6000,0.000485
FILLER_75_499,VGND,li1,235.9800,217.6000,0.000485
FILLER_75_487,VGND,li1,232.3000,217.6000,0.000485
FILLER_75_475,VGND,li1,226.7800,217.6000,0.000485
FILLER_75_461,VGND,li1,218.0400,217.6000,0.000457
FILLER_75_449,VGND,li1,214.8200,217.6000,0.000445
FILLER_75_447,VGND,li1,211.3700,217.6000,0.000425
FILLER_75_441,VGND,li1,209.7600,217.6000,0.000425
FILLER_75_429,VGND,li1,205.6200,217.6000,0.000409
FILLER_75_416,VGND,li1,197.1100,217.6000,0.000376
FILLER_75_405,VGND,li1,192.5100,217.6000,0.000355
FILLER_75_393,VGND,li1,189.0600,217.6000,0.000343
FILLER_75_391,VGND,li1,185.6100,217.6000,0.000315
FILLER_75_387,VGND,li1,184.4600,217.6000,0.000315
FILLER_75_375,VGND,li1,180.7800,217.6000,0.000283
FILLER_75_360,VGND,li1,172.9600,217.6000,0.000375
FILLER_75_342,VGND,li1,164.6800,217.6000,0.000525
FILLER_75_334,VGND,li1,159.6200,217.6000,0.000592
FILLER_75_327,VGND,li1,156.1700,217.6000,0.000662
FILLER_75_319,VGND,li1,154.1000,217.6000,0.000683
FILLER_75_303,VGND,li1,146.2800,217.6000,0.000747
FILLER_75_296,VGND,li1,142.6000,217.6000,0.000778
FILLER_75_288,VGND,li1,138.2300,217.6000,0.000800
FILLER_75_277,VGND,li1,133.6300,217.6000,0.000824
FILLER_75_239,VGND,li1,116.1500,217.6000,0.000857
FILLER_75_233,VGND,li1,113.3900,217.6000,0.000856
FILLER_75_225,VGND,li1,110.8600,217.6000,0.000856
FILLER_75_218,VGND,li1,107.1800,217.6000,0.000856
FILLER_75_206,VGND,li1,103.0400,217.6000,0.000854
FILLER_75_194,VGND,li1,97.5200,217.6000,0.000848
FILLER_75_182,VGND,li1,92.0000,217.6000,0.000845
FILLER_75_160,VGND,li1,80.9600,217.6000,0.000808
FILLER_75_147,VGND,li1,74.5200,217.6000,0.000776
FILLER_75_135,VGND,li1,70.3800,217.6000,0.000742
FILLER_75_113,VGND,li1,57.7300,217.6000,0.000638
FILLER_75_105,VGND,li1,54.2800,217.6000,0.000572
FILLER_75_98,VGND,li1,51.0600,217.6000,0.000543
FILLER_75_90,VGND,li1,48.7600,217.6000,0.000498
FILLER_75_78,VGND,li1,44.1600,217.6000,0.000453
FILLER_75_63,VGND,li1,34.7300,217.6000,0.000315
FILLER_75_57,VGND,li1,33.1200,217.6000,0.000283
FILLER_75_44,VGND,li1,28.5200,217.6000,0.000204
FILLER_75_32,VGND,li1,23.0000,217.6000,0.000167
FILLER_75_3,VGND,li1,7.1300,217.6000,0.000175
FILLER_74_553,VGND,li1,260.1300,212.1600,0.000220
FILLER_74_545,VGND,li1,258.0600,212.1600,0.000220
FILLER_74_533,VGND,li1,253.4600,212.1600,0.000220
FILLER_74_531,VGND,li1,250.0100,212.1600,0.000220
FILLER_74_525,VGND,li1,248.4000,212.1600,0.000220
FILLER_74_513,VGND,li1,244.2600,212.1600,0.000220
FILLER_74_501,VGND,li1,238.7400,212.1600,0.000220
FILLER_74_489,VGND,li1,233.2200,212.1600,0.000220
FILLER_74_477,VGND,li1,227.7000,212.1600,0.000220
FILLER_74_473,VGND,li1,223.7900,212.1600,0.000219
FILLER_74_459,VGND,li1,217.1200,212.1600,0.000215
FILLER_74_447,VGND,li1,213.9000,212.1600,0.000210
FILLER_74_443,VGND,li1,209.5300,212.1600,0.000203
FILLER_74_439,VGND,li1,208.3800,212.1600,0.000198
FILLER_74_424,VGND,li1,202.4000,212.1600,0.000188
FILLER_74_405,VGND,li1,192.0500,212.1600,0.000165
FILLER_74_401,VGND,li1,190.9000,212.1600,0.000165
FILLER_74_389,VGND,li1,187.2200,212.1600,0.000156
FILLER_74_377,VGND,li1,181.7000,212.1600,0.000141
FILLER_74_357,VGND,li1,170.4300,212.1600,0.000206
FILLER_74_345,VGND,li1,166.9800,212.1600,0.000246
FILLER_74_333,VGND,li1,161.4600,212.1600,0.000298
FILLER_74_321,VGND,li1,155.9400,212.1600,0.000335
FILLER_74_309,VGND,li1,150.4200,212.1600,0.000361
FILLER_74_307,VGND,li1,146.9700,212.1600,0.000380
FILLER_74_301,VGND,li1,145.3600,212.1600,0.000380
FILLER_74_289,VGND,li1,141.2200,212.1600,0.000395
FILLER_74_277,VGND,li1,135.7000,212.1600,0.000419
FILLER_74_265,VGND,li1,130.1800,212.1600,0.000431
FILLER_74_253,VGND,li1,124.6600,212.1600,0.000448
FILLER_74_248,VGND,li1,120.5200,212.1600,0.000459
FILLER_74_239,VGND,li1,115.9200,212.1600,0.000474
FILLER_74_233,VGND,li1,113.3900,212.1600,0.000477
FILLER_74_221,VGND,li1,109.9400,212.1600,0.000486
FILLER_74_209,VGND,li1,104.4200,212.1600,0.000493
FILLER_74_197,VGND,li1,98.9000,212.1600,0.000503
FILLER_74_188,VGND,li1,93.8400,212.1600,0.000499
FILLER_74_176,VGND,li1,89.2400,212.1600,0.000495
FILLER_74_164,VGND,li1,82.3400,212.1600,0.000485
FILLER_74_152,VGND,li1,78.2000,212.1600,0.000479
FILLER_74_141,VGND,li1,72.2200,212.1600,0.000468
FILLER_74_138,VGND,li1,69.4600,212.1600,0.000459
FILLER_74_126,VGND,li1,66.2400,212.1600,0.000453
FILLER_74_111,VGND,li1,56.8100,212.1600,0.000415
FILLER_74_105,VGND,li1,54.5100,212.1600,0.000396
FILLER_74_97,VGND,li1,51.9800,212.1600,0.000371
FILLER_74_85,VGND,li1,47.3800,212.1600,0.000323
FILLER_74_82,VGND,li1,43.7000,212.1600,0.000290
FILLER_74_74,VGND,li1,41.4000,212.1600,0.000270
FILLER_74_65,VGND,li1,36.8000,212.1600,0.000225
FILLER_74_53,VGND,li1,32.6600,212.1600,0.000174
FILLER_74_41,VGND,li1,27.1400,212.1600,0.000130
FILLER_74_29,VGND,li1,21.6200,212.1600,0.000109
FILLER_74_25,VGND,li1,17.7100,212.1600,0.000110
FILLER_74_15,VGND,li1,13.1100,212.1600,0.000111
FILLER_73_553,VGND,li1,260.1300,212.1600,0.000220
FILLER_73_541,VGND,li1,257.1400,212.1600,0.000220
FILLER_73_529,VGND,li1,251.6200,212.1600,0.000220
FILLER_73_517,VGND,li1,246.1000,212.1600,0.000220
FILLER_73_505,VGND,li1,240.5800,212.1600,0.000220
FILLER_73_501,VGND,li1,236.6700,212.1600,0.000220
FILLER_73_489,VGND,li1,233.2200,212.1600,0.000220
FILLER_73_477,VGND,li1,227.7000,212.1600,0.000220
FILLER_73_449,VGND,li1,213.9000,212.1600,0.000210
FILLER_73_447,VGND,li1,211.3700,212.1600,0.000206
FILLER_73_439,VGND,li1,209.3000,212.1600,0.000203
FILLER_73_432,VGND,li1,204.7000,212.1600,0.000195
FILLER_73_420,VGND,li1,201.4800,212.1600,0.000188
FILLER_73_412,VGND,li1,195.2700,212.1600,0.000175
FILLER_73_393,VGND,li1,187.2200,212.1600,0.000156
FILLER_73_391,VGND,li1,185.6100,212.1600,0.000150
FILLER_73_387,VGND,li1,184.4600,212.1600,0.000150
FILLER_73_375,VGND,li1,180.7800,212.1600,0.000141
FILLER_73_366,VGND,li1,175.2600,212.1600,0.000158
FILLER_73_362,VGND,li1,172.2700,212.1600,0.000187
FILLER_73_356,VGND,li1,170.6600,212.1600,0.000206
FILLER_73_344,VGND,li1,166.5200,212.1600,0.000246
FILLER_73_332,VGND,li1,159.1600,212.1600,0.000313
FILLER_73_313,VGND,li1,150.8800,212.1600,0.000361
FILLER_73_301,VGND,li1,146.7400,212.1600,0.000380
FILLER_73_295,VGND,li1,141.9100,212.1600,0.000395
FILLER_73_287,VGND,li1,139.3800,212.1600,0.000402
FILLER_73_279,VGND,li1,134.0900,212.1600,0.000419
FILLER_73_271,VGND,li1,132.0200,212.1600,0.000425
FILLER_73_264,VGND,li1,127.8800,212.1600,0.000438
FILLER_73_252,VGND,li1,124.2000,212.1600,0.000448
FILLER_73_233,VGND,li1,112.9300,212.1600,0.000477
FILLER_73_225,VGND,li1,110.8600,212.1600,0.000481
FILLER_73_223,VGND,li1,108.3300,212.1600,0.000486
FILLER_73_211,VGND,li1,105.3400,212.1600,0.000493
FILLER_73_199,VGND,li1,97.2900,212.1600,0.000501
FILLER_73_193,VGND,li1,95.6800,212.1600,0.000501
FILLER_73_181,VGND,li1,91.5400,212.1600,0.000497
FILLER_73_169,VGND,li1,86.0200,212.1600,0.000492
FILLER_73_167,VGND,li1,82.5700,212.1600,0.000485
FILLER_73_163,VGND,li1,81.4200,212.1600,0.000485
FILLER_73_157,VGND,li1,77.9700,212.1600,0.000479
FILLER_73_151,VGND,li1,76.3600,212.1600,0.000473
FILLER_73_139,VGND,li1,72.2200,212.1600,0.000468
FILLER_73_135,VGND,li1,67.8500,212.1600,0.000459
FILLER_73_123,VGND,li1,64.8600,212.1600,0.000453
FILLER_73_113,VGND,li1,58.1900,212.1600,0.000415
FILLER_73_108,VGND,li1,56.1200,212.1600,0.000396
FILLER_73_96,VGND,li1,52.4400,212.1600,0.000371
FILLER_73_84,VGND,li1,46.9200,212.1600,0.000323
FILLER_73_69,VGND,li1,40.0200,212.1600,0.000246
FILLER_73_57,VGND,li1,34.5000,212.1600,0.000203
FILLER_73_54,VGND,li1,30.8200,212.1600,0.000153
FILLER_73_32,VGND,li1,23.0000,212.1600,0.000109
FILLER_73_20,VGND,li1,17.4800,212.1600,0.000110
FILLER_73_14,VGND,li1,12.4200,212.1600,0.000111
FILLER_73_6,VGND,li1,10.1200,212.1600,0.000112
FILLER_72_553,VGND,li1,260.1300,206.7200,0.000328
FILLER_72_545,VGND,li1,258.0600,206.7200,0.000328
FILLER_72_533,VGND,li1,253.4600,206.7200,0.000328
FILLER_72_531,VGND,li1,250.0100,206.7200,0.000328
FILLER_72_525,VGND,li1,248.4000,206.7200,0.000328
FILLER_72_513,VGND,li1,244.2600,206.7200,0.000328
FILLER_72_501,VGND,li1,238.7400,206.7200,0.000328
FILLER_72_489,VGND,li1,233.2200,206.7200,0.000328
FILLER_72_477,VGND,li1,227.7000,206.7200,0.000328
FILLER_72_468,VGND,li1,222.6400,206.7200,0.000328
FILLER_72_463,VGND,li1,218.7300,206.7200,0.000323
FILLER_72_457,VGND,li1,217.1200,206.7200,0.000323
FILLER_72_445,VGND,li1,212.9800,206.7200,0.000306
FILLER_72_433,VGND,li1,207.4600,206.7200,0.000295
FILLER_72_421,VGND,li1,201.9400,206.7200,0.000278
FILLER_72_419,VGND,li1,198.4900,206.7200,0.000268
FILLER_72_413,VGND,li1,196.8800,206.7200,0.000261
FILLER_72_398,VGND,li1,190.4400,206.7200,0.000239
FILLER_72_373,VGND,li1,177.5600,206.7200,0.000199
FILLER_72_365,VGND,li1,173.6500,206.7200,0.000266
FILLER_72_337,VGND,li1,161.4600,206.7200,0.000461
FILLER_72_325,VGND,li1,157.7800,206.7200,0.000491
FILLER_72_321,VGND,li1,153.4100,206.7200,0.000542
FILLER_72_309,VGND,li1,150.4200,206.7200,0.000577
FILLER_72_307,VGND,li1,146.9700,206.7200,0.000618
FILLER_72_299,VGND,li1,144.9000,206.7200,0.000641
FILLER_72_288,VGND,li1,138.9200,206.7200,0.000692
FILLER_72_278,VGND,li1,134.3200,206.7200,0.000700
FILLER_72_253,VGND,li1,124.6600,206.7200,0.000701
FILLER_72_244,VGND,li1,119.6000,206.7200,0.000697
FILLER_72_231,VGND,li1,113.1600,206.7200,0.000689
FILLER_72_219,VGND,li1,109.0200,206.7200,0.000684
FILLER_72_207,VGND,li1,103.5000,206.7200,0.000679
FILLER_72_197,VGND,li1,96.8300,206.7200,0.000670
FILLER_72_192,VGND,li1,94.7600,206.7200,0.000667
FILLER_72_180,VGND,li1,91.0800,206.7200,0.000661
FILLER_72_161,VGND,li1,80.2700,206.7200,0.000606
FILLER_72_154,VGND,li1,76.8200,206.7200,0.000579
FILLER_72_146,VGND,li1,74.5200,206.7200,0.000560
FILLER_72_121,VGND,li1,63.9400,206.7200,0.000491
FILLER_72_109,VGND,li1,58.4200,206.7200,0.000447
FILLER_72_91,VGND,li1,48.3000,206.7200,0.000362
FILLER_72_83,VGND,li1,43.9300,206.7200,0.000326
FILLER_72_75,VGND,li1,40.2500,206.7200,0.000288
FILLER_72_67,VGND,li1,38.1800,206.7200,0.000264
FILLER_72_36,VGND,li1,23.0000,206.7200,0.000138
FILLER_72_6,VGND,li1,11.0400,206.7200,0.000145
FILLER_71_553,VGND,li1,260.1300,206.7200,0.000328
FILLER_71_541,VGND,li1,257.1400,206.7200,0.000328
FILLER_71_529,VGND,li1,251.6200,206.7200,0.000328
FILLER_71_517,VGND,li1,246.1000,206.7200,0.000328
FILLER_71_505,VGND,li1,240.5800,206.7200,0.000328
FILLER_71_502,VGND,li1,236.9000,206.7200,0.000328
FILLER_71_490,VGND,li1,233.6800,206.7200,0.000328
FILLER_71_478,VGND,li1,228.1600,206.7200,0.000328
FILLER_71_449,VGND,li1,212.9800,206.7200,0.000306
FILLER_71_447,VGND,li1,211.3700,206.7200,0.000306
FILLER_71_435,VGND,li1,208.3800,206.7200,0.000295
FILLER_71_419,VGND,li1,199.1800,206.7200,0.000268
FILLER_71_413,VGND,li1,196.1900,206.7200,0.000261
FILLER_71_405,VGND,li1,193.6600,206.7200,0.000253
FILLER_71_393,VGND,li1,189.0600,206.7200,0.000239
FILLER_71_389,VGND,li1,185.1500,206.7200,0.000226
FILLER_71_383,VGND,li1,182.3900,206.7200,0.000218
FILLER_71_361,VGND,li1,171.8100,206.7200,0.000311
FILLER_71_355,VGND,li1,170.2000,206.7200,0.000311
FILLER_71_349,VGND,li1,166.7500,206.7200,0.000363
FILLER_71_337,VGND,li1,163.3000,206.7200,0.000412
FILLER_71_335,VGND,li1,159.8500,206.7200,0.000461
FILLER_71_324,VGND,li1,155.4800,206.7200,0.000518
FILLER_71_312,VGND,li1,151.8000,206.7200,0.000577
FILLER_71_281,VGND,li1,135.0100,206.7200,0.000698
FILLER_71_274,VGND,li1,132.9400,206.7200,0.000700
FILLER_71_266,VGND,li1,128.1100,206.7200,0.000702
FILLER_71_258,VGND,li1,126.0400,206.7200,0.000701
FILLER_71_241,VGND,li1,119.1400,206.7200,0.000697
FILLER_71_237,VGND,li1,114.7700,206.7200,0.000693
FILLER_71_225,VGND,li1,111.7800,206.7200,0.000689
FILLER_71_221,VGND,li1,107.8700,206.7200,0.000684
FILLER_71_213,VGND,li1,105.3400,206.7200,0.000681
FILLER_71_201,VGND,li1,100.7400,206.7200,0.000673
FILLER_71_189,VGND,li1,95.2200,206.7200,0.000667
FILLER_71_169,VGND,li1,83.7200,206.7200,0.000619
FILLER_71_160,VGND,li1,79.8100,206.7200,0.000593
FILLER_71_143,VGND,li1,71.5300,206.7200,0.000536
FILLER_71_137,VGND,li1,69.9200,206.7200,0.000536
FILLER_71_125,VGND,li1,63.9400,206.7200,0.000491
FILLER_71_113,VGND,li1,60.2600,206.7200,0.000462
FILLER_71_110,VGND,li1,56.5800,206.7200,0.000433
FILLER_71_92,VGND,li1,48.0700,206.7200,0.000362
FILLER_71_73,VGND,li1,39.7900,206.7200,0.000288
FILLER_71_65,VGND,li1,37.2600,206.7200,0.000264
FILLER_71_57,VGND,li1,32.4300,206.7200,0.000216
FILLER_71_53,VGND,li1,30.5900,206.7200,0.000194
FILLER_71_41,VGND,li1,24.6100,206.7200,0.000138
FILLER_71_28,VGND,li1,18.6300,206.7200,0.000144
FILLER_71_10,VGND,li1,10.3500,206.7200,0.000145
FILLER_71_6,VGND,li1,9.2000,206.7200,0.000145
FILLER_70_553,VGND,li1,260.1300,201.2800,0.000561
FILLER_70_545,VGND,li1,258.0600,201.2800,0.000561
FILLER_70_533,VGND,li1,253.4600,201.2800,0.000561
FILLER_70_531,VGND,li1,250.0100,201.2800,0.000561
FILLER_70_525,VGND,li1,248.4000,201.2800,0.000561
FILLER_70_513,VGND,li1,244.2600,201.2800,0.000561
FILLER_70_501,VGND,li1,238.7400,201.2800,0.000561
FILLER_70_489,VGND,li1,233.2200,201.2800,0.000559
FILLER_70_477,VGND,li1,227.7000,201.2800,0.000555
FILLER_70_474,VGND,li1,224.0200,201.2800,0.000547
FILLER_70_463,VGND,li1,219.4200,201.2800,0.000521
FILLER_70_434,VGND,li1,205.3900,201.2800,0.000443
FILLER_70_407,VGND,li1,192.9700,201.2800,0.000340
FILLER_70_401,VGND,li1,191.3600,201.2800,0.000318
FILLER_70_389,VGND,li1,187.2200,201.2800,0.000276
FILLER_70_377,VGND,li1,181.7000,201.2800,0.000226
FILLER_70_365,VGND,li1,173.6500,201.2800,0.000237
FILLER_70_363,VGND,li1,172.7300,201.2800,0.000237
FILLER_70_355,VGND,li1,170.6600,201.2800,0.000254
FILLER_70_343,VGND,li1,166.0600,201.2800,0.000297
FILLER_70_331,VGND,li1,160.5400,201.2800,0.000338
FILLER_70_319,VGND,li1,155.0200,201.2800,0.000376
FILLER_70_300,VGND,li1,145.3600,201.2800,0.000450
FILLER_70_273,VGND,li1,132.9400,201.2800,0.000489
FILLER_70_253,VGND,li1,122.8200,201.2800,0.000502
FILLER_70_243,VGND,li1,117.9900,201.2800,0.000503
FILLER_70_231,VGND,li1,113.6200,201.2800,0.000501
FILLER_70_209,VGND,li1,102.1200,201.2800,0.000493
FILLER_70_197,VGND,li1,98.9000,201.2800,0.000488
FILLER_70_195,VGND,li1,95.4500,201.2800,0.000482
FILLER_70_189,VGND,li1,93.8400,201.2800,0.000482
FILLER_70_174,VGND,li1,85.7900,201.2800,0.000465
FILLER_70_170,VGND,li1,83.9500,201.2800,0.000459
FILLER_70_158,VGND,li1,80.9600,201.2800,0.000453
FILLER_70_141,VGND,li1,73.1400,201.2800,0.000427
FILLER_70_138,VGND,li1,69.4600,201.2800,0.000408
FILLER_70_122,VGND,li1,62.5600,201.2800,0.000388
FILLER_70_110,VGND,li1,58.8800,201.2800,0.000374
FILLER_70_101,VGND,li1,52.2100,201.2800,0.000328
FILLER_70_93,VGND,li1,48.9900,201.2800,0.000314
FILLER_70_85,VGND,li1,46.4600,201.2800,0.000295
FILLER_70_76,VGND,li1,42.3200,201.2800,0.000263
FILLER_70_53,VGND,li1,30.3600,201.2800,0.000158
FILLER_70_47,VGND,li1,27.3700,201.2800,0.000127
FILLER_70_41,VGND,li1,25.7600,201.2800,0.000104
FILLER_70_29,VGND,li1,21.6200,201.2800,0.000104
FILLER_70_26,VGND,li1,17.9400,201.2800,0.000104
FILLER_70_18,VGND,li1,15.6400,201.2800,0.000104
FILLER_70_6,VGND,li1,11.0400,201.2800,0.000105
FILLER_69_553,VGND,li1,260.1300,201.2800,0.000561
FILLER_69_541,VGND,li1,257.1400,201.2800,0.000561
FILLER_69_529,VGND,li1,251.6200,201.2800,0.000561
FILLER_69_517,VGND,li1,246.1000,201.2800,0.000561
FILLER_69_505,VGND,li1,240.5800,201.2800,0.000561
FILLER_69_482,VGND,li1,228.6200,201.2800,0.000555
FILLER_69_473,VGND,li1,223.5600,201.2800,0.000547
FILLER_69_461,VGND,li1,220.3400,201.2800,0.000534
FILLER_69_449,VGND,li1,214.8200,201.2800,0.000500
FILLER_69_444,VGND,li1,210.6800,201.2800,0.000480
FILLER_69_433,VGND,li1,205.6200,201.2800,0.000443
FILLER_69_420,VGND,li1,200.1000,201.2800,0.000391
FILLER_69_416,VGND,li1,197.1100,201.2800,0.000374
FILLER_69_408,VGND,li1,195.0400,201.2800,0.000358
FILLER_69_396,VGND,li1,190.4400,201.2800,0.000318
FILLER_69_391,VGND,li1,185.6100,201.2800,0.000276
FILLER_69_365,VGND,li1,174.8000,201.2800,0.000221
FILLER_69_353,VGND,li1,170.6600,201.2800,0.000254
FILLER_69_341,VGND,li1,165.1400,201.2800,0.000297
FILLER_69_337,VGND,li1,160.7700,201.2800,0.000338
FILLER_69_335,VGND,li1,159.8500,201.2800,0.000338
FILLER_69_323,VGND,li1,156.8600,201.2800,0.000361
FILLER_69_311,VGND,li1,151.3400,201.2800,0.000415
FILLER_69_301,VGND,li1,144.6700,201.2800,0.000450
FILLER_69_289,VGND,li1,139.1500,201.2800,0.000474
FILLER_69_281,VGND,li1,136.6200,201.2800,0.000483
FILLER_69_279,VGND,li1,134.0900,201.2800,0.000489
FILLER_69_275,VGND,li1,132.9400,201.2800,0.000489
FILLER_69_263,VGND,li1,129.2600,201.2800,0.000496
FILLER_69_254,VGND,li1,122.8200,201.2800,0.000502
FILLER_69_241,VGND,li1,117.0700,201.2800,0.000503
FILLER_69_237,VGND,li1,114.7700,201.2800,0.000501
FILLER_69_231,VGND,li1,113.1600,201.2800,0.000501
FILLER_69_218,VGND,li1,106.4900,201.2800,0.000498
FILLER_69_210,VGND,li1,103.9600,201.2800,0.000495
FILLER_69_198,VGND,li1,99.3600,201.2800,0.000488
FILLER_69_186,VGND,li1,93.8400,201.2800,0.000482
FILLER_69_178,VGND,li1,87.6300,201.2800,0.000472
FILLER_69_169,VGND,li1,83.7200,201.2800,0.000459
FILLER_69_167,VGND,li1,82.5700,201.2800,0.000453
FILLER_69_161,VGND,li1,80.9600,201.2800,0.000453
FILLER_69_150,VGND,li1,74.7500,201.2800,0.000427
FILLER_69_144,VGND,li1,73.1400,201.2800,0.000427
FILLER_69_132,VGND,li1,69.0000,201.2800,0.000408
FILLER_69_125,VGND,li1,63.4800,201.2800,0.000388
FILLER_69_113,VGND,li1,60.2600,201.2800,0.000374
FILLER_69_111,VGND,li1,56.8100,201.2800,0.000366
FILLER_69_101,VGND,li1,52.6700,201.2800,0.000342
FILLER_69_93,VGND,li1,50.1400,201.2800,0.000314
FILLER_69_81,VGND,li1,45.5400,201.2800,0.000279
FILLER_69_69,VGND,li1,40.0200,201.2800,0.000242
FILLER_69_57,VGND,li1,34.5000,201.2800,0.000199
FILLER_69_54,VGND,li1,30.8200,201.2800,0.000158
FILLER_69_42,VGND,li1,27.6000,201.2800,0.000127
FILLER_69_30,VGND,li1,22.0800,201.2800,0.000104
FILLER_69_18,VGND,li1,16.5600,201.2800,0.000104
FILLER_69_6,VGND,li1,11.0400,201.2800,0.000105
FILLER_68_553,VGND,li1,260.1300,195.8400,0.000483
FILLER_68_545,VGND,li1,258.0600,195.8400,0.000483
FILLER_68_533,VGND,li1,253.4600,195.8400,0.000483
FILLER_68_528,VGND,li1,249.3200,195.8400,0.000483
FILLER_68_516,VGND,li1,245.6400,195.8400,0.000483
FILLER_68_504,VGND,li1,240.1200,195.8400,0.000483
FILLER_68_477,VGND,li1,225.1700,195.8400,0.000466
FILLER_68_468,VGND,li1,221.0300,195.8400,0.000450
FILLER_68_464,VGND,li1,219.8800,195.8400,0.000450
FILLER_68_452,VGND,li1,216.2000,195.8400,0.000432
FILLER_68_444,VGND,li1,209.9900,195.8400,0.000412
FILLER_68_440,VGND,li1,208.8400,195.8400,0.000399
FILLER_68_428,VGND,li1,205.1600,195.8400,0.000387
FILLER_68_417,VGND,li1,198.0300,195.8400,0.000340
FILLER_68_405,VGND,li1,194.5800,195.8400,0.000330
FILLER_68_358,VGND,li1,171.5800,195.8400,0.000245
FILLER_68_317,VGND,li1,151.8000,195.8400,0.000350
FILLER_68_309,VGND,li1,149.5000,195.8400,0.000356
FILLER_68_307,VGND,li1,146.9700,195.8400,0.000358
FILLER_68_285,VGND,li1,137.0800,195.8400,0.000359
FILLER_68_273,VGND,li1,133.8600,195.8400,0.000351
FILLER_68_269,VGND,li1,129.4900,195.8400,0.000342
FILLER_68_265,VGND,li1,128.3400,195.8400,0.000342
FILLER_68_253,VGND,li1,124.6600,195.8400,0.000336
FILLER_68_250,VGND,li1,120.9800,195.8400,0.000329
FILLER_68_244,VGND,li1,117.9900,195.8400,0.000323
FILLER_68_233,VGND,li1,113.6200,195.8400,0.000313
FILLER_68_221,VGND,li1,109.9400,195.8400,0.000303
FILLER_68_209,VGND,li1,104.4200,195.8400,0.000288
FILLER_68_197,VGND,li1,98.9000,195.8400,0.000275
FILLER_68_195,VGND,li1,95.4500,195.8400,0.000262
FILLER_68_189,VGND,li1,93.8400,195.8400,0.000262
FILLER_68_177,VGND,li1,89.7000,195.8400,0.000251
FILLER_68_173,VGND,li1,85.3300,195.8400,0.000240
FILLER_68_165,VGND,li1,83.2600,195.8400,0.000234
FILLER_68_153,VGND,li1,78.6600,195.8400,0.000222
FILLER_68_141,VGND,li1,73.1400,195.8400,0.000208
FILLER_68_138,VGND,li1,69.4600,195.8400,0.000195
FILLER_68_126,VGND,li1,66.2400,195.8400,0.000190
FILLER_68_114,VGND,li1,60.7200,195.8400,0.000171
FILLER_68_102,VGND,li1,55.2000,195.8400,0.000156
FILLER_68_93,VGND,li1,48.9900,195.8400,0.000141
FILLER_68_85,VGND,li1,46.4600,195.8400,0.000133
FILLER_68_83,VGND,li1,43.9300,195.8400,0.000125
FILLER_68_75,VGND,li1,41.8600,195.8400,0.000118
FILLER_68_63,VGND,li1,37.2600,195.8400,0.000102
FILLER_68_51,VGND,li1,31.7400,195.8400,0.000074
FILLER_68_39,VGND,li1,26.2200,195.8400,0.000050
FILLER_68_20,VGND,li1,16.5600,195.8400,0.000055
FILLER_68_6,VGND,li1,9.6600,195.8400,0.000057
FILLER_67_553,VGND,li1,260.1300,195.8400,0.000483
FILLER_67_541,VGND,li1,257.1400,195.8400,0.000483
FILLER_67_529,VGND,li1,251.6200,195.8400,0.000483
FILLER_67_517,VGND,li1,246.1000,195.8400,0.000483
FILLER_67_505,VGND,li1,240.5800,195.8400,0.000483
FILLER_67_503,VGND,li1,237.1300,195.8400,0.000483
FILLER_67_473,VGND,li1,223.3300,195.8400,0.000460
FILLER_67_461,VGND,li1,220.3400,195.8400,0.000450
FILLER_67_449,VGND,li1,214.8200,195.8400,0.000432
FILLER_67_445,VGND,li1,210.9100,195.8400,0.000412
FILLER_67_433,VGND,li1,207.4600,195.8400,0.000399
FILLER_67_421,VGND,li1,201.9400,195.8400,0.000364
FILLER_67_409,VGND,li1,196.4200,195.8400,0.000340
FILLER_67_401,VGND,li1,190.2100,195.8400,0.000306
FILLER_67_391,VGND,li1,185.6100,195.8400,0.000277
FILLER_67_305,VGND,li1,146.7400,195.8400,0.000358
FILLER_67_294,VGND,li1,141.4500,195.8400,0.000361
FILLER_67_272,VGND,li1,132.4800,195.8400,0.000351
FILLER_67_260,VGND,li1,127.8800,195.8400,0.000342
FILLER_67_248,VGND,li1,122.3600,195.8400,0.000329
FILLER_67_243,VGND,li1,117.5300,195.8400,0.000318
FILLER_67_237,VGND,li1,115.9200,195.8400,0.000318
FILLER_67_225,VGND,li1,111.7800,195.8400,0.000308
FILLER_67_220,VGND,li1,107.6400,195.8400,0.000297
FILLER_67_208,VGND,li1,103.9600,195.8400,0.000288
FILLER_67_193,VGND,li1,97.0600,195.8400,0.000267
FILLER_67_181,VGND,li1,91.5400,195.8400,0.000256
FILLER_67_169,VGND,li1,86.0200,195.8400,0.000240
FILLER_67_167,VGND,li1,82.5700,195.8400,0.000229
FILLER_67_161,VGND,li1,80.9600,195.8400,0.000229
FILLER_67_150,VGND,li1,75.9000,195.8400,0.000216
FILLER_67_138,VGND,li1,71.7600,195.8400,0.000200
FILLER_67_113,VGND,li1,59.3400,195.8400,0.000171
FILLER_67_108,VGND,li1,56.1200,195.8400,0.000162
FILLER_67_88,VGND,li1,47.3800,195.8400,0.000133
FILLER_67_76,VGND,li1,43.2400,195.8400,0.000118
FILLER_67_69,VGND,li1,37.4900,195.8400,0.000102
FILLER_67_57,VGND,li1,34.5000,195.8400,0.000090
FILLER_67_54,VGND,li1,30.8200,195.8400,0.000074
FILLER_67_46,VGND,li1,28.5200,195.8400,0.000064
FILLER_67_26,VGND,li1,17.9400,195.8400,0.000054
FILLER_66_553,VGND,li1,260.1300,190.4000,0.000752
FILLER_66_545,VGND,li1,258.0600,190.4000,0.000752
FILLER_66_533,VGND,li1,253.4600,190.4000,0.000752
FILLER_66_530,VGND,li1,249.7800,190.4000,0.000752
FILLER_66_522,VGND,li1,247.4800,190.4000,0.000752
FILLER_66_510,VGND,li1,242.8800,190.4000,0.000752
FILLER_66_498,VGND,li1,237.3600,190.4000,0.000750
FILLER_66_486,VGND,li1,231.8400,190.4000,0.000748
FILLER_66_477,VGND,li1,225.4000,190.4000,0.000730
FILLER_66_469,VGND,li1,221.4900,190.4000,0.000698
FILLER_66_465,VGND,li1,220.3400,190.4000,0.000698
FILLER_66_453,VGND,li1,216.6600,190.4000,0.000673
FILLER_66_441,VGND,li1,211.1400,190.4000,0.000620
FILLER_66_429,VGND,li1,205.6200,190.4000,0.000590
FILLER_66_419,VGND,li1,198.4900,190.4000,0.000516
FILLER_66_415,VGND,li1,197.3400,190.4000,0.000516
FILLER_66_365,VGND,li1,175.2600,190.4000,0.000294
FILLER_66_350,VGND,li1,167.2100,190.4000,0.000373
FILLER_66_340,VGND,li1,162.6100,190.4000,0.000411
FILLER_66_312,VGND,li1,150.8800,190.4000,0.000457
FILLER_66_273,VGND,li1,133.8600,190.4000,0.000502
FILLER_66_265,VGND,li1,127.6500,190.4000,0.000506
FILLER_66_253,VGND,li1,124.6600,190.4000,0.000506
FILLER_66_236,VGND,li1,115.4600,190.4000,0.000503
FILLER_66_212,VGND,li1,103.9600,190.4000,0.000492
FILLER_66_200,VGND,li1,100.2800,190.4000,0.000487
FILLER_66_195,VGND,li1,95.4500,190.4000,0.000481
FILLER_66_187,VGND,li1,93.3800,190.4000,0.000478
FILLER_66_169,VGND,li1,86.0200,190.4000,0.000461
FILLER_66_141,VGND,li1,71.3000,190.4000,0.000427
FILLER_66_115,VGND,li1,58.6500,190.4000,0.000393
FILLER_66_89,VGND,li1,46.6900,190.4000,0.000359
FILLER_66_85,VGND,li1,45.5400,190.4000,0.000352
FILLER_66_76,VGND,li1,42.3200,190.4000,0.000344
FILLER_66_54,VGND,li1,31.0500,190.4000,0.000256
FILLER_66_38,VGND,li1,23.4600,190.4000,0.000152
FILLER_66_27,VGND,li1,18.1700,190.4000,0.000154
FILLER_66_21,VGND,li1,16.5600,190.4000,0.000154
FILLER_66_13,VGND,li1,11.7300,190.4000,0.000155
FILLER_66_6,VGND,li1,8.7400,190.4000,0.000155
FILLER_65_552,VGND,li1,259.9000,190.4000,0.000752
FILLER_65_540,VGND,li1,256.6800,190.4000,0.000752
FILLER_65_528,VGND,li1,251.1600,190.4000,0.000752
FILLER_65_516,VGND,li1,245.6400,190.4000,0.000752
FILLER_65_502,VGND,li1,236.9000,190.4000,0.000750
FILLER_65_461,VGND,li1,218.0400,190.4000,0.000673
FILLER_65_393,VGND,li1,187.6800,190.4000,0.000384
FILLER_65_391,VGND,li1,185.6100,190.4000,0.000347
FILLER_65_387,VGND,li1,184.4600,190.4000,0.000347
FILLER_65_375,VGND,li1,180.7800,190.4000,0.000293
FILLER_65_363,VGND,li1,175.2600,190.4000,0.000294
FILLER_65_351,VGND,li1,169.7400,190.4000,0.000349
FILLER_65_334,VGND,li1,159.6200,190.4000,0.000424
FILLER_65_325,VGND,li1,155.2500,190.4000,0.000441
FILLER_65_313,VGND,li1,152.2600,190.4000,0.000457
FILLER_65_301,VGND,li1,146.7400,190.4000,0.000473
FILLER_65_274,VGND,li1,132.9400,190.4000,0.000502
FILLER_65_262,VGND,li1,128.8000,190.4000,0.000506
FILLER_65_254,VGND,li1,122.8200,190.4000,0.000506
FILLER_65_242,VGND,li1,119.6000,190.4000,0.000505
FILLER_65_235,VGND,li1,113.8500,190.4000,0.000501
FILLER_65_229,VGND,li1,112.2400,190.4000,0.000501
FILLER_65_225,VGND,li1,109.2500,190.4000,0.000497
FILLER_65_220,VGND,li1,107.6400,190.4000,0.000497
FILLER_65_208,VGND,li1,103.9600,190.4000,0.000492
FILLER_65_181,VGND,li1,89.0100,190.4000,0.000469
FILLER_65_173,VGND,li1,85.3300,190.4000,0.000461
FILLER_65_169,VGND,li1,84.1800,190.4000,0.000456
FILLER_65_143,VGND,li1,71.9900,190.4000,0.000431
FILLER_65_131,VGND,li1,66.2400,190.4000,0.000416
FILLER_65_121,VGND,li1,61.8700,190.4000,0.000404
FILLER_65_113,VGND,li1,59.3400,190.4000,0.000393
FILLER_65_111,VGND,li1,56.8100,190.4000,0.000387
FILLER_65_93,VGND,li1,50.1400,190.4000,0.000365
FILLER_65_81,VGND,li1,45.5400,190.4000,0.000352
FILLER_65_44,VGND,li1,28.5200,190.4000,0.000223
FILLER_65_38,VGND,li1,23.4600,190.4000,0.000152
FILLER_65_30,VGND,li1,21.1600,190.4000,0.000153
FILLER_65_18,VGND,li1,16.5600,190.4000,0.000154
FILLER_65_6,VGND,li1,11.0400,190.4000,0.000155
FILLER_64_553,VGND,li1,260.1300,184.9600,0.000770
FILLER_64_545,VGND,li1,258.0600,184.9600,0.000770
FILLER_64_533,VGND,li1,253.4600,184.9600,0.000769
FILLER_64_524,VGND,li1,248.4000,184.9600,0.000767
FILLER_64_473,VGND,li1,223.7900,184.9600,0.000704
FILLER_64_421,VGND,li1,201.9400,184.9600,0.000497
FILLER_64_416,VGND,li1,197.8000,184.9600,0.000446
FILLER_64_408,VGND,li1,193.6600,184.9600,0.000394
FILLER_64_396,VGND,li1,190.4400,184.9600,0.000354
FILLER_64_384,VGND,li1,184.9200,184.9600,0.000275
FILLER_64_377,VGND,li1,179.1700,184.9600,0.000196
FILLER_64_365,VGND,li1,176.1800,184.9600,0.000214
FILLER_64_363,VGND,li1,172.7300,184.9600,0.000233
FILLER_64_359,VGND,li1,171.5800,184.9600,0.000249
FILLER_64_352,VGND,li1,167.6700,184.9600,0.000262
FILLER_64_343,VGND,li1,163.5300,184.9600,0.000289
FILLER_64_331,VGND,li1,160.5400,184.9600,0.000302
FILLER_64_319,VGND,li1,155.0200,184.9600,0.000324
FILLER_64_309,VGND,li1,148.3500,184.9600,0.000351
FILLER_64_307,VGND,li1,146.9700,184.9600,0.000351
FILLER_64_299,VGND,li1,144.9000,184.9600,0.000357
FILLER_64_291,VGND,li1,140.0700,184.9600,0.000369
FILLER_64_282,VGND,li1,135.4700,184.9600,0.000375
FILLER_64_276,VGND,li1,133.8600,184.9600,0.000377
FILLER_64_251,VGND,li1,121.2100,184.9600,0.000384
FILLER_64_245,VGND,li1,119.6000,184.9600,0.000383
FILLER_64_221,VGND,li1,108.1000,184.9600,0.000372
FILLER_64_209,VGND,li1,104.4200,184.9600,0.000368
FILLER_64_197,VGND,li1,98.9000,184.9600,0.000361
FILLER_64_193,VGND,li1,94.9900,184.9600,0.000354
FILLER_64_171,VGND,li1,86.0200,184.9600,0.000343
FILLER_64_153,VGND,li1,77.7400,184.9600,0.000330
FILLER_64_141,VGND,li1,73.1400,184.9600,0.000322
FILLER_64_132,VGND,li1,68.0800,184.9600,0.000314
FILLER_64_120,VGND,li1,63.4800,184.9600,0.000303
FILLER_64_108,VGND,li1,57.9600,184.9600,0.000295
FILLER_64_89,VGND,li1,46.6900,184.9600,0.000270
FILLER_64_85,VGND,li1,45.5400,184.9600,0.000264
FILLER_64_83,VGND,li1,43.9300,184.9600,0.000259
FILLER_64_66,VGND,li1,36.3400,184.9600,0.000222
FILLER_64_58,VGND,li1,34.0400,184.9600,0.000203
FILLER_64_41,VGND,li1,26.2200,184.9600,0.000130
FILLER_64_29,VGND,li1,21.6200,184.9600,0.000103
FILLER_64_27,VGND,li1,18.1700,184.9600,0.000105
FILLER_64_15,VGND,li1,15.1800,184.9600,0.000106
FILLER_64_9,VGND,li1,10.1200,184.9600,0.000107
FILLER_63_547,VGND,li1,257.8300,184.9600,0.000770
FILLER_63_535,VGND,li1,254.3800,184.9600,0.000769
FILLER_63_523,VGND,li1,248.8600,184.9600,0.000767
FILLER_63_511,VGND,li1,243.3400,184.9600,0.000766
FILLER_63_460,VGND,li1,217.3500,184.9600,0.000655
FILLER_63_435,VGND,li1,206.3100,184.9600,0.000552
FILLER_63_427,VGND,li1,203.7800,184.9600,0.000520
FILLER_63_415,VGND,li1,199.1800,184.9600,0.000446
FILLER_63_409,VGND,li1,194.1200,184.9600,0.000394
FILLER_63_393,VGND,li1,188.1400,184.9600,0.000324
FILLER_63_391,VGND,li1,185.6100,184.9600,0.000275
FILLER_63_387,VGND,li1,184.4600,184.9600,0.000275
FILLER_63_378,VGND,li1,179.6300,184.9600,0.000196
FILLER_63_374,VGND,li1,178.4800,184.9600,0.000196
FILLER_63_365,VGND,li1,173.6500,184.9600,0.000233
FILLER_63_361,VGND,li1,172.5000,184.9600,0.000233
FILLER_63_334,VGND,li1,159.6200,184.9600,0.000302
FILLER_63_301,VGND,li1,144.4400,184.9600,0.000357
FILLER_63_293,VGND,li1,142.1400,184.9600,0.000364
FILLER_63_281,VGND,li1,137.5400,184.9600,0.000372
FILLER_63_278,VGND,li1,133.8600,184.9600,0.000377
FILLER_63_272,VGND,li1,131.3300,184.9600,0.000380
FILLER_63_264,VGND,li1,128.8000,184.9600,0.000382
FILLER_63_238,VGND,li1,116.3800,184.9600,0.000381
FILLER_63_233,VGND,li1,113.1600,184.9600,0.000379
FILLER_63_225,VGND,li1,110.8600,184.9600,0.000376
FILLER_63_210,VGND,li1,102.3500,184.9600,0.000364
FILLER_63_206,VGND,li1,101.2000,184.9600,0.000364
FILLER_63_194,VGND,li1,97.5200,184.9600,0.000357
FILLER_63_187,VGND,li1,91.7700,184.9600,0.000351
FILLER_63_181,VGND,li1,89.0100,184.9600,0.000347
FILLER_63_169,VGND,li1,86.0200,184.9600,0.000343
FILLER_63_167,VGND,li1,82.5700,184.9600,0.000337
FILLER_63_155,VGND,li1,79.5800,184.9600,0.000333
FILLER_63_143,VGND,li1,74.0600,184.9600,0.000322
FILLER_63_113,VGND,li1,59.3400,184.9600,0.000295
FILLER_63_111,VGND,li1,56.8100,184.9600,0.000291
FILLER_63_98,VGND,li1,51.2900,184.9600,0.000281
FILLER_63_86,VGND,li1,47.8400,184.9600,0.000270
FILLER_63_74,VGND,li1,42.3200,184.9600,0.000259
FILLER_63_67,VGND,li1,37.2600,184.9600,0.000222
FILLER_63_54,VGND,li1,30.8200,184.9600,0.000159
FILLER_63_33,VGND,li1,23.4600,184.9600,0.000103
FILLER_63_21,VGND,li1,17.9400,184.9600,0.000105
FILLER_63_3,VGND,li1,7.1300,184.9600,0.000107
FILLER_62_545,VGND,li1,256.4500,179.5200,0.000361
FILLER_62_533,VGND,li1,253.4600,179.5200,0.000360
FILLER_62_526,VGND,li1,248.8600,179.5200,0.000358
FILLER_62_514,VGND,li1,244.7200,179.5200,0.000356
FILLER_62_502,VGND,li1,239.2000,179.5200,0.000353
FILLER_62_498,VGND,li1,234.8300,179.5200,0.000350
FILLER_62_492,VGND,li1,233.2200,179.5200,0.000350
FILLER_62_470,VGND,li1,223.1000,179.5200,0.000341
FILLER_62_458,VGND,li1,218.9600,179.5200,0.000336
FILLER_62_446,VGND,li1,213.4400,179.5200,0.000325
FILLER_62_436,VGND,li1,206.7700,179.5200,0.000316
FILLER_62_421,VGND,li1,199.4100,179.5200,0.000287
FILLER_62_417,VGND,li1,198.0300,179.5200,0.000287
FILLER_62_404,VGND,li1,192.2800,179.5200,0.000258
FILLER_62_394,VGND,li1,187.4500,179.5200,0.000229
FILLER_62_362,VGND,li1,172.5000,179.5200,0.000220
FILLER_62_297,VGND,li1,143.0600,179.5200,0.000377
FILLER_62_285,VGND,li1,139.3800,179.5200,0.000384
FILLER_62_281,VGND,li1,135.0100,179.5200,0.000393
FILLER_62_261,VGND,li1,127.4200,179.5200,0.000404
FILLER_62_248,VGND,li1,120.5200,179.5200,0.000410
FILLER_62_231,VGND,li1,113.1600,179.5200,0.000406
FILLER_62_209,VGND,li1,102.5800,179.5200,0.000380
FILLER_62_201,VGND,li1,98.2100,179.5200,0.000368
FILLER_62_197,VGND,li1,97.0600,179.5200,0.000360
FILLER_62_195,VGND,li1,95.4500,179.5200,0.000360
FILLER_62_187,VGND,li1,93.3800,179.5200,0.000354
FILLER_62_168,VGND,li1,83.2600,179.5200,0.000324
FILLER_62_150,VGND,li1,75.4400,179.5200,0.000300
FILLER_62_134,VGND,li1,68.5400,179.5200,0.000275
FILLER_62_124,VGND,li1,62.7900,179.5200,0.000256
FILLER_62_109,VGND,li1,57.5000,179.5200,0.000231
FILLER_62_97,VGND,li1,52.9000,179.5200,0.000213
FILLER_62_85,VGND,li1,47.3800,179.5200,0.000194
FILLER_62_81,VGND,li1,43.4700,179.5200,0.000176
FILLER_62_69,VGND,li1,40.0200,179.5200,0.000157
FILLER_62_57,VGND,li1,34.5000,179.5200,0.000135
FILLER_62_41,VGND,li1,26.2200,179.5200,0.000083
FILLER_62_22,VGND,li1,15.8700,179.5200,0.000095
FILLER_62_3,VGND,li1,7.1300,179.5200,0.000097
FILLER_61_548,VGND,li1,258.0600,179.5200,0.000362
FILLER_61_529,VGND,li1,250.7000,179.5200,0.000359
FILLER_61_517,VGND,li1,246.1000,179.5200,0.000356
FILLER_61_505,VGND,li1,240.5800,179.5200,0.000353
FILLER_61_503,VGND,li1,237.1300,179.5200,0.000352
FILLER_61_495,VGND,li1,235.0600,179.5200,0.000351
FILLER_61_483,VGND,li1,230.4600,179.5200,0.000349
FILLER_61_471,VGND,li1,224.9400,179.5200,0.000343
FILLER_61_459,VGND,li1,219.4200,179.5200,0.000336
FILLER_61_444,VGND,li1,210.6800,179.5200,0.000321
FILLER_61_390,VGND,li1,185.3800,179.5200,0.000215
FILLER_61_358,VGND,li1,171.1200,179.5200,0.000235
FILLER_61_337,VGND,li1,160.7700,179.5200,0.000306
FILLER_61_324,VGND,li1,157.3200,179.5200,0.000323
FILLER_61_303,VGND,li1,145.1300,179.5200,0.000373
FILLER_61_293,VGND,li1,141.2200,179.5200,0.000381
FILLER_61_281,VGND,li1,137.5400,179.5200,0.000388
FILLER_61_279,VGND,li1,134.0900,179.5200,0.000397
FILLER_61_275,VGND,li1,132.9400,179.5200,0.000397
FILLER_61_256,VGND,li1,126.0400,179.5200,0.000407
FILLER_61_244,VGND,li1,120.5200,179.5200,0.000410
FILLER_61_235,VGND,li1,114.0800,179.5200,0.000406
FILLER_61_221,VGND,li1,107.8700,179.5200,0.000394
FILLER_61_209,VGND,li1,104.4200,179.5200,0.000385
FILLER_61_198,VGND,li1,98.4400,179.5200,0.000368
FILLER_61_186,VGND,li1,93.8400,179.5200,0.000354
FILLER_61_181,VGND,li1,89.2400,179.5200,0.000341
FILLER_61_169,VGND,li1,86.0200,179.5200,0.000332
FILLER_61_165,VGND,li1,82.1100,179.5200,0.000316
FILLER_61_160,VGND,li1,79.3500,179.5200,0.000307
FILLER_61_154,VGND,li1,77.7400,179.5200,0.000307
FILLER_61_144,VGND,li1,71.9900,179.5200,0.000289
FILLER_61_135,VGND,li1,68.0800,179.5200,0.000275
FILLER_61_123,VGND,li1,64.8600,179.5200,0.000264
FILLER_61_113,VGND,li1,58.8800,179.5200,0.000242
FILLER_61_99,VGND,li1,51.7500,179.5200,0.000213
FILLER_61_91,VGND,li1,49.2200,179.5200,0.000202
FILLER_61_79,VGND,li1,44.6200,179.5200,0.000176
FILLER_61_67,VGND,li1,39.1000,179.5200,0.000157
FILLER_61_47,VGND,li1,27.6000,179.5200,0.000099
FILLER_61_39,VGND,li1,25.3000,179.5200,0.000083
FILLER_61_26,VGND,li1,18.1700,179.5200,0.000093
FILLER_61_3,VGND,li1,7.3600,179.5200,0.000097
FILLER_60_553,VGND,li1,260.1300,174.0800,0.000813
FILLER_60_529,VGND,li1,249.5500,174.0800,0.000808
FILLER_60_521,VGND,li1,247.0200,174.0800,0.000805
FILLER_60_509,VGND,li1,242.4200,174.0800,0.000798
FILLER_60_497,VGND,li1,236.9000,174.0800,0.000790
FILLER_60_485,VGND,li1,231.3800,174.0800,0.000782
FILLER_60_462,VGND,li1,218.9600,174.0800,0.000740
FILLER_60_445,VGND,li1,210.4500,174.0800,0.000688
FILLER_60_418,VGND,li1,198.2600,174.0800,0.000552
FILLER_60_412,VGND,li1,195.7300,174.0800,0.000527
FILLER_60_362,VGND,li1,172.5000,174.0800,0.000250
FILLER_60_350,VGND,li1,169.2800,174.0800,0.000255
FILLER_60_344,VGND,li1,164.4500,174.0800,0.000270
FILLER_60_333,VGND,li1,158.9300,174.0800,0.000286
FILLER_60_329,VGND,li1,157.7800,174.0800,0.000292
FILLER_60_317,VGND,li1,154.1000,174.0800,0.000304
FILLER_60_277,VGND,li1,134.7800,174.0800,0.000348
FILLER_60_265,VGND,li1,130.1800,174.0800,0.000356
FILLER_60_253,VGND,li1,124.6600,174.0800,0.000367
FILLER_60_249,VGND,li1,120.7500,174.0800,0.000372
FILLER_60_241,VGND,li1,118.2200,174.0800,0.000376
FILLER_60_229,VGND,li1,113.6200,174.0800,0.000382
FILLER_60_217,VGND,li1,108.1000,174.0800,0.000389
FILLER_60_205,VGND,li1,100.0500,174.0800,0.000393
FILLER_60_197,VGND,li1,97.9800,174.0800,0.000393
FILLER_60_195,VGND,li1,95.4500,174.0800,0.000393
FILLER_60_167,VGND,li1,83.7200,174.0800,0.000379
FILLER_60_155,VGND,li1,79.5800,174.0800,0.000369
FILLER_60_136,VGND,li1,68.3100,174.0800,0.000339
FILLER_60_132,VGND,li1,67.1600,174.0800,0.000330
FILLER_60_120,VGND,li1,63.4800,174.0800,0.000322
FILLER_60_103,VGND,li1,53.5900,174.0800,0.000283
FILLER_60_89,VGND,li1,46.6900,174.0800,0.000243
FILLER_60_85,VGND,li1,45.5400,174.0800,0.000243
FILLER_60_82,VGND,li1,43.7000,174.0800,0.000228
FILLER_60_70,VGND,li1,40.4800,174.0800,0.000208
FILLER_60_46,VGND,li1,28.0600,174.0800,0.000123
FILLER_60_34,VGND,li1,23.9200,174.0800,0.000091
FILLER_60_26,VGND,li1,17.9400,174.0800,0.000093
FILLER_60_10,VGND,li1,10.3500,174.0800,0.000095
FILLER_60_6,VGND,li1,9.2000,174.0800,0.000095
FILLER_59_519,VGND,li1,244.9500,174.0800,0.000802
FILLER_59_511,VGND,li1,242.4200,174.0800,0.000798
FILLER_59_502,VGND,li1,236.9000,174.0800,0.000790
FILLER_59_461,VGND,li1,217.8100,174.0800,0.000725
FILLER_59_412,VGND,li1,197.8000,174.0800,0.000552
FILLER_59_400,VGND,li1,192.2800,174.0800,0.000486
FILLER_59_393,VGND,li1,186.5300,174.0800,0.000389
FILLER_59_389,VGND,li1,185.1500,174.0800,0.000355
FILLER_59_381,VGND,li1,182.6200,174.0800,0.000316
FILLER_59_370,VGND,li1,176.4100,174.0800,0.000238
FILLER_59_366,VGND,li1,174.1100,174.0800,0.000243
FILLER_59_354,VGND,li1,171.1200,174.0800,0.000250
FILLER_59_332,VGND,li1,158.4700,174.0800,0.000292
FILLER_59_326,VGND,li1,156.8600,174.0800,0.000292
FILLER_59_314,VGND,li1,152.7200,174.0800,0.000304
FILLER_59_302,VGND,li1,147.2000,174.0800,0.000321
FILLER_59_291,VGND,li1,139.8400,174.0800,0.000341
FILLER_59_273,VGND,li1,131.3300,174.0800,0.000356
FILLER_59_269,VGND,li1,130.1800,174.0800,0.000356
FILLER_59_248,VGND,li1,120.0600,174.0800,0.000372
FILLER_59_240,VGND,li1,117.7600,174.0800,0.000376
FILLER_59_225,VGND,li1,109.4800,174.0800,0.000387
FILLER_59_204,VGND,li1,99.8200,174.0800,0.000393
FILLER_59_196,VGND,li1,97.5200,174.0800,0.000393
FILLER_59_191,VGND,li1,93.6100,174.0800,0.000391
FILLER_59_181,VGND,li1,89.0100,174.0800,0.000385
FILLER_59_177,VGND,li1,87.8600,174.0800,0.000385
FILLER_59_160,VGND,li1,79.5800,174.0800,0.000369
FILLER_59_148,VGND,li1,76.3600,174.0800,0.000358
FILLER_59_125,VGND,li1,65.7800,174.0800,0.000330
FILLER_59_113,VGND,li1,60.2600,174.0800,0.000307
FILLER_59_111,VGND,li1,56.8100,174.0800,0.000295
FILLER_59_99,VGND,li1,53.8200,174.0800,0.000283
FILLER_59_87,VGND,li1,48.3000,174.0800,0.000258
FILLER_59_75,VGND,li1,42.7800,174.0800,0.000228
FILLER_59_54,VGND,li1,30.8200,174.0800,0.000151
FILLER_59_42,VGND,li1,27.6000,174.0800,0.000123
FILLER_59_30,VGND,li1,22.0800,174.0800,0.000092
FILLER_59_18,VGND,li1,16.5600,174.0800,0.000094
FILLER_59_6,VGND,li1,11.0400,174.0800,0.000095
FILLER_58_488,VGND,li1,230.9200,168.6400,0.000576
FILLER_58_474,VGND,li1,224.0200,168.6400,0.000545
FILLER_58_457,VGND,li1,217.5800,168.6400,0.000504
FILLER_58_433,VGND,li1,205.6200,168.6400,0.000407
FILLER_58_421,VGND,li1,201.9400,168.6400,0.000387
FILLER_58_408,VGND,li1,195.9600,168.6400,0.000338
FILLER_58_401,VGND,li1,190.9000,168.6400,0.000296
FILLER_58_389,VGND,li1,185.3800,168.6400,0.000242
FILLER_58_377,VGND,li1,181.7000,168.6400,0.000195
FILLER_58_365,VGND,li1,175.2600,168.6400,0.000195
FILLER_58_362,VGND,li1,172.5000,168.6400,0.000211
FILLER_58_354,VGND,li1,170.2000,168.6400,0.000223
FILLER_58_342,VGND,li1,165.6000,168.6400,0.000254
FILLER_58_321,VGND,li1,153.4100,168.6400,0.000330
FILLER_58_309,VGND,li1,150.4200,168.6400,0.000347
FILLER_58_305,VGND,li1,146.5100,168.6400,0.000368
FILLER_58_283,VGND,li1,135.9300,168.6400,0.000420
FILLER_58_262,VGND,li1,126.2700,168.6400,0.000447
FILLER_58_248,VGND,li1,119.8300,168.6400,0.000460
FILLER_58_242,VGND,li1,118.2200,168.6400,0.000460
FILLER_58_230,VGND,li1,114.0800,168.6400,0.000465
FILLER_58_226,VGND,li1,109.7100,168.6400,0.000471
FILLER_58_220,VGND,li1,108.1000,168.6400,0.000472
FILLER_58_214,VGND,li1,104.1900,168.6400,0.000473
FILLER_58_202,VGND,li1,101.2000,168.6400,0.000473
FILLER_58_193,VGND,li1,94.9900,168.6400,0.000472
FILLER_58_179,VGND,li1,89.7000,168.6400,0.000467
FILLER_58_169,VGND,li1,83.4900,168.6400,0.000450
FILLER_58_165,VGND,li1,82.3400,168.6400,0.000450
FILLER_58_153,VGND,li1,78.6600,168.6400,0.000435
FILLER_58_141,VGND,li1,73.1400,168.6400,0.000423
FILLER_58_132,VGND,li1,68.0800,168.6400,0.000407
FILLER_58_120,VGND,li1,63.4800,168.6400,0.000388
FILLER_58_110,VGND,li1,56.8100,168.6400,0.000367
FILLER_58_85,VGND,li1,45.0800,168.6400,0.000287
FILLER_58_69,VGND,li1,40.0200,168.6400,0.000261
FILLER_58_62,VGND,li1,34.2700,168.6400,0.000200
FILLER_58_49,VGND,li1,28.7500,168.6400,0.000154
FILLER_58_41,VGND,li1,26.2200,168.6400,0.000136
FILLER_58_29,VGND,li1,21.6200,168.6400,0.000108
FILLER_58_27,VGND,li1,18.1700,168.6400,0.000110
FILLER_58_15,VGND,li1,15.1800,168.6400,0.000112
FILLER_58_3,VGND,li1,9.6600,168.6400,0.000113
FILLER_57_533,VGND,li1,250.9300,168.6400,0.000633
FILLER_57_527,VGND,li1,249.3200,168.6400,0.000633
FILLER_57_515,VGND,li1,245.1800,168.6400,0.000629
FILLER_57_505,VGND,li1,238.0500,168.6400,0.000615
FILLER_57_474,VGND,li1,225.4000,168.6400,0.000545
FILLER_57_461,VGND,li1,218.9600,168.6400,0.000504
FILLER_57_449,VGND,li1,214.8200,168.6400,0.000485
FILLER_57_446,VGND,li1,211.1400,168.6400,0.000460
FILLER_57_437,VGND,li1,207.2300,168.6400,0.000429
FILLER_57_431,VGND,li1,204.4700,168.6400,0.000407
FILLER_57_423,VGND,li1,201.9400,168.6400,0.000387
FILLER_57_393,VGND,li1,186.5300,168.6400,0.000242
FILLER_57_390,VGND,li1,185.3800,168.6400,0.000242
FILLER_57_382,VGND,li1,183.0800,168.6400,0.000220
FILLER_57_366,VGND,li1,174.3400,168.6400,0.000195
FILLER_57_358,VGND,li1,172.0400,168.6400,0.000211
FILLER_57_346,VGND,li1,167.4400,168.6400,0.000242
FILLER_57_328,VGND,li1,156.6300,168.6400,0.000313
FILLER_57_322,VGND,li1,155.0200,168.6400,0.000330
FILLER_57_310,VGND,li1,150.8800,168.6400,0.000347
FILLER_57_300,VGND,li1,144.4400,168.6400,0.000389
FILLER_57_288,VGND,li1,138.2300,168.6400,0.000412
FILLER_57_267,VGND,li1,128.5700,168.6400,0.000442
FILLER_57_261,VGND,li1,126.9600,168.6400,0.000447
FILLER_57_237,VGND,li1,115.4600,168.6400,0.000465
FILLER_57_225,VGND,li1,111.7800,168.6400,0.000469
FILLER_57_216,VGND,li1,105.1100,168.6400,0.000473
FILLER_57_204,VGND,li1,102.1200,168.6400,0.000473
FILLER_57_192,VGND,li1,94.0700,168.6400,0.000472
FILLER_57_184,VGND,li1,92.0000,168.6400,0.000470
FILLER_57_165,VGND,li1,82.1100,168.6400,0.000450
FILLER_57_157,VGND,li1,79.5800,168.6400,0.000442
FILLER_57_147,VGND,li1,73.3700,168.6400,0.000423
FILLER_57_135,VGND,li1,70.3800,168.6400,0.000414
FILLER_57_128,VGND,li1,64.8600,168.6400,0.000397
FILLER_57_110,VGND,li1,56.5800,168.6400,0.000367
FILLER_57_102,VGND,li1,52.6700,168.6400,0.000343
FILLER_57_98,VGND,li1,51.5200,168.6400,0.000343
FILLER_57_89,VGND,li1,47.1500,168.6400,0.000309
FILLER_57_81,VGND,li1,44.6200,168.6400,0.000287
FILLER_57_69,VGND,li1,40.0200,168.6400,0.000261
FILLER_57_57,VGND,li1,32.6600,168.6400,0.000200
FILLER_57_53,VGND,li1,30.5900,168.6400,0.000180
FILLER_57_45,VGND,li1,28.0600,168.6400,0.000154
FILLER_57_33,VGND,li1,23.4600,168.6400,0.000107
FILLER_57_21,VGND,li1,17.9400,168.6400,0.000110
FILLER_57_7,VGND,li1,8.9700,168.6400,0.000113
FILLER_56_536,VGND,li1,252.5400,163.2000,0.000759
FILLER_56_500,VGND,li1,238.2800,163.2000,0.000719
FILLER_56_485,VGND,li1,229.0800,163.2000,0.000681
FILLER_56_477,VGND,li1,226.7800,163.2000,0.000669
FILLER_56_473,VGND,li1,223.7900,163.2000,0.000654
FILLER_56_465,VGND,li1,221.2600,163.2000,0.000641
FILLER_56_453,VGND,li1,216.6600,163.2000,0.000612
FILLER_56_444,VGND,li1,209.9900,163.2000,0.000573
FILLER_56_432,VGND,li1,207.0000,163.2000,0.000559
FILLER_56_428,VGND,li1,202.6300,163.2000,0.000529
FILLER_56_421,VGND,li1,199.4100,163.2000,0.000505
FILLER_56_419,VGND,li1,198.4900,163.2000,0.000481
FILLER_56_415,VGND,li1,197.3400,163.2000,0.000481
FILLER_56_348,VGND,li1,167.4400,163.2000,0.000332
FILLER_56_318,VGND,li1,152.7200,163.2000,0.000443
FILLER_56_305,VGND,li1,146.5100,163.2000,0.000473
FILLER_56_290,VGND,li1,140.7600,163.2000,0.000506
FILLER_56_269,VGND,li1,129.4900,163.2000,0.000527
FILLER_56_265,VGND,li1,128.3400,163.2000,0.000527
FILLER_56_253,VGND,li1,124.6600,163.2000,0.000529
FILLER_56_251,VGND,li1,121.2100,163.2000,0.000532
FILLER_56_245,VGND,li1,119.6000,163.2000,0.000532
FILLER_56_233,VGND,li1,115.4600,163.2000,0.000534
FILLER_56_221,VGND,li1,109.9400,163.2000,0.000531
FILLER_56_209,VGND,li1,104.4200,163.2000,0.000523
FILLER_56_197,VGND,li1,98.9000,163.2000,0.000515
FILLER_56_193,VGND,li1,94.9900,163.2000,0.000509
FILLER_56_185,VGND,li1,92.4600,163.2000,0.000503
FILLER_56_173,VGND,li1,87.8600,163.2000,0.000492
FILLER_56_161,VGND,li1,82.3400,163.2000,0.000472
FILLER_56_139,VGND,li1,69.6900,163.2000,0.000429
FILLER_56_132,VGND,li1,66.4700,163.2000,0.000418
FILLER_56_122,VGND,li1,63.0200,163.2000,0.000409
FILLER_56_110,VGND,li1,58.8800,163.2000,0.000393
FILLER_56_98,VGND,li1,53.3600,163.2000,0.000364
FILLER_56_85,VGND,li1,45.0800,163.2000,0.000316
FILLER_56_83,VGND,li1,43.9300,163.2000,0.000301
FILLER_56_77,VGND,li1,42.3200,163.2000,0.000301
FILLER_56_70,VGND,li1,37.9500,163.2000,0.000257
FILLER_56_66,VGND,li1,36.8000,163.2000,0.000257
FILLER_56_56,VGND,li1,31.9700,163.2000,0.000207
FILLER_56_44,VGND,li1,28.5200,163.2000,0.000174
FILLER_56_32,VGND,li1,20.4700,163.2000,0.000140
FILLER_56_26,VGND,li1,17.9400,163.2000,0.000143
FILLER_56_15,VGND,li1,13.3400,163.2000,0.000146
FILLER_55_543,VGND,li1,255.9900,163.2000,0.000761
FILLER_55_513,VGND,li1,241.9600,163.2000,0.000742
FILLER_55_505,VGND,li1,239.6600,163.2000,0.000732
FILLER_55_502,VGND,li1,236.9000,163.2000,0.000719
FILLER_55_490,VGND,li1,233.6800,163.2000,0.000704
FILLER_55_478,VGND,li1,228.1600,163.2000,0.000669
FILLER_55_466,VGND,li1,222.6400,163.2000,0.000641
FILLER_55_461,VGND,li1,218.0400,163.2000,0.000624
FILLER_55_449,VGND,li1,212.9800,163.2000,0.000587
FILLER_55_447,VGND,li1,211.3700,163.2000,0.000587
FILLER_55_416,VGND,li1,197.3400,163.2000,0.000481
FILLER_55_404,VGND,li1,194.1200,163.2000,0.000444
FILLER_55_393,VGND,li1,186.7600,163.2000,0.000346
FILLER_55_377,VGND,li1,180.7800,163.2000,0.000275
FILLER_55_358,VGND,li1,170.4300,163.2000,0.000306
FILLER_55_346,VGND,li1,167.4400,163.2000,0.000332
FILLER_55_335,VGND,li1,159.8500,163.2000,0.000394
FILLER_55_324,VGND,li1,154.7900,163.2000,0.000425
FILLER_55_312,VGND,li1,151.8000,163.2000,0.000443
FILLER_55_292,VGND,li1,140.0700,163.2000,0.000506
FILLER_55_279,VGND,li1,134.0900,163.2000,0.000525
FILLER_55_267,VGND,li1,131.1000,163.2000,0.000526
FILLER_55_255,VGND,li1,125.5800,163.2000,0.000529
FILLER_55_243,VGND,li1,120.0600,163.2000,0.000532
FILLER_55_233,VGND,li1,113.3900,163.2000,0.000533
FILLER_55_225,VGND,li1,109.2500,163.2000,0.000528
FILLER_55_222,VGND,li1,108.1000,163.2000,0.000528
FILLER_55_210,VGND,li1,104.8800,163.2000,0.000523
FILLER_55_198,VGND,li1,99.3600,163.2000,0.000515
FILLER_55_180,VGND,li1,89.0100,163.2000,0.000492
FILLER_55_169,VGND,li1,85.1000,163.2000,0.000484
FILLER_55_167,VGND,li1,82.5700,163.2000,0.000472
FILLER_55_161,VGND,li1,80.9600,163.2000,0.000472
FILLER_55_137,VGND,li1,69.4600,163.2000,0.000429
FILLER_55_125,VGND,li1,65.7800,163.2000,0.000418
FILLER_55_113,VGND,li1,60.2600,163.2000,0.000393
FILLER_55_93,VGND,li1,48.5300,163.2000,0.000337
FILLER_55_89,VGND,li1,47.3800,163.2000,0.000337
FILLER_55_77,VGND,li1,43.7000,163.2000,0.000301
FILLER_55_73,VGND,li1,39.3300,163.2000,0.000280
FILLER_55_69,VGND,li1,38.1800,163.2000,0.000257
FILLER_55_61,VGND,li1,33.8100,163.2000,0.000233
FILLER_55_57,VGND,li1,32.6600,163.2000,0.000207
FILLER_55_48,VGND,li1,29.4400,163.2000,0.000174
FILLER_55_21,VGND,li1,17.9400,163.2000,0.000143
FILLER_55_11,VGND,li1,11.2700,163.2000,0.000147
FILLER_55_3,VGND,li1,8.7400,163.2000,0.000147
FILLER_54_548,VGND,li1,258.0600,157.7600,0.000947
FILLER_54_533,VGND,li1,252.0800,157.7600,0.000943
FILLER_54_524,VGND,li1,248.4000,157.7600,0.000939
FILLER_54_512,VGND,li1,243.8000,157.7600,0.000936
FILLER_54_485,VGND,li1,228.8500,157.7600,0.000909
FILLER_54_477,VGND,li1,226.7800,157.7600,0.000900
FILLER_54_475,VGND,li1,224.2500,157.7600,0.000890
FILLER_54_459,VGND,li1,216.8900,157.7600,0.000844
FILLER_54_455,VGND,li1,215.7400,157.7600,0.000844
FILLER_54_445,VGND,li1,210.6800,157.7600,0.000795
FILLER_54_421,VGND,li1,199.4100,157.7600,0.000675
FILLER_54_419,VGND,li1,198.4900,157.7600,0.000675
FILLER_54_411,VGND,li1,196.4200,157.7600,0.000639
FILLER_54_399,VGND,li1,191.8200,157.7600,0.000538
FILLER_54_383,VGND,li1,183.5400,157.7600,0.000406
FILLER_54_350,VGND,li1,166.9800,157.7600,0.000416
FILLER_54_342,VGND,li1,164.6800,157.7600,0.000432
FILLER_54_318,VGND,li1,152.7200,157.7600,0.000512
FILLER_54_307,VGND,li1,146.9700,157.7600,0.000542
FILLER_54_286,VGND,li1,137.3100,157.7600,0.000585
FILLER_54_277,VGND,li1,133.6300,157.7600,0.000589
FILLER_54_265,VGND,li1,130.1800,157.7600,0.000596
FILLER_54_253,VGND,li1,124.6600,157.7600,0.000603
FILLER_54_251,VGND,li1,121.2100,157.7600,0.000607
FILLER_54_247,VGND,li1,120.0600,157.7600,0.000607
FILLER_54_230,VGND,li1,111.7800,157.7600,0.000608
FILLER_54_216,VGND,li1,106.7200,157.7600,0.000604
FILLER_54_204,VGND,li1,102.1200,157.7600,0.000600
FILLER_54_195,VGND,li1,95.4500,157.7600,0.000592
FILLER_54_191,VGND,li1,94.3000,157.7600,0.000592
FILLER_54_184,VGND,li1,90.8500,157.7600,0.000586
FILLER_54_175,VGND,li1,86.4800,157.7600,0.000574
FILLER_54_167,VGND,li1,84.1800,157.7600,0.000568
FILLER_54_155,VGND,li1,79.5800,157.7600,0.000555
FILLER_54_144,VGND,li1,73.6000,157.7600,0.000535
FILLER_54_136,VGND,li1,69.0000,157.7600,0.000519
FILLER_54_124,VGND,li1,65.3200,157.7600,0.000502
FILLER_54_112,VGND,li1,59.8000,157.7600,0.000481
FILLER_54_85,VGND,li1,44.8500,157.7600,0.000388
FILLER_54_72,VGND,li1,41.4000,157.7600,0.000353
FILLER_54_57,VGND,li1,31.9700,157.7600,0.000243
FILLER_54_53,VGND,li1,30.8200,157.7600,0.000243
FILLER_54_41,VGND,li1,27.1400,157.7600,0.000192
FILLER_54_29,VGND,li1,21.6200,157.7600,0.000163
FILLER_54_27,VGND,li1,18.1700,157.7600,0.000163
FILLER_54_15,VGND,li1,15.1800,157.7600,0.000163
FILLER_54_3,VGND,li1,9.6600,157.7600,0.000163
FILLER_53_533,VGND,li1,250.9300,157.7600,0.000941
FILLER_53_529,VGND,li1,249.7800,157.7600,0.000941
FILLER_53_520,VGND,li1,245.4100,157.7600,0.000938
FILLER_53_503,VGND,li1,237.1300,157.7600,0.000926
FILLER_53_473,VGND,li1,224.0200,157.7600,0.000881
FILLER_53_449,VGND,li1,212.9800,157.7600,0.000818
FILLER_53_445,VGND,li1,210.9100,157.7600,0.000795
FILLER_53_432,VGND,li1,204.7000,157.7600,0.000745
FILLER_53_404,VGND,li1,192.0500,157.7600,0.000538
FILLER_53_400,VGND,li1,189.7500,157.7600,0.000502
FILLER_53_396,VGND,li1,188.6000,157.7600,0.000502
FILLER_53_386,VGND,li1,184.4600,157.7600,0.000406
FILLER_53_374,VGND,li1,180.3200,157.7600,0.000308
FILLER_53_345,VGND,li1,164.6800,157.7600,0.000432
FILLER_53_337,VGND,li1,162.3800,157.7600,0.000449
FILLER_53_335,VGND,li1,159.8500,157.7600,0.000468
FILLER_53_318,VGND,li1,153.6400,157.7600,0.000512
FILLER_53_309,VGND,li1,148.5800,157.7600,0.000542
FILLER_53_285,VGND,li1,136.8500,157.7600,0.000585
FILLER_53_281,VGND,li1,135.7000,157.7600,0.000585
FILLER_53_246,VGND,li1,119.1400,157.7600,0.000608
FILLER_53_238,VGND,li1,116.8400,157.7600,0.000609
FILLER_53_225,VGND,li1,109.9400,157.7600,0.000607
FILLER_53_222,VGND,li1,108.1000,157.7600,0.000606
FILLER_53_209,VGND,li1,101.8900,157.7600,0.000600
FILLER_53_205,VGND,li1,100.7400,157.7600,0.000600
FILLER_53_193,VGND,li1,97.0600,157.7600,0.000597
FILLER_53_181,VGND,li1,91.5400,157.7600,0.000586
FILLER_53_169,VGND,li1,86.0200,157.7600,0.000574
FILLER_53_167,VGND,li1,82.5700,157.7600,0.000560
FILLER_53_163,VGND,li1,81.4200,157.7600,0.000560
FILLER_53_133,VGND,li1,67.1600,157.7600,0.000511
FILLER_53_125,VGND,li1,64.8600,157.7600,0.000502
FILLER_53_113,VGND,li1,60.2600,157.7600,0.000481
FILLER_53_111,VGND,li1,56.8100,157.7600,0.000465
FILLER_53_99,VGND,li1,53.8200,157.7600,0.000453
FILLER_53_81,VGND,li1,43.7000,157.7600,0.000388
FILLER_53_69,VGND,li1,40.0200,157.7600,0.000353
FILLER_53_57,VGND,li1,34.5000,157.7600,0.000285
FILLER_53_54,VGND,li1,30.8200,157.7600,0.000243
FILLER_53_46,VGND,li1,28.5200,157.7600,0.000192
FILLER_53_27,VGND,li1,20.7000,157.7600,0.000163
FILLER_53_15,VGND,li1,15.1800,157.7600,0.000163
FILLER_53_3,VGND,li1,9.6600,157.7600,0.000163
FILLER_52_547,VGND,li1,257.8300,152.3200,0.000631
FILLER_52_509,VGND,li1,240.3500,152.3200,0.000619
FILLER_52_475,VGND,li1,224.2500,152.3200,0.000586
FILLER_52_442,VGND,li1,209.0700,152.3200,0.000526
FILLER_52_421,VGND,li1,199.4100,152.3200,0.000442
FILLER_52_416,VGND,li1,197.8000,152.3200,0.000415
FILLER_52_401,VGND,li1,190.2100,152.3200,0.000339
FILLER_52_377,VGND,li1,179.8600,152.3200,0.000223
FILLER_52_365,VGND,li1,176.1800,152.3200,0.000258
FILLER_52_360,VGND,li1,172.0400,152.3200,0.000308
FILLER_52_343,VGND,li1,164.6800,152.3200,0.000368
FILLER_52_331,VGND,li1,160.5400,152.3200,0.000396
FILLER_52_321,VGND,li1,153.4100,152.3200,0.000434
FILLER_52_309,VGND,li1,150.4200,152.3200,0.000457
FILLER_52_307,VGND,li1,146.9700,152.3200,0.000477
FILLER_52_299,VGND,li1,144.9000,152.3200,0.000491
FILLER_52_295,VGND,li1,141.4500,152.3200,0.000525
FILLER_52_289,VGND,li1,139.8400,152.3200,0.000525
FILLER_52_277,VGND,li1,135.7000,152.3200,0.000563
FILLER_52_253,VGND,li1,122.1300,152.3200,0.000641
FILLER_52_242,VGND,li1,117.5300,152.3200,0.000664
FILLER_52_234,VGND,li1,115.0000,152.3200,0.000673
FILLER_52_217,VGND,li1,106.2600,152.3200,0.000702
FILLER_52_209,VGND,li1,101.8900,152.3200,0.000714
FILLER_52_197,VGND,li1,98.9000,152.3200,0.000719
FILLER_52_194,VGND,li1,95.2200,152.3200,0.000727
FILLER_52_174,VGND,li1,85.7900,152.3200,0.000726
FILLER_52_168,VGND,li1,84.1800,152.3200,0.000723
FILLER_52_117,VGND,li1,59.5700,152.3200,0.000619
FILLER_52_109,VGND,li1,57.5000,152.3200,0.000592
FILLER_52_97,VGND,li1,52.9000,152.3200,0.000559
FILLER_52_85,VGND,li1,47.3800,152.3200,0.000496
FILLER_52_83,VGND,li1,43.9300,152.3200,0.000440
FILLER_52_71,VGND,li1,40.9400,152.3200,0.000397
FILLER_52_59,VGND,li1,35.4200,152.3200,0.000336
FILLER_52_38,VGND,li1,24.3800,152.3200,0.000182
FILLER_52_11,VGND,li1,10.8100,152.3200,0.000199
FILLER_52_3,VGND,li1,8.7400,152.3200,0.000199
FILLER_51_546,VGND,li1,257.6000,152.3200,0.000630
FILLER_51_542,VGND,li1,255.0700,152.3200,0.000630
FILLER_51_536,VGND,li1,253.4600,152.3200,0.000630
FILLER_51_532,VGND,li1,250.4700,152.3200,0.000628
FILLER_51_528,VGND,li1,249.3200,152.3200,0.000628
FILLER_51_517,VGND,li1,243.8000,152.3200,0.000624
FILLER_51_505,VGND,li1,240.5800,152.3200,0.000619
FILLER_51_502,VGND,li1,236.9000,152.3200,0.000616
FILLER_51_494,VGND,li1,234.6000,152.3200,0.000612
FILLER_51_487,VGND,li1,229.7700,152.3200,0.000603
FILLER_51_479,VGND,li1,227.7000,152.3200,0.000596
FILLER_51_467,VGND,li1,221.0300,152.3200,0.000578
FILLER_51_459,VGND,li1,218.5000,152.3200,0.000569
FILLER_51_444,VGND,li1,210.6800,152.3200,0.000526
FILLER_51_432,VGND,li1,204.4700,152.3200,0.000492
FILLER_51_419,VGND,li1,199.1800,152.3200,0.000442
FILLER_51_408,VGND,li1,193.6600,152.3200,0.000390
FILLER_51_393,VGND,li1,186.5300,152.3200,0.000301
FILLER_51_391,VGND,li1,185.6100,152.3200,0.000301
FILLER_51_383,VGND,li1,183.5400,152.3200,0.000279
FILLER_51_371,VGND,li1,178.9400,152.3200,0.000223
FILLER_51_362,VGND,li1,172.2700,152.3200,0.000308
FILLER_51_356,VGND,li1,170.6600,152.3200,0.000308
FILLER_51_337,VGND,li1,163.3000,152.3200,0.000368
FILLER_51_332,VGND,li1,159.1600,152.3200,0.000396
FILLER_51_317,VGND,li1,151.5700,152.3200,0.000457
FILLER_51_311,VGND,li1,149.9600,152.3200,0.000457
FILLER_51_305,VGND,li1,146.0500,152.3200,0.000491
FILLER_51_293,VGND,li1,143.0600,152.3200,0.000508
FILLER_51_281,VGND,li1,137.5400,152.3200,0.000540
FILLER_51_279,VGND,li1,134.0900,152.3200,0.000563
FILLER_51_271,VGND,li1,132.0200,152.3200,0.000577
FILLER_51_259,VGND,li1,127.4200,152.3200,0.000610
FILLER_51_250,VGND,li1,120.9800,152.3200,0.000641
FILLER_51_242,VGND,li1,118.6800,152.3200,0.000652
FILLER_51_220,VGND,li1,107.6400,152.3200,0.000702
FILLER_51_210,VGND,li1,102.5800,152.3200,0.000714
FILLER_51_198,VGND,li1,97.2900,152.3200,0.000724
FILLER_51_169,VGND,li1,83.7200,152.3200,0.000723
FILLER_51_164,VGND,li1,81.8800,152.3200,0.000720
FILLER_51_157,VGND,li1,77.9700,152.3200,0.000717
FILLER_51_122,VGND,li1,62.5600,152.3200,0.000635
FILLER_51_113,VGND,li1,57.7300,152.3200,0.000592
FILLER_51_110,VGND,li1,56.5800,152.3200,0.000592
FILLER_51_95,VGND,li1,51.0600,152.3200,0.000538
FILLER_51_68,VGND,li1,37.2600,152.3200,0.000368
FILLER_51_60,VGND,li1,34.9600,152.3200,0.000336
FILLER_51_11,VGND,li1,11.0400,152.3200,0.000199
FILLER_51_3,VGND,li1,8.7400,152.3200,0.000199
FILLER_50_541,VGND,li1,254.6100,146.8800,0.000350
FILLER_50_509,VGND,li1,240.3500,146.8800,0.000335
FILLER_50_501,VGND,li1,237.8200,146.8800,0.000331
FILLER_50_489,VGND,li1,233.2200,146.8800,0.000324
FILLER_50_477,VGND,li1,227.7000,146.8800,0.000312
FILLER_50_474,VGND,li1,224.0200,146.8800,0.000306
FILLER_50_462,VGND,li1,220.8000,146.8800,0.000298
FILLER_50_457,VGND,li1,215.9700,146.8800,0.000289
FILLER_50_445,VGND,li1,212.9800,146.8800,0.000282
FILLER_50_433,VGND,li1,207.4600,146.8800,0.000265
FILLER_50_421,VGND,li1,201.9400,146.8800,0.000250
FILLER_50_419,VGND,li1,198.4900,146.8800,0.000243
FILLER_50_396,VGND,li1,188.3700,146.8800,0.000209
FILLER_50_378,VGND,li1,179.8600,146.8800,0.000167
FILLER_50_373,VGND,li1,177.5600,146.8800,0.000197
FILLER_50_362,VGND,li1,172.5000,146.8800,0.000241
FILLER_50_354,VGND,li1,168.5900,146.8800,0.000286
FILLER_50_342,VGND,li1,165.6000,146.8800,0.000330
FILLER_50_309,VGND,li1,148.1200,146.8800,0.000500
FILLER_50_307,VGND,li1,146.9700,146.8800,0.000518
FILLER_50_300,VGND,li1,143.7500,146.8800,0.000541
FILLER_50_296,VGND,li1,141.9100,146.8800,0.000557
FILLER_50_265,VGND,li1,129.2600,146.8800,0.000653
FILLER_50_253,VGND,li1,124.6600,146.8800,0.000663
FILLER_50_251,VGND,li1,121.2100,146.8800,0.000672
FILLER_50_230,VGND,li1,111.5500,146.8800,0.000678
FILLER_50_194,VGND,li1,95.2200,146.8800,0.000665
FILLER_50_167,VGND,li1,83.2600,146.8800,0.000631
FILLER_50_155,VGND,li1,79.5800,146.8800,0.000617
FILLER_50_141,VGND,li1,70.6100,146.8800,0.000575
FILLER_50_94,VGND,li1,50.1400,146.8800,0.000454
FILLER_50_56,VGND,li1,33.1200,146.8800,0.000289
FILLER_50_26,VGND,li1,17.9400,146.8800,0.000202
FILLER_50_3,VGND,li1,7.5900,146.8800,0.000210
FILLER_49_533,VGND,li1,250.9300,146.8800,0.000346
FILLER_49_529,VGND,li1,249.7800,146.8800,0.000346
FILLER_49_517,VGND,li1,244.0300,146.8800,0.000341
FILLER_49_505,VGND,li1,240.5800,146.8800,0.000335
FILLER_49_503,VGND,li1,237.1300,146.8800,0.000328
FILLER_49_490,VGND,li1,231.3800,146.8800,0.000318
FILLER_49_475,VGND,li1,226.7800,146.8800,0.000312
FILLER_49_458,VGND,li1,216.8900,146.8800,0.000289
FILLER_49_447,VGND,li1,211.3700,146.8800,0.000275
FILLER_49_443,VGND,li1,210.2200,146.8800,0.000275
FILLER_49_431,VGND,li1,206.5400,146.8800,0.000265
FILLER_49_422,VGND,li1,201.0200,146.8800,0.000250
FILLER_49_377,VGND,li1,179.1700,146.8800,0.000167
FILLER_49_371,VGND,li1,177.5600,146.8800,0.000197
FILLER_49_349,VGND,li1,166.7500,146.8800,0.000306
FILLER_49_332,VGND,li1,159.1600,146.8800,0.000401
FILLER_49_311,VGND,li1,148.8100,146.8800,0.000500
FILLER_49_307,VGND,li1,147.6600,146.8800,0.000500
FILLER_49_285,VGND,li1,136.8500,146.8800,0.000600
FILLER_49_281,VGND,li1,135.7000,146.8800,0.000600
FILLER_49_225,VGND,li1,109.9400,146.8800,0.000680
FILLER_49_223,VGND,li1,108.3300,146.8800,0.000680
FILLER_49_197,VGND,li1,97.5200,146.8800,0.000670
FILLER_49_185,VGND,li1,93.3800,146.8800,0.000660
FILLER_49_173,VGND,li1,87.8600,146.8800,0.000648
FILLER_49_162,VGND,li1,81.4200,146.8800,0.000624
FILLER_49_150,VGND,li1,77.2800,146.8800,0.000609
FILLER_49_144,VGND,li1,72.2200,146.8800,0.000584
FILLER_49_135,VGND,li1,69.0000,146.8800,0.000575
FILLER_49_113,VGND,li1,57.9600,146.8800,0.000510
FILLER_49_101,VGND,li1,52.2100,146.8800,0.000471
FILLER_49_93,VGND,li1,50.1400,146.8800,0.000454
FILLER_49_69,VGND,li1,37.4900,146.8800,0.000338
FILLER_49_57,VGND,li1,34.5000,146.8800,0.000289
FILLER_49_54,VGND,li1,30.8200,146.8800,0.000264
FILLER_49_47,VGND,li1,27.3700,146.8800,0.000210
FILLER_49_43,VGND,li1,26.2200,146.8800,0.000210
FILLER_49_3,VGND,li1,7.5900,146.8800,0.000210
FILLER_48_548,VGND,li1,258.0600,141.4400,0.000616
FILLER_48_533,VGND,li1,251.6200,141.4400,0.000610
FILLER_48_531,VGND,li1,250.0100,141.4400,0.000610
FILLER_48_523,VGND,li1,247.9400,141.4400,0.000608
FILLER_48_511,VGND,li1,243.3400,141.4400,0.000604
FILLER_48_481,VGND,li1,227.0100,141.4400,0.000552
FILLER_48_477,VGND,li1,225.8600,141.4400,0.000552
FILLER_48_475,VGND,li1,224.2500,141.4400,0.000539
FILLER_48_471,VGND,li1,223.1000,141.4400,0.000539
FILLER_48_427,VGND,li1,203.3200,141.4400,0.000407
FILLER_48_417,VGND,li1,198.0300,141.4400,0.000360
FILLER_48_409,VGND,li1,195.5000,141.4400,0.000336
FILLER_48_377,VGND,li1,179.8600,141.4400,0.000174
FILLER_48_365,VGND,li1,176.1800,141.4400,0.000201
FILLER_48_362,VGND,li1,172.5000,141.4400,0.000227
FILLER_48_358,VGND,li1,170.4300,141.4400,0.000241
FILLER_48_335,VGND,li1,162.3800,141.4400,0.000284
FILLER_48_309,VGND,li1,148.3500,141.4400,0.000352
FILLER_48_307,VGND,li1,146.9700,141.4400,0.000359
FILLER_48_301,VGND,li1,145.3600,141.4400,0.000359
FILLER_48_277,VGND,li1,133.1700,141.4400,0.000402
FILLER_48_273,VGND,li1,132.0200,141.4400,0.000412
FILLER_48_247,VGND,li1,119.3700,141.4400,0.000435
FILLER_48_221,VGND,li1,108.5600,141.4400,0.000439
FILLER_48_209,VGND,li1,103.0400,141.4400,0.000436
FILLER_48_197,VGND,li1,98.9000,141.4400,0.000434
FILLER_48_194,VGND,li1,95.2200,141.4400,0.000432
FILLER_48_186,VGND,li1,92.9200,141.4400,0.000431
FILLER_48_169,VGND,li1,83.7200,141.4400,0.000419
FILLER_48_158,VGND,li1,79.1200,141.4400,0.000398
FILLER_48_146,VGND,li1,75.4400,141.4400,0.000382
FILLER_48_141,VGND,li1,70.8400,141.4400,0.000367
FILLER_48_134,VGND,li1,68.5400,141.4400,0.000357
FILLER_48_122,VGND,li1,64.4000,141.4400,0.000339
FILLER_48_101,VGND,li1,52.2100,141.4400,0.000277
FILLER_48_97,VGND,li1,51.0600,141.4400,0.000263
FILLER_48_85,VGND,li1,47.3800,141.4400,0.000251
FILLER_48_83,VGND,li1,43.9300,141.4400,0.000222
FILLER_48_71,VGND,li1,39.5600,141.4400,0.000205
FILLER_48_59,VGND,li1,35.4200,141.4400,0.000163
FILLER_48_47,VGND,li1,29.9000,141.4400,0.000123
FILLER_48_35,VGND,li1,24.3800,141.4400,0.000084
FILLER_48_29,VGND,li1,19.5500,141.4400,0.000085
FILLER_48_20,VGND,li1,16.5600,141.4400,0.000085
FILLER_48_3,VGND,li1,8.2800,141.4400,0.000086
FILLER_47_530,VGND,li1,250.2400,141.4400,0.000610
FILLER_47_519,VGND,li1,244.7200,141.4400,0.000604
FILLER_47_505,VGND,li1,238.2800,141.4400,0.000597
FILLER_47_481,VGND,li1,227.4700,141.4400,0.000552
FILLER_47_469,VGND,li1,224.0200,141.4400,0.000539
FILLER_47_442,VGND,li1,210.2200,141.4400,0.000463
FILLER_47_429,VGND,li1,204.7000,141.4400,0.000407
FILLER_47_405,VGND,li1,192.7400,141.4400,0.000310
FILLER_47_393,VGND,li1,189.0600,141.4400,0.000275
FILLER_47_390,VGND,li1,185.3800,141.4400,0.000240
FILLER_47_382,VGND,li1,183.0800,141.4400,0.000205
FILLER_47_370,VGND,li1,178.4800,141.4400,0.000174
FILLER_47_351,VGND,li1,167.2100,141.4400,0.000254
FILLER_47_343,VGND,li1,163.5300,141.4400,0.000284
FILLER_47_337,VGND,li1,161.9200,141.4400,0.000284
FILLER_47_335,VGND,li1,159.8500,141.4400,0.000302
FILLER_47_331,VGND,li1,158.7000,141.4400,0.000302
FILLER_47_315,VGND,li1,150.6500,141.4400,0.000340
FILLER_47_303,VGND,li1,147.6600,141.4400,0.000352
FILLER_47_291,VGND,li1,142.1400,141.4400,0.000370
FILLER_47_287,VGND,li1,137.7700,141.4400,0.000392
FILLER_47_281,VGND,li1,136.1600,141.4400,0.000392
FILLER_47_278,VGND,li1,133.8600,141.4400,0.000402
FILLER_47_261,VGND,li1,125.8100,141.4400,0.000424
FILLER_47_229,VGND,li1,111.0900,141.4400,0.000440
FILLER_47_225,VGND,li1,109.9400,141.4400,0.000439
FILLER_47_216,VGND,li1,106.7200,141.4400,0.000437
FILLER_47_204,VGND,li1,102.1200,141.4400,0.000436
FILLER_47_192,VGND,li1,96.6000,141.4400,0.000432
FILLER_47_155,VGND,li1,77.5100,141.4400,0.000398
FILLER_47_143,VGND,li1,74.0600,141.4400,0.000382
FILLER_47_137,VGND,li1,69.2300,141.4400,0.000357
FILLER_47_125,VGND,li1,65.7800,141.4400,0.000339
FILLER_47_113,VGND,li1,60.2600,141.4400,0.000320
FILLER_47_109,VGND,li1,56.3500,141.4400,0.000302
FILLER_47_99,VGND,li1,51.9800,141.4400,0.000277
FILLER_47_95,VGND,li1,49.4500,141.4400,0.000263
FILLER_47_89,VGND,li1,47.8400,141.4400,0.000251
FILLER_47_77,VGND,li1,43.7000,141.4400,0.000222
FILLER_47_66,VGND,li1,36.8000,141.4400,0.000186
FILLER_47_55,VGND,li1,31.0500,141.4400,0.000140
FILLER_47_47,VGND,li1,28.9800,141.4400,0.000123
FILLER_47_35,VGND,li1,24.3800,141.4400,0.000084
FILLER_47_23,VGND,li1,18.8600,141.4400,0.000085
FILLER_46_536,VGND,li1,252.5400,136.0000,0.000532
FILLER_46_521,VGND,li1,245.8700,136.0000,0.000528
FILLER_46_513,VGND,li1,243.3400,136.0000,0.000525
FILLER_46_485,VGND,li1,229.0800,136.0000,0.000498
FILLER_46_477,VGND,li1,226.7800,136.0000,0.000494
FILLER_46_470,VGND,li1,223.1000,136.0000,0.000485
FILLER_46_458,VGND,li1,218.9600,136.0000,0.000474
FILLER_46_445,VGND,li1,211.1400,136.0000,0.000440
FILLER_46_433,VGND,li1,207.4600,136.0000,0.000416
FILLER_46_421,VGND,li1,201.9400,136.0000,0.000396
FILLER_46_419,VGND,li1,198.4900,136.0000,0.000357
FILLER_46_407,VGND,li1,195.5000,136.0000,0.000338
FILLER_46_395,VGND,li1,189.9800,136.0000,0.000297
FILLER_46_390,VGND,li1,185.3800,136.0000,0.000237
FILLER_46_382,VGND,li1,183.0800,136.0000,0.000218
FILLER_46_370,VGND,li1,178.4800,136.0000,0.000182
FILLER_46_363,VGND,li1,172.7300,136.0000,0.000236
FILLER_46_353,VGND,li1,168.1300,136.0000,0.000269
FILLER_46_345,VGND,li1,164.9100,136.0000,0.000292
FILLER_46_333,VGND,li1,161.4600,136.0000,0.000312
FILLER_46_321,VGND,li1,155.9400,136.0000,0.000341
FILLER_46_309,VGND,li1,150.4200,136.0000,0.000378
FILLER_46_306,VGND,li1,146.7400,136.0000,0.000398
FILLER_46_294,VGND,li1,143.5200,136.0000,0.000418
FILLER_46_239,VGND,li1,116.1500,136.0000,0.000543
FILLER_46_230,VGND,li1,112.0100,136.0000,0.000550
FILLER_46_226,VGND,li1,109.7100,136.0000,0.000553
FILLER_46_221,VGND,li1,107.4100,136.0000,0.000556
FILLER_46_215,VGND,li1,105.8000,136.0000,0.000556
FILLER_46_203,VGND,li1,101.6600,136.0000,0.000561
FILLER_46_186,VGND,li1,91.7700,136.0000,0.000563
FILLER_46_150,VGND,li1,76.3600,136.0000,0.000508
FILLER_46_139,VGND,li1,69.6900,136.0000,0.000485
FILLER_46_129,VGND,li1,65.0900,136.0000,0.000461
FILLER_46_120,VGND,li1,62.1000,136.0000,0.000434
FILLER_46_108,VGND,li1,57.9600,136.0000,0.000415
FILLER_46_89,VGND,li1,46.9200,136.0000,0.000348
FILLER_46_78,VGND,li1,42.7800,136.0000,0.000308
FILLER_46_45,VGND,li1,26.6800,136.0000,0.000155
FILLER_46_18,VGND,li1,15.1800,136.0000,0.000137
FILLER_46_3,VGND,li1,8.2800,136.0000,0.000137
FILLER_45_538,VGND,li1,254.8400,136.0000,0.000533
FILLER_45_517,VGND,li1,243.5700,136.0000,0.000525
FILLER_45_505,VGND,li1,240.5800,136.0000,0.000522
FILLER_45_501,VGND,li1,236.6700,136.0000,0.000518
FILLER_45_491,VGND,li1,232.3000,136.0000,0.000504
FILLER_45_479,VGND,li1,228.6200,136.0000,0.000498
FILLER_45_467,VGND,li1,223.1000,136.0000,0.000485
FILLER_45_457,VGND,li1,216.4300,136.0000,0.000464
FILLER_45_449,VGND,li1,213.9000,136.0000,0.000453
FILLER_45_447,VGND,li1,211.3700,136.0000,0.000440
FILLER_45_439,VGND,li1,209.3000,136.0000,0.000431
FILLER_45_410,VGND,li1,194.8100,136.0000,0.000338
FILLER_45_405,VGND,li1,192.2800,136.0000,0.000316
FILLER_45_391,VGND,li1,185.6100,136.0000,0.000256
FILLER_45_383,VGND,li1,181.9300,136.0000,0.000218
FILLER_45_375,VGND,li1,179.8600,136.0000,0.000182
FILLER_45_363,VGND,li1,175.2600,136.0000,0.000213
FILLER_45_357,VGND,li1,170.4300,136.0000,0.000251
FILLER_45_349,VGND,li1,167.9000,136.0000,0.000269
FILLER_45_337,VGND,li1,163.3000,136.0000,0.000292
FILLER_45_330,VGND,li1,158.0100,136.0000,0.000327
FILLER_45_320,VGND,li1,154.1000,136.0000,0.000352
FILLER_45_311,VGND,li1,149.9600,136.0000,0.000378
FILLER_45_289,VGND,li1,139.1500,136.0000,0.000444
FILLER_45_279,VGND,li1,134.0900,136.0000,0.000475
FILLER_45_273,VGND,li1,131.5600,136.0000,0.000486
FILLER_45_242,VGND,li1,117.7600,136.0000,0.000538
FILLER_45_233,VGND,li1,112.9300,136.0000,0.000546
FILLER_45_217,VGND,li1,105.5700,136.0000,0.000558
FILLER_45_211,VGND,li1,103.9600,136.0000,0.000558
FILLER_45_175,VGND,li1,86.9400,136.0000,0.000551
FILLER_45_167,VGND,li1,82.5700,136.0000,0.000539
FILLER_45_160,VGND,li1,79.3500,136.0000,0.000526
FILLER_45_152,VGND,li1,77.2800,136.0000,0.000518
FILLER_45_119,VGND,li1,60.4900,136.0000,0.000434
FILLER_45_113,VGND,li1,58.8800,136.0000,0.000415
FILLER_45_72,VGND,li1,39.5600,136.0000,0.000272
FILLER_45_57,VGND,li1,32.6600,136.0000,0.000215
FILLER_45_48,VGND,li1,27.8300,136.0000,0.000177
FILLER_45_38,VGND,li1,23.4600,136.0000,0.000129
FILLER_45_15,VGND,li1,13.1100,136.0000,0.000137
FILLER_45_3,VGND,li1,9.6600,136.0000,0.000137
FILLER_44_533,VGND,li1,252.0800,130.5600,0.001069
FILLER_44_530,VGND,li1,249.7800,130.5600,0.001067
FILLER_44_522,VGND,li1,247.4800,130.5600,0.001065
FILLER_44_510,VGND,li1,242.8800,130.5600,0.001060
FILLER_44_498,VGND,li1,237.3600,130.5600,0.001046
FILLER_44_482,VGND,li1,227.7000,130.5600,0.000991
FILLER_44_477,VGND,li1,225.1700,130.5600,0.000962
FILLER_44_474,VGND,li1,224.0200,130.5600,0.000962
FILLER_44_462,VGND,li1,220.8000,130.5600,0.000934
FILLER_44_449,VGND,li1,213.4400,130.5600,0.000839
FILLER_44_441,VGND,li1,208.6100,130.5600,0.000787
FILLER_44_419,VGND,li1,198.4900,130.5600,0.000675
FILLER_44_407,VGND,li1,192.9700,130.5600,0.000589
FILLER_44_377,VGND,li1,179.6300,130.5600,0.000319
FILLER_44_365,VGND,li1,176.1800,130.5600,0.000349
FILLER_44_362,VGND,li1,172.5000,130.5600,0.000400
FILLER_44_350,VGND,li1,169.2800,130.5600,0.000425
FILLER_44_334,VGND,li1,159.8500,130.5600,0.000509
FILLER_44_306,VGND,li1,146.7400,130.5600,0.000584
FILLER_44_285,VGND,li1,136.8500,130.5600,0.000619
FILLER_44_279,VGND,li1,135.2400,130.5600,0.000626
FILLER_44_269,VGND,li1,129.7200,130.5600,0.000641
FILLER_44_256,VGND,li1,124.6600,130.5600,0.000655
FILLER_44_249,VGND,li1,120.7500,130.5600,0.000668
FILLER_44_216,VGND,li1,105.1100,130.5600,0.000682
FILLER_44_210,VGND,li1,103.5000,130.5600,0.000682
FILLER_44_197,VGND,li1,96.6000,130.5600,0.000681
FILLER_44_188,VGND,li1,92.2300,130.5600,0.000677
FILLER_44_176,VGND,li1,89.2400,130.5600,0.000672
FILLER_44_167,VGND,li1,82.5700,130.5600,0.000655
FILLER_44_161,VGND,li1,80.9600,130.5600,0.000648
FILLER_44_149,VGND,li1,76.8200,130.5600,0.000637
FILLER_44_136,VGND,li1,69.0000,130.5600,0.000613
FILLER_44_113,VGND,li1,58.1900,130.5600,0.000547
FILLER_44_83,VGND,li1,43.9300,130.5600,0.000443
FILLER_44_73,VGND,li1,39.7900,130.5600,0.000391
FILLER_44_65,VGND,li1,37.2600,130.5600,0.000358
FILLER_44_35,VGND,li1,22.3100,130.5600,0.000180
FILLER_44_23,VGND,li1,16.5600,130.5600,0.000188
FILLER_44_15,VGND,li1,14.2600,130.5600,0.000188
FILLER_44_3,VGND,li1,9.6600,130.5600,0.000188
FILLER_43_553,VGND,li1,260.1300,130.5600,0.001072
FILLER_43_525,VGND,li1,248.8600,130.5600,0.001065
FILLER_43_502,VGND,li1,236.9000,130.5600,0.001046
FILLER_43_486,VGND,li1,229.7700,130.5600,0.001010
FILLER_43_468,VGND,li1,223.5600,130.5600,0.000962
FILLER_43_456,VGND,li1,218.0400,130.5600,0.000890
FILLER_43_440,VGND,li1,209.7600,130.5600,0.000816
FILLER_43_413,VGND,li1,196.4200,130.5600,0.000636
FILLER_43_380,VGND,li1,181.7000,130.5600,0.000378
FILLER_43_368,VGND,li1,177.5600,130.5600,0.000349
FILLER_43_356,VGND,li1,169.7400,130.5600,0.000425
FILLER_43_348,VGND,li1,167.4400,130.5600,0.000444
FILLER_43_333,VGND,li1,159.3900,130.5600,0.000521
FILLER_43_326,VGND,li1,155.9400,130.5600,0.000535
FILLER_43_315,VGND,li1,150.8800,130.5600,0.000572
FILLER_43_270,VGND,li1,130.1800,130.5600,0.000641
FILLER_43_253,VGND,li1,122.1300,130.5600,0.000662
FILLER_43_218,VGND,li1,107.1800,130.5600,0.000682
FILLER_43_206,VGND,li1,103.0400,130.5600,0.000682
FILLER_43_185,VGND,li1,90.8500,130.5600,0.000672
FILLER_43_181,VGND,li1,89.7000,130.5600,0.000672
FILLER_43_169,VGND,li1,84.1800,130.5600,0.000661
FILLER_43_165,VGND,li1,82.1100,130.5600,0.000655
FILLER_43_157,VGND,li1,79.5800,130.5600,0.000648
FILLER_43_125,VGND,li1,63.9400,130.5600,0.000586
FILLER_43_113,VGND,li1,60.2600,130.5600,0.000568
FILLER_43_111,VGND,li1,56.8100,130.5600,0.000547
FILLER_43_103,VGND,li1,54.7400,130.5600,0.000535
FILLER_43_89,VGND,li1,47.1500,130.5600,0.000478
FILLER_43_69,VGND,li1,40.0200,130.5600,0.000391
FILLER_43_57,VGND,li1,34.5000,130.5600,0.000321
FILLER_43_52,VGND,li1,30.3600,130.5600,0.000266
FILLER_43_36,VGND,li1,22.7700,130.5600,0.000180
FILLER_43_15,VGND,li1,12.6500,130.5600,0.000188
FILLER_43_11,VGND,li1,10.8100,130.5600,0.000188
FILLER_43_3,VGND,li1,8.7400,130.5600,0.000188
FILLER_42_551,VGND,li1,259.6700,125.1200,0.000787
FILLER_42_529,VGND,li1,249.5500,125.1200,0.000783
FILLER_42_496,VGND,li1,234.3700,125.1200,0.000724
FILLER_42_484,VGND,li1,230.9200,125.1200,0.000705
FILLER_42_475,VGND,li1,224.2500,125.1200,0.000655
FILLER_42_471,VGND,li1,223.1000,125.1200,0.000655
FILLER_42_451,VGND,li1,213.6700,125.1200,0.000581
FILLER_42_443,VGND,li1,211.1400,125.1200,0.000566
FILLER_42_431,VGND,li1,206.5400,125.1200,0.000528
FILLER_42_421,VGND,li1,199.4100,125.1200,0.000463
FILLER_42_382,VGND,li1,181.4700,125.1200,0.000294
FILLER_42_378,VGND,li1,180.3200,125.1200,0.000294
FILLER_42_362,VGND,li1,172.5000,125.1200,0.000347
FILLER_42_334,VGND,li1,159.8500,125.1200,0.000445
FILLER_42_324,VGND,li1,155.4800,125.1200,0.000477
FILLER_42_307,VGND,li1,146.9700,125.1200,0.000541
FILLER_42_283,VGND,li1,138.4600,125.1200,0.000589
FILLER_42_253,VGND,li1,122.5900,125.1200,0.000669
FILLER_42_250,VGND,li1,120.9800,125.1200,0.000669
FILLER_42_242,VGND,li1,117.0700,125.1200,0.000685
FILLER_42_230,VGND,li1,114.0800,125.1200,0.000698
FILLER_42_221,VGND,li1,107.4100,125.1200,0.000730
FILLER_42_217,VGND,li1,106.2600,125.1200,0.000730
FILLER_42_208,VGND,li1,101.4300,125.1200,0.000746
FILLER_42_188,VGND,li1,93.8400,125.1200,0.000748
FILLER_42_175,VGND,li1,86.9400,125.1200,0.000737
FILLER_42_154,VGND,li1,76.5900,125.1200,0.000691
FILLER_42_150,VGND,li1,75.4400,125.1200,0.000691
FILLER_42_85,VGND,li1,47.3800,125.1200,0.000461
FILLER_42_65,VGND,li1,36.1100,125.1200,0.000321
FILLER_42_49,VGND,li1,29.9000,125.1200,0.000235
FILLER_42_37,VGND,li1,25.3000,125.1200,0.000156
FILLER_42_27,VGND,li1,18.1700,125.1200,0.000164
FILLER_42_23,VGND,li1,17.0200,125.1200,0.000164
FILLER_41_525,VGND,li1,248.4000,125.1200,0.000783
FILLER_41_488,VGND,li1,231.8400,125.1200,0.000705
FILLER_41_476,VGND,li1,227.2400,125.1200,0.000680
FILLER_41_471,VGND,li1,222.6400,125.1200,0.000655
FILLER_41_453,VGND,li1,214.1300,125.1200,0.000581
FILLER_41_449,VGND,li1,212.9800,125.1200,0.000581
FILLER_41_446,VGND,li1,211.1400,125.1200,0.000566
FILLER_41_438,VGND,li1,208.8400,125.1200,0.000547
FILLER_41_426,VGND,li1,204.2400,125.1200,0.000500
FILLER_41_414,VGND,li1,198.7200,125.1200,0.000463
FILLER_41_402,VGND,li1,193.2000,125.1200,0.000415
FILLER_41_393,VGND,li1,187.6800,125.1200,0.000360
FILLER_41_390,VGND,li1,185.3800,125.1200,0.000343
FILLER_41_378,VGND,li1,182.1600,125.1200,0.000312
FILLER_41_359,VGND,li1,171.1200,125.1200,0.000347
FILLER_41_344,VGND,li1,164.2200,125.1200,0.000413
FILLER_41_337,VGND,li1,160.7700,125.1200,0.000445
FILLER_41_329,VGND,li1,157.7800,125.1200,0.000460
FILLER_41_317,VGND,li1,154.1000,125.1200,0.000493
FILLER_41_305,VGND,li1,148.5800,125.1200,0.000525
FILLER_41_293,VGND,li1,143.0600,125.1200,0.000566
FILLER_41_281,VGND,li1,137.5400,125.1200,0.000589
FILLER_41_277,VGND,li1,133.6300,125.1200,0.000610
FILLER_41_257,VGND,li1,124.6600,125.1200,0.000653
FILLER_41_237,VGND,li1,115.4600,125.1200,0.000698
FILLER_41_225,VGND,li1,111.7800,125.1200,0.000707
FILLER_41_223,VGND,li1,108.3300,125.1200,0.000722
FILLER_41_212,VGND,li1,103.7300,125.1200,0.000740
FILLER_41_204,VGND,li1,101.2000,125.1200,0.000746
FILLER_41_192,VGND,li1,94.0700,125.1200,0.000748
FILLER_41_156,VGND,li1,77.5100,125.1200,0.000702
FILLER_41_152,VGND,li1,76.3600,125.1200,0.000691
FILLER_41_140,VGND,li1,72.6800,125.1200,0.000674
FILLER_41_121,VGND,li1,61.8700,125.1200,0.000608
FILLER_41_108,VGND,li1,56.1200,125.1200,0.000558
FILLER_41_88,VGND,li1,48.7600,125.1200,0.000461
FILLER_41_57,VGND,li1,32.2000,125.1200,0.000268
FILLER_41_43,VGND,li1,25.5300,125.1200,0.000156
FILLER_41_39,VGND,li1,24.3800,125.1200,0.000156
FILLER_41_27,VGND,li1,20.7000,125.1200,0.000160
FILLER_41_11,VGND,li1,10.8100,125.1200,0.000169
FILLER_41_7,VGND,li1,9.6600,125.1200,0.000169
FILLER_40_552,VGND,li1,259.9000,119.6800,0.000368
FILLER_40_542,VGND,li1,255.3000,119.6800,0.000368
FILLER_40_533,VGND,li1,250.9300,119.6800,0.000366
FILLER_40_520,VGND,li1,246.5600,119.6800,0.000363
FILLER_40_510,VGND,li1,240.3500,119.6800,0.000357
FILLER_40_504,VGND,li1,238.7400,119.6800,0.000354
FILLER_40_487,VGND,li1,231.3800,119.6800,0.000345
FILLER_40_473,VGND,li1,223.7900,119.6800,0.000333
FILLER_40_465,VGND,li1,221.2600,119.6800,0.000328
FILLER_40_453,VGND,li1,214.3600,119.6800,0.000315
FILLER_40_445,VGND,li1,212.0600,119.6800,0.000308
FILLER_40_433,VGND,li1,207.4600,119.6800,0.000298
FILLER_40_421,VGND,li1,201.9400,119.6800,0.000282
FILLER_40_397,VGND,li1,188.8300,119.6800,0.000235
FILLER_40_389,VGND,li1,186.3000,119.6800,0.000206
FILLER_40_377,VGND,li1,181.7000,119.6800,0.000179
FILLER_40_365,VGND,li1,176.1800,119.6800,0.000186
FILLER_40_362,VGND,li1,172.5000,119.6800,0.000226
FILLER_40_330,VGND,li1,157.7800,119.6800,0.000304
FILLER_40_322,VGND,li1,155.4800,119.6800,0.000314
FILLER_40_309,VGND,li1,148.3500,119.6800,0.000349
FILLER_40_300,VGND,li1,145.3600,119.6800,0.000357
FILLER_40_288,VGND,li1,140.7600,119.6800,0.000371
FILLER_40_276,VGND,li1,135.2400,119.6800,0.000396
FILLER_40_261,VGND,li1,126.5000,119.6800,0.000420
FILLER_40_253,VGND,li1,122.5900,119.6800,0.000433
FILLER_40_249,VGND,li1,120.7500,119.6800,0.000440
FILLER_40_216,VGND,li1,105.1100,119.6800,0.000475
FILLER_40_212,VGND,li1,103.9600,119.6800,0.000476
FILLER_40_197,VGND,li1,96.8300,119.6800,0.000480
FILLER_40_161,VGND,li1,80.5000,119.6800,0.000459
FILLER_40_141,VGND,li1,72.2200,119.6800,0.000438
FILLER_40_139,VGND,li1,69.6900,119.6800,0.000427
FILLER_40_135,VGND,li1,68.5400,119.6800,0.000427
FILLER_40_123,VGND,li1,64.8600,119.6800,0.000414
FILLER_40_85,VGND,li1,46.0000,119.6800,0.000307
FILLER_40_57,VGND,li1,31.9700,119.6800,0.000188
FILLER_40_33,VGND,li1,20.9300,119.6800,0.000130
FILLER_40_29,VGND,li1,19.7800,119.6800,0.000130
FILLER_40_3,VGND,li1,7.3600,119.6800,0.000136
FILLER_39_532,VGND,li1,250.4700,119.6800,0.000366
FILLER_39_517,VGND,li1,244.7200,119.6800,0.000362
FILLER_39_505,VGND,li1,240.5800,119.6800,0.000357
FILLER_39_503,VGND,li1,237.1300,119.6800,0.000354
FILLER_39_495,VGND,li1,235.0600,119.6800,0.000352
FILLER_39_483,VGND,li1,230.4600,119.6800,0.000345
FILLER_39_471,VGND,li1,224.9400,119.6800,0.000333
FILLER_39_459,VGND,li1,219.4200,119.6800,0.000323
FILLER_39_449,VGND,li1,212.7500,119.6800,0.000308
FILLER_39_447,VGND,li1,211.3700,119.6800,0.000308
FILLER_39_443,VGND,li1,209.5300,119.6800,0.000303
FILLER_39_439,VGND,li1,208.3800,119.6800,0.000298
FILLER_39_420,VGND,li1,198.9500,119.6800,0.000274
FILLER_39_415,VGND,li1,196.8800,119.6800,0.000268
FILLER_39_407,VGND,li1,194.5800,119.6800,0.000259
FILLER_39_393,VGND,li1,186.9900,119.6800,0.000221
FILLER_39_388,VGND,li1,184.9200,119.6800,0.000206
FILLER_39_376,VGND,li1,181.2400,119.6800,0.000179
FILLER_39_364,VGND,li1,175.7200,119.6800,0.000186
FILLER_39_353,VGND,li1,168.8200,119.6800,0.000247
FILLER_39_337,VGND,li1,161.0000,119.6800,0.000294
FILLER_39_335,VGND,li1,159.8500,119.6800,0.000294
FILLER_39_329,VGND,li1,158.2400,119.6800,0.000304
FILLER_39_305,VGND,li1,146.0500,119.6800,0.000357
FILLER_39_301,VGND,li1,144.9000,119.6800,0.000357
FILLER_39_289,VGND,li1,141.2200,119.6800,0.000371
FILLER_39_279,VGND,li1,134.0900,119.6800,0.000396
FILLER_39_273,VGND,li1,131.3300,119.6800,0.000404
FILLER_39_267,VGND,li1,129.7200,119.6800,0.000412
FILLER_39_255,VGND,li1,125.5800,119.6800,0.000427
FILLER_39_220,VGND,li1,107.6400,119.6800,0.000471
FILLER_39_190,VGND,li1,93.1500,119.6800,0.000478
FILLER_39_178,VGND,li1,90.1600,119.6800,0.000476
FILLER_39_143,VGND,li1,71.7600,119.6800,0.000438
FILLER_39_131,VGND,li1,68.5400,119.6800,0.000427
FILLER_39_92,VGND,li1,48.3000,119.6800,0.000335
FILLER_39_84,VGND,li1,46.0000,119.6800,0.000307
FILLER_39_74,VGND,li1,39.7900,119.6800,0.000263
FILLER_39_66,VGND,li1,36.3400,119.6800,0.000247
FILLER_39_57,VGND,li1,31.9700,119.6800,0.000188
FILLER_39_54,VGND,li1,30.8200,119.6800,0.000188
FILLER_39_32,VGND,li1,20.7000,119.6800,0.000130
FILLER_39_3,VGND,li1,7.1300,119.6800,0.000136
FILLER_38_533,VGND,li1,250.9300,114.2400,0.000626
FILLER_38_528,VGND,li1,248.6300,114.2400,0.000623
FILLER_38_524,VGND,li1,247.4800,114.2400,0.000623
FILLER_38_512,VGND,li1,243.8000,114.2400,0.000617
FILLER_38_500,VGND,li1,238.2800,114.2400,0.000608
FILLER_38_482,VGND,li1,227.9300,114.2400,0.000584
FILLER_38_470,VGND,li1,223.1000,114.2400,0.000567
FILLER_38_458,VGND,li1,218.9600,114.2400,0.000552
FILLER_38_454,VGND,li1,214.5900,114.2400,0.000531
FILLER_38_429,VGND,li1,203.0900,114.2400,0.000492
FILLER_38_421,VGND,li1,201.0200,114.2400,0.000484
FILLER_38_416,VGND,li1,197.8000,114.2400,0.000471
FILLER_38_404,VGND,li1,194.1200,114.2400,0.000456
FILLER_38_394,VGND,li1,187.2200,114.2400,0.000372
FILLER_38_382,VGND,li1,184.0000,114.2400,0.000329
FILLER_38_370,VGND,li1,178.4800,114.2400,0.000260
FILLER_38_360,VGND,li1,172.0400,114.2400,0.000330
FILLER_38_348,VGND,li1,168.3600,114.2400,0.000369
FILLER_38_336,VGND,li1,162.8400,114.2400,0.000428
FILLER_38_324,VGND,li1,157.3200,114.2400,0.000488
FILLER_38_296,VGND,li1,144.4400,114.2400,0.000595
FILLER_38_261,VGND,li1,126.2700,114.2400,0.000692
FILLER_38_253,VGND,li1,123.7400,114.2400,0.000706
FILLER_38_237,VGND,li1,114.7700,114.2400,0.000727
FILLER_38_197,VGND,li1,96.8300,114.2400,0.000744
FILLER_38_184,VGND,li1,92.9200,114.2400,0.000739
FILLER_38_172,VGND,li1,87.4000,114.2400,0.000721
FILLER_38_160,VGND,li1,81.8800,114.2400,0.000708
FILLER_38_141,VGND,li1,73.1400,114.2400,0.000679
FILLER_38_139,VGND,li1,69.6900,114.2400,0.000668
FILLER_38_133,VGND,li1,68.0800,114.2400,0.000659
FILLER_38_89,VGND,li1,46.6900,114.2400,0.000447
FILLER_38_85,VGND,li1,45.5400,114.2400,0.000411
FILLER_38_83,VGND,li1,43.9300,114.2400,0.000411
FILLER_38_75,VGND,li1,41.8600,114.2400,0.000384
FILLER_38_63,VGND,li1,37.2600,114.2400,0.000324
FILLER_38_51,VGND,li1,31.7400,114.2400,0.000234
FILLER_38_42,VGND,li1,25.0700,114.2400,0.000149
FILLER_38_38,VGND,li1,23.9200,114.2400,0.000149
FILLER_38_26,VGND,li1,17.9400,114.2400,0.000158
FILLER_38_3,VGND,li1,7.5900,114.2400,0.000165
FILLER_37_546,VGND,li1,257.6000,114.2400,0.000632
FILLER_37_540,VGND,li1,254.6100,114.2400,0.000631
FILLER_37_517,VGND,li1,244.0300,114.2400,0.000617
FILLER_37_505,VGND,li1,240.5800,114.2400,0.000612
FILLER_37_491,VGND,li1,231.6100,114.2400,0.000592
FILLER_37_487,VGND,li1,230.4600,114.2400,0.000592
FILLER_37_483,VGND,li1,227.9300,114.2400,0.000584
FILLER_37_475,VGND,li1,225.8600,114.2400,0.000577
FILLER_37_465,VGND,li1,220.8000,114.2400,0.000559
FILLER_37_453,VGND,li1,214.3600,114.2400,0.000531
FILLER_37_437,VGND,li1,208.3800,114.2400,0.000513
FILLER_37_425,VGND,li1,203.7800,114.2400,0.000492
FILLER_37_413,VGND,li1,198.2600,114.2400,0.000471
FILLER_37_385,VGND,li1,183.0800,114.2400,0.000329
FILLER_37_373,VGND,li1,179.8600,114.2400,0.000260
FILLER_37_361,VGND,li1,174.3400,114.2400,0.000306
FILLER_37_349,VGND,li1,168.8200,114.2400,0.000369
FILLER_37_337,VGND,li1,163.3000,114.2400,0.000428
FILLER_37_309,VGND,li1,147.8900,114.2400,0.000571
FILLER_37_297,VGND,li1,144.9000,114.2400,0.000595
FILLER_37_273,VGND,li1,131.3300,114.2400,0.000679
FILLER_37_267,VGND,li1,129.7200,114.2400,0.000679
FILLER_37_241,VGND,li1,117.0700,114.2400,0.000721
FILLER_37_233,VGND,li1,113.1600,114.2400,0.000732
FILLER_37_225,VGND,li1,110.8600,114.2400,0.000736
FILLER_37_222,VGND,li1,108.1000,114.2400,0.000742
FILLER_37_216,VGND,li1,105.5700,114.2400,0.000747
FILLER_37_205,VGND,li1,100.2800,114.2400,0.000748
FILLER_37_197,VGND,li1,96.8300,114.2400,0.000744
FILLER_37_189,VGND,li1,94.3000,114.2400,0.000739
FILLER_37_181,VGND,li1,89.0100,114.2400,0.000730
FILLER_37_169,VGND,li1,86.0200,114.2400,0.000721
FILLER_37_167,VGND,li1,82.5700,114.2400,0.000708
FILLER_37_155,VGND,li1,79.5800,114.2400,0.000700
FILLER_37_143,VGND,li1,74.0600,114.2400,0.000679
FILLER_37_135,VGND,li1,67.8500,114.2400,0.000659
FILLER_37_127,VGND,li1,65.7800,114.2400,0.000648
FILLER_37_116,VGND,li1,59.3400,114.2400,0.000600
FILLER_37_89,VGND,li1,47.1500,114.2400,0.000447
FILLER_37_81,VGND,li1,44.6200,114.2400,0.000411
FILLER_37_69,VGND,li1,40.0200,114.2400,0.000360
FILLER_37_57,VGND,li1,34.5000,114.2400,0.000288
FILLER_37_52,VGND,li1,30.3600,114.2400,0.000234
FILLER_37_40,VGND,li1,26.6800,114.2400,0.000186
FILLER_37_28,VGND,li1,21.1600,114.2400,0.000152
FILLER_37_19,VGND,li1,14.4900,114.2400,0.000161
FILLER_37_15,VGND,li1,12.6500,114.2400,0.000163
FILLER_37_11,VGND,li1,11.5000,114.2400,0.000163
FILLER_36_553,VGND,li1,260.1300,108.8000,0.000584
FILLER_36_545,VGND,li1,258.0600,108.8000,0.000584
FILLER_36_533,VGND,li1,253.4600,108.8000,0.000584
FILLER_36_531,VGND,li1,250.0100,108.8000,0.000584
FILLER_36_525,VGND,li1,248.4000,108.8000,0.000584
FILLER_36_513,VGND,li1,244.2600,108.8000,0.000584
FILLER_36_490,VGND,li1,231.3800,108.8000,0.000567
FILLER_36_485,VGND,li1,229.0800,108.8000,0.000557
FILLER_36_477,VGND,li1,226.7800,108.8000,0.000547
FILLER_36_472,VGND,li1,223.5600,108.8000,0.000532
FILLER_36_460,VGND,li1,219.8800,108.8000,0.000509
FILLER_36_441,VGND,li1,208.8400,108.8000,0.000465
FILLER_36_433,VGND,li1,206.5400,108.8000,0.000454
FILLER_36_421,VGND,li1,201.9400,108.8000,0.000427
FILLER_36_417,VGND,li1,198.0300,108.8000,0.000410
FILLER_36_405,VGND,li1,194.5800,108.8000,0.000386
FILLER_36_387,VGND,li1,184.4600,108.8000,0.000316
FILLER_36_377,VGND,li1,179.6300,108.8000,0.000264
FILLER_36_362,VGND,li1,172.5000,108.8000,0.000289
FILLER_36_349,VGND,li1,167.4400,108.8000,0.000325
FILLER_36_317,VGND,li1,152.0300,108.8000,0.000411
FILLER_36_313,VGND,li1,149.7300,108.8000,0.000420
FILLER_36_309,VGND,li1,148.5800,108.8000,0.000420
FILLER_36_305,VGND,li1,146.5100,108.8000,0.000429
FILLER_36_293,VGND,li1,143.0600,108.8000,0.000444
FILLER_36_282,VGND,li1,136.1600,108.8000,0.000476
FILLER_36_274,VGND,li1,131.7900,108.8000,0.000495
FILLER_36_260,VGND,li1,126.5000,108.8000,0.000507
FILLER_36_249,VGND,li1,120.7500,108.8000,0.000524
FILLER_36_241,VGND,li1,118.2200,108.8000,0.000532
FILLER_36_233,VGND,li1,113.1600,108.8000,0.000542
FILLER_36_221,VGND,li1,109.9400,108.8000,0.000546
FILLER_36_209,VGND,li1,104.4200,108.8000,0.000558
FILLER_36_197,VGND,li1,98.9000,108.8000,0.000569
FILLER_36_184,VGND,li1,92.9200,108.8000,0.000580
FILLER_36_174,VGND,li1,86.2500,108.8000,0.000590
FILLER_36_166,VGND,li1,83.7200,108.8000,0.000590
FILLER_36_161,VGND,li1,79.8100,108.8000,0.000590
FILLER_36_153,VGND,li1,77.7400,108.8000,0.000589
FILLER_36_136,VGND,li1,69.0000,108.8000,0.000578
FILLER_36_130,VGND,li1,66.0100,108.8000,0.000571
FILLER_36_122,VGND,li1,63.4800,108.8000,0.000562
FILLER_36_97,VGND,li1,52.9000,108.8000,0.000479
FILLER_36_85,VGND,li1,47.3800,108.8000,0.000418
FILLER_36_76,VGND,li1,42.3200,108.8000,0.000381
FILLER_36_64,VGND,li1,35.4200,108.8000,0.000281
FILLER_36_41,VGND,li1,25.0700,108.8000,0.000163
FILLER_36_29,VGND,li1,21.6200,108.8000,0.000169
FILLER_36_24,VGND,li1,17.4800,108.8000,0.000173
FILLER_36_9,VGND,li1,9.8900,108.8000,0.000177
FILLER_36_3,VGND,li1,8.2800,108.8000,0.000177
FILLER_35_552,VGND,li1,259.9000,108.8000,0.000584
FILLER_35_544,VGND,li1,257.6000,108.8000,0.000584
FILLER_35_532,VGND,li1,253.0000,108.8000,0.000584
FILLER_35_520,VGND,li1,247.4800,108.8000,0.000584
FILLER_35_508,VGND,li1,241.9600,108.8000,0.000584
FILLER_35_503,VGND,li1,237.1300,108.8000,0.000583
FILLER_35_491,VGND,li1,231.8400,108.8000,0.000567
FILLER_35_483,VGND,li1,229.5400,108.8000,0.000557
FILLER_35_473,VGND,li1,223.3300,108.8000,0.000532
FILLER_35_469,VGND,li1,222.1800,108.8000,0.000519
FILLER_35_457,VGND,li1,216.2000,108.8000,0.000498
FILLER_35_449,VGND,li1,213.9000,108.8000,0.000486
FILLER_35_447,VGND,li1,211.3700,108.8000,0.000477
FILLER_35_439,VGND,li1,209.3000,108.8000,0.000465
FILLER_35_427,VGND,li1,204.7000,108.8000,0.000445
FILLER_35_416,VGND,li1,198.2600,108.8000,0.000410
FILLER_35_404,VGND,li1,194.1200,108.8000,0.000386
FILLER_35_393,VGND,li1,187.6800,108.8000,0.000340
FILLER_35_364,VGND,li1,173.1900,108.8000,0.000289
FILLER_35_327,VGND,li1,156.6300,108.8000,0.000383
FILLER_35_319,VGND,li1,154.1000,108.8000,0.000396
FILLER_35_307,VGND,li1,149.5000,108.8000,0.000420
FILLER_35_295,VGND,li1,143.9800,108.8000,0.000444
FILLER_35_266,VGND,li1,128.3400,108.8000,0.000501
FILLER_35_236,VGND,li1,114.7700,108.8000,0.000537
FILLER_35_228,VGND,li1,112.2400,108.8000,0.000542
FILLER_35_222,VGND,li1,108.1000,108.8000,0.000550
FILLER_35_214,VGND,li1,105.8000,108.8000,0.000558
FILLER_35_202,VGND,li1,101.2000,108.8000,0.000564
FILLER_35_189,VGND,li1,93.8400,108.8000,0.000580
FILLER_35_176,VGND,li1,86.9400,108.8000,0.000589
FILLER_35_167,VGND,li1,82.5700,108.8000,0.000591
FILLER_35_156,VGND,li1,77.5100,108.8000,0.000589
FILLER_35_146,VGND,li1,73.1400,108.8000,0.000586
FILLER_35_134,VGND,li1,68.5400,108.8000,0.000578
FILLER_35_104,VGND,li1,55.2000,108.8000,0.000500
FILLER_35_92,VGND,li1,50.6000,108.8000,0.000458
FILLER_35_26,VGND,li1,17.9400,108.8000,0.000173
FILLER_34_553,VGND,li1,260.1300,103.3600,0.001178
FILLER_34_545,VGND,li1,258.0600,103.3600,0.001178
FILLER_34_533,VGND,li1,253.4600,103.3600,0.001178
FILLER_34_531,VGND,li1,250.0100,103.3600,0.001178
FILLER_34_519,VGND,li1,247.0200,103.3600,0.001178
FILLER_34_507,VGND,li1,241.5000,103.3600,0.001178
FILLER_34_489,VGND,li1,230.9200,103.3600,0.001157
FILLER_34_477,VGND,li1,227.7000,103.3600,0.001148
FILLER_34_474,VGND,li1,224.0200,103.3600,0.001127
FILLER_34_467,VGND,li1,220.8000,103.3600,0.001112
FILLER_34_459,VGND,li1,218.5000,103.3600,0.001090
FILLER_34_447,VGND,li1,213.9000,103.3600,0.001058
FILLER_34_435,VGND,li1,208.3800,103.3600,0.001025
FILLER_34_419,VGND,li1,198.4900,103.3600,0.000911
FILLER_34_411,VGND,li1,196.4200,103.3600,0.000832
FILLER_34_399,VGND,li1,191.8200,103.3600,0.000745
FILLER_34_387,VGND,li1,186.3000,103.3600,0.000570
FILLER_34_368,VGND,li1,175.0300,103.3600,0.000389
FILLER_34_352,VGND,li1,170.2000,103.3600,0.000425
FILLER_34_339,VGND,li1,161.6900,103.3600,0.000465
FILLER_34_331,VGND,li1,159.6200,103.3600,0.000481
FILLER_34_319,VGND,li1,155.0200,103.3600,0.000503
FILLER_34_306,VGND,li1,146.7400,103.3600,0.000544
FILLER_34_264,VGND,li1,127.4200,103.3600,0.000613
FILLER_34_250,VGND,li1,120.9800,103.3600,0.000617
FILLER_34_235,VGND,li1,114.3100,103.3600,0.000610
FILLER_34_213,VGND,li1,103.7300,103.3600,0.000593
FILLER_34_209,VGND,li1,102.5800,103.3600,0.000593
FILLER_34_197,VGND,li1,98.9000,103.3600,0.000585
FILLER_34_195,VGND,li1,95.4500,103.3600,0.000578
FILLER_34_187,VGND,li1,93.3800,103.3600,0.000574
FILLER_34_178,VGND,li1,88.7800,103.3600,0.000565
FILLER_34_166,VGND,li1,84.6400,103.3600,0.000555
FILLER_34_160,VGND,li1,79.3500,103.3600,0.000541
FILLER_34_154,VGND,li1,77.7400,103.3600,0.000541
FILLER_34_141,VGND,li1,70.6100,103.3600,0.000520
FILLER_34_134,VGND,li1,68.5400,103.3600,0.000510
FILLER_34_105,VGND,li1,55.6600,103.3600,0.000442
FILLER_34_22,VGND,li1,17.0200,103.3600,0.000149
FILLER_33_553,VGND,li1,260.1300,103.3600,0.001178
FILLER_33_549,VGND,li1,258.9800,103.3600,0.001178
FILLER_33_537,VGND,li1,255.3000,103.3600,0.001178
FILLER_33_525,VGND,li1,249.7800,103.3600,0.001178
FILLER_33_513,VGND,li1,244.2600,103.3600,0.001178
FILLER_33_502,VGND,li1,236.9000,103.3600,0.001175
FILLER_33_494,VGND,li1,234.6000,103.3600,0.001170
FILLER_33_482,VGND,li1,230.0000,103.3600,0.001157
FILLER_33_470,VGND,li1,224.4800,103.3600,0.001135
FILLER_33_463,VGND,li1,218.7300,103.3600,0.001090
FILLER_33_457,VGND,li1,217.1200,103.3600,0.001090
FILLER_33_449,VGND,li1,212.7500,103.3600,0.001058
FILLER_33_445,VGND,li1,210.9100,103.3600,0.001044
FILLER_33_437,VGND,li1,208.3800,103.3600,0.001025
FILLER_33_425,VGND,li1,201.7100,103.3600,0.000950
FILLER_33_412,VGND,li1,195.2700,103.3600,0.000832
FILLER_33_400,VGND,li1,192.2800,103.3600,0.000745
FILLER_33_389,VGND,li1,185.1500,103.3600,0.000570
FILLER_33_381,VGND,li1,182.6200,103.3600,0.000493
FILLER_33_373,VGND,li1,178.0200,103.3600,0.000371
FILLER_33_367,VGND,li1,174.5700,103.3600,0.000401
FILLER_33_361,VGND,li1,172.9600,103.3600,0.000401
FILLER_33_349,VGND,li1,168.8200,103.3600,0.000425
FILLER_33_337,VGND,li1,163.3000,103.3600,0.000465
FILLER_33_330,VGND,li1,158.7000,103.3600,0.000481
FILLER_33_318,VGND,li1,154.5600,103.3600,0.000503
FILLER_33_306,VGND,li1,149.0400,103.3600,0.000533
FILLER_33_298,VGND,li1,142.8300,103.3600,0.000562
FILLER_33_290,VGND,li1,140.7600,103.3600,0.000571
FILLER_33_274,VGND,li1,132.2500,103.3600,0.000600
FILLER_33_266,VGND,li1,129.7200,103.3600,0.000606
FILLER_33_235,VGND,li1,115.4600,103.3600,0.000613
FILLER_33_225,VGND,li1,109.2500,103.3600,0.000604
FILLER_33_223,VGND,li1,108.3300,103.3600,0.000604
FILLER_33_211,VGND,li1,105.3400,103.3600,0.000598
FILLER_33_199,VGND,li1,99.8200,103.3600,0.000585
FILLER_33_177,VGND,li1,88.7800,103.3600,0.000565
FILLER_33_166,VGND,li1,82.3400,103.3600,0.000551
FILLER_33_158,VGND,li1,80.0400,103.3600,0.000546
FILLER_33_146,VGND,li1,75.4400,103.3600,0.000533
FILLER_33_138,VGND,li1,69.9200,103.3600,0.000520
FILLER_33_132,VGND,li1,66.9300,103.3600,0.000510
FILLER_33_113,VGND,li1,59.3400,103.3600,0.000473
FILLER_33_104,VGND,li1,55.2000,103.3600,0.000442
FILLER_33_92,VGND,li1,50.6000,103.3600,0.000395
FILLER_33_60,VGND,li1,35.8800,103.3600,0.000265
FILLER_33_52,VGND,li1,30.3600,103.3600,0.000205
FILLER_33_48,VGND,li1,27.8300,103.3600,0.000176
FILLER_33_6,VGND,li1,8.9700,103.3600,0.000152
FILLER_32_553,VGND,li1,260.1300,97.9200,0.001014
FILLER_32_545,VGND,li1,258.0600,97.9200,0.001014
FILLER_32_533,VGND,li1,253.4600,97.9200,0.001014
FILLER_32_530,VGND,li1,249.7800,97.9200,0.001014
FILLER_32_522,VGND,li1,247.4800,97.9200,0.001014
FILLER_32_510,VGND,li1,242.8800,97.9200,0.001014
FILLER_32_489,VGND,li1,233.2200,97.9200,0.001005
FILLER_32_477,VGND,li1,227.7000,97.9200,0.000992
FILLER_32_474,VGND,li1,224.0200,97.9200,0.000983
FILLER_32_463,VGND,li1,218.7300,97.9200,0.000966
FILLER_32_459,VGND,li1,217.5800,97.9200,0.000966
FILLER_32_451,VGND,li1,213.2100,97.9200,0.000953
FILLER_32_445,VGND,li1,211.6000,97.9200,0.000936
FILLER_32_428,VGND,li1,205.1600,97.9200,0.000871
FILLER_32_406,VGND,li1,192.5100,97.9200,0.000631
FILLER_32_400,VGND,li1,190.9000,97.9200,0.000631
FILLER_32_395,VGND,li1,187.4500,97.9200,0.000519
FILLER_32_383,VGND,li1,184.4600,97.9200,0.000467
FILLER_32_363,VGND,li1,172.7300,97.9200,0.000370
FILLER_32_359,VGND,li1,171.5800,97.9200,0.000370
FILLER_32_347,VGND,li1,167.9000,97.9200,0.000386
FILLER_32_338,VGND,li1,161.4600,97.9200,0.000400
FILLER_32_329,VGND,li1,157.3200,97.9200,0.000404
FILLER_32_321,VGND,li1,155.0200,97.9200,0.000405
FILLER_32_302,VGND,li1,145.1300,97.9200,0.000402
FILLER_32_294,VGND,li1,142.6000,97.9200,0.000399
FILLER_32_282,VGND,li1,138.0000,97.9200,0.000396
FILLER_32_270,VGND,li1,132.4800,97.9200,0.000393
FILLER_32_258,VGND,li1,126.9600,97.9200,0.000389
FILLER_32_253,VGND,li1,122.1300,97.9200,0.000386
FILLER_32_246,VGND,li1,120.0600,97.9200,0.000384
FILLER_32_234,VGND,li1,115.9200,97.9200,0.000380
FILLER_32_213,VGND,li1,103.7300,97.9200,0.000367
FILLER_32_209,VGND,li1,102.5800,97.9200,0.000362
FILLER_32_177,VGND,li1,88.3200,97.9200,0.000339
FILLER_32_165,VGND,li1,84.1800,97.9200,0.000330
FILLER_32_153,VGND,li1,78.6600,97.9200,0.000316
FILLER_32_141,VGND,li1,73.1400,97.9200,0.000306
FILLER_32_138,VGND,li1,69.4600,97.9200,0.000298
FILLER_32_126,VGND,li1,66.2400,97.9200,0.000290
FILLER_32_117,VGND,li1,60.2600,97.9200,0.000276
FILLER_32_105,VGND,li1,56.5800,97.9200,0.000258
FILLER_32_93,VGND,li1,51.0600,97.9200,0.000243
FILLER_32_72,VGND,li1,41.4000,97.9200,0.000200
FILLER_32_60,VGND,li1,35.8800,97.9200,0.000163
FILLER_32_48,VGND,li1,30.3600,97.9200,0.000140
FILLER_32_41,VGND,li1,24.6100,97.9200,0.000100
FILLER_32_29,VGND,li1,21.6200,97.9200,0.000102
FILLER_32_26,VGND,li1,17.9400,97.9200,0.000105
FILLER_31_542,VGND,li1,257.6000,97.9200,0.001014
FILLER_31_530,VGND,li1,252.0800,97.9200,0.001014
FILLER_31_518,VGND,li1,246.5600,97.9200,0.001014
FILLER_31_493,VGND,li1,232.9900,97.9200,0.001005
FILLER_31_485,VGND,li1,230.4600,97.9200,0.000999
FILLER_31_473,VGND,li1,225.8600,97.9200,0.000988
FILLER_31_464,VGND,li1,219.1900,97.9200,0.000971
FILLER_31_456,VGND,li1,217.1200,97.9200,0.000966
FILLER_31_447,VGND,li1,211.3700,97.9200,0.000936
FILLER_31_440,VGND,li1,208.3800,97.9200,0.000908
FILLER_31_428,VGND,li1,205.1600,97.9200,0.000871
FILLER_31_414,VGND,li1,196.1900,97.9200,0.000743
FILLER_31_406,VGND,li1,194.1200,97.9200,0.000701
FILLER_31_391,VGND,li1,185.6100,97.9200,0.000467
FILLER_31_385,VGND,li1,184.0000,97.9200,0.000467
FILLER_31_346,VGND,li1,165.1400,97.9200,0.000395
FILLER_31_327,VGND,li1,156.4000,97.9200,0.000405
FILLER_31_314,VGND,li1,150.6500,97.9200,0.000404
FILLER_31_302,VGND,li1,147.2000,97.9200,0.000403
FILLER_31_290,VGND,li1,141.6800,97.9200,0.000399
FILLER_31_278,VGND,li1,133.8600,97.9200,0.000394
FILLER_31_268,VGND,li1,129.7200,97.9200,0.000391
FILLER_31_249,VGND,li1,121.4400,97.9200,0.000384
FILLER_31_237,VGND,li1,117.3000,97.9200,0.000380
FILLER_31_225,VGND,li1,111.7800,97.9200,0.000377
FILLER_31_223,VGND,li1,108.3300,97.9200,0.000371
FILLER_31_217,VGND,li1,106.7200,97.9200,0.000371
FILLER_31_205,VGND,li1,102.5800,97.9200,0.000362
FILLER_31_181,VGND,li1,89.7000,97.9200,0.000339
FILLER_31_169,VGND,li1,86.0200,97.9200,0.000334
FILLER_31_167,VGND,li1,82.5700,97.9200,0.000324
FILLER_31_163,VGND,li1,81.4200,97.9200,0.000324
FILLER_31_151,VGND,li1,77.7400,97.9200,0.000316
FILLER_31_140,VGND,li1,71.3000,97.9200,0.000302
FILLER_31_128,VGND,li1,67.1600,97.9200,0.000290
FILLER_31_113,VGND,li1,58.1900,97.9200,0.000265
FILLER_31_104,VGND,li1,55.2000,97.9200,0.000258
FILLER_31_69,VGND,li1,38.6400,97.9200,0.000185
FILLER_31_57,VGND,li1,34.5000,97.9200,0.000163
FILLER_31_53,VGND,li1,30.5900,97.9200,0.000140
FILLER_31_41,VGND,li1,24.6100,97.9200,0.000100
FILLER_31_35,VGND,li1,23.0000,97.9200,0.000102
FILLER_31_23,VGND,li1,18.8600,97.9200,0.000104
FILLER_30_553,VGND,li1,260.1300,92.4800,0.000758
FILLER_30_545,VGND,li1,258.0600,92.4800,0.000758
FILLER_30_533,VGND,li1,253.4600,92.4800,0.000758
FILLER_30_526,VGND,li1,248.8600,92.4800,0.000758
FILLER_30_514,VGND,li1,244.7200,92.4800,0.000758
FILLER_30_498,VGND,li1,234.8300,92.4800,0.000750
FILLER_30_489,VGND,li1,230.6900,92.4800,0.000744
FILLER_30_485,VGND,li1,229.5400,92.4800,0.000739
FILLER_30_465,VGND,li1,220.1100,92.4800,0.000719
FILLER_30_453,VGND,li1,216.6600,92.4800,0.000711
FILLER_30_439,VGND,li1,207.6900,92.4800,0.000664
FILLER_30_433,VGND,li1,206.0800,92.4800,0.000629
FILLER_30_421,VGND,li1,201.9400,92.4800,0.000596
FILLER_30_419,VGND,li1,198.4900,92.4800,0.000541
FILLER_30_415,VGND,li1,197.3400,92.4800,0.000541
FILLER_30_400,VGND,li1,191.3600,92.4800,0.000455
FILLER_30_388,VGND,li1,186.7600,92.4800,0.000364
FILLER_30_376,VGND,li1,181.2400,92.4800,0.000283
FILLER_30_365,VGND,li1,174.8000,92.4800,0.000232
FILLER_30_363,VGND,li1,172.7300,92.4800,0.000242
FILLER_30_355,VGND,li1,170.6600,92.4800,0.000253
FILLER_30_349,VGND,li1,166.2900,92.4800,0.000274
FILLER_30_329,VGND,li1,157.5500,92.4800,0.000315
FILLER_30_321,VGND,li1,155.0200,92.4800,0.000327
FILLER_30_309,VGND,li1,150.4200,92.4800,0.000348
FILLER_30_296,VGND,li1,144.4400,92.4800,0.000372
FILLER_30_288,VGND,li1,138.4600,92.4800,0.000394
FILLER_30_253,VGND,li1,122.1300,92.4800,0.000421
FILLER_30_251,VGND,li1,121.2100,92.4800,0.000421
FILLER_30_243,VGND,li1,119.1400,92.4800,0.000421
FILLER_30_230,VGND,li1,111.7800,92.4800,0.000420
FILLER_30_213,VGND,li1,104.1900,92.4800,0.000406
FILLER_30_205,VGND,li1,101.6600,92.4800,0.000399
FILLER_30_183,VGND,li1,89.9300,92.4800,0.000373
FILLER_30_172,VGND,li1,84.8700,92.4800,0.000363
FILLER_30_157,VGND,li1,78.2000,92.4800,0.000344
FILLER_30_147,VGND,li1,73.3700,92.4800,0.000333
FILLER_30_141,VGND,li1,71.7600,92.4800,0.000327
FILLER_30_139,VGND,li1,69.6900,92.4800,0.000321
FILLER_30_131,VGND,li1,67.6200,92.4800,0.000316
FILLER_30_119,VGND,li1,63.0200,92.4800,0.000297
FILLER_30_105,VGND,li1,54.2800,92.4800,0.000268
FILLER_30_97,VGND,li1,51.9800,92.4800,0.000254
FILLER_30_83,VGND,li1,43.9300,92.4800,0.000216
FILLER_30_64,VGND,li1,36.8000,92.4800,0.000172
FILLER_30_41,VGND,li1,25.0700,92.4800,0.000090
FILLER_30_29,VGND,li1,19.7800,92.4800,0.000098
FILLER_30_27,VGND,li1,18.1700,92.4800,0.000098
FILLER_30_15,VGND,li1,15.1800,92.4800,0.000098
FILLER_30_11,VGND,li1,10.8100,92.4800,0.000098
FILLER_30_3,VGND,li1,8.7400,92.4800,0.000098
FILLER_29_552,VGND,li1,259.9000,92.4800,0.000758
FILLER_29_544,VGND,li1,257.6000,92.4800,0.000758
FILLER_29_532,VGND,li1,253.0000,92.4800,0.000758
FILLER_29_520,VGND,li1,247.4800,92.4800,0.000758
FILLER_29_508,VGND,li1,241.9600,92.4800,0.000758
FILLER_29_496,VGND,li1,233.9100,92.4800,0.000750
FILLER_29_488,VGND,li1,231.8400,92.4800,0.000744
FILLER_29_478,VGND,li1,226.0900,92.4800,0.000734
FILLER_29_467,VGND,li1,221.2600,92.4800,0.000719
FILLER_29_455,VGND,li1,217.5800,92.4800,0.000711
FILLER_29_439,VGND,li1,207.9200,92.4800,0.000664
FILLER_29_427,VGND,li1,204.7000,92.4800,0.000629
FILLER_29_415,VGND,li1,199.1800,92.4800,0.000563
FILLER_29_405,VGND,li1,192.7400,92.4800,0.000455
FILLER_29_393,VGND,li1,189.0600,92.4800,0.000419
FILLER_29_391,VGND,li1,185.6100,92.4800,0.000364
FILLER_29_383,VGND,li1,181.9300,92.4800,0.000283
FILLER_29_379,VGND,li1,180.7800,92.4800,0.000283
FILLER_29_367,VGND,li1,177.1000,92.4800,0.000221
FILLER_29_355,VGND,li1,171.5800,92.4800,0.000253
FILLER_29_343,VGND,li1,166.0600,92.4800,0.000283
FILLER_29_334,VGND,li1,159.6200,92.4800,0.000306
FILLER_29_322,VGND,li1,156.4000,92.4800,0.000327
FILLER_29_310,VGND,li1,148.5800,92.4800,0.000360
FILLER_29_279,VGND,li1,134.0900,92.4800,0.000409
FILLER_29_249,VGND,li1,120.2900,92.4800,0.000421
FILLER_29_245,VGND,li1,119.1400,92.4800,0.000421
FILLER_29_212,VGND,li1,103.5000,92.4800,0.000406
FILLER_29_200,VGND,li1,100.2800,92.4800,0.000399
FILLER_29_193,VGND,li1,94.7600,92.4800,0.000385
FILLER_29_181,VGND,li1,91.5400,92.4800,0.000379
FILLER_29_169,VGND,li1,86.0200,92.4800,0.000363
FILLER_29_166,VGND,li1,82.3400,92.4800,0.000357
FILLER_29_158,VGND,li1,80.0400,92.4800,0.000351
FILLER_29_148,VGND,li1,74.0600,92.4800,0.000333
FILLER_29_141,VGND,li1,71.3000,92.4800,0.000327
FILLER_29_136,VGND,li1,68.3100,92.4800,0.000316
FILLER_29_124,VGND,li1,65.3200,92.4800,0.000309
FILLER_29_94,VGND,li1,51.5200,92.4800,0.000254
FILLER_29_66,VGND,li1,37.7200,92.4800,0.000172
FILLER_29_47,VGND,li1,27.6000,92.4800,0.000110
FILLER_29_39,VGND,li1,25.3000,92.4800,0.000090
FILLER_29_15,VGND,li1,13.3400,92.4800,0.000098
FILLER_29_3,VGND,li1,9.6600,92.4800,0.000098
FILLER_28_553,VGND,li1,260.1300,87.0400,0.000627
FILLER_28_545,VGND,li1,258.0600,87.0400,0.000627
FILLER_28_533,VGND,li1,253.4600,87.0400,0.000627
FILLER_28_531,VGND,li1,250.0100,87.0400,0.000627
FILLER_28_519,VGND,li1,247.0200,87.0400,0.000627
FILLER_28_507,VGND,li1,241.5000,87.0400,0.000627
FILLER_28_501,VGND,li1,236.6700,87.0400,0.000615
FILLER_28_493,VGND,li1,234.1400,87.0400,0.000606
FILLER_28_483,VGND,li1,227.9300,87.0400,0.000576
FILLER_28_477,VGND,li1,226.3200,87.0400,0.000576
FILLER_28_472,VGND,li1,223.5600,87.0400,0.000564
FILLER_28_468,VGND,li1,221.0300,87.0400,0.000553
FILLER_28_462,VGND,li1,219.4200,87.0400,0.000544
FILLER_28_450,VGND,li1,215.2800,87.0400,0.000525
FILLER_28_441,VGND,li1,209.0700,87.0400,0.000497
FILLER_28_433,VGND,li1,206.5400,87.0400,0.000482
FILLER_28_421,VGND,li1,201.9400,87.0400,0.000439
FILLER_28_414,VGND,li1,197.3400,87.0400,0.000397
FILLER_28_398,VGND,li1,189.5200,87.0400,0.000312
FILLER_28_386,VGND,li1,185.8400,87.0400,0.000258
FILLER_28_365,VGND,li1,175.2600,87.0400,0.000189
FILLER_28_361,VGND,li1,172.2700,87.0400,0.000203
FILLER_28_353,VGND,li1,169.7400,87.0400,0.000218
FILLER_28_341,VGND,li1,165.1400,87.0400,0.000236
FILLER_28_329,VGND,li1,159.6200,87.0400,0.000268
FILLER_28_313,VGND,li1,149.7300,87.0400,0.000310
FILLER_28_309,VGND,li1,148.5800,87.0400,0.000310
FILLER_28_305,VGND,li1,146.5100,87.0400,0.000318
FILLER_28_297,VGND,li1,143.9800,87.0400,0.000332
FILLER_28_276,VGND,li1,132.7100,87.0400,0.000376
FILLER_28_251,VGND,li1,121.2100,87.0400,0.000410
FILLER_28_243,VGND,li1,119.1400,87.0400,0.000416
FILLER_28_219,VGND,li1,106.4900,87.0400,0.000444
FILLER_28_209,VGND,li1,102.3500,87.0400,0.000443
FILLER_28_197,VGND,li1,98.9000,87.0400,0.000438
FILLER_28_184,VGND,li1,92.9200,87.0400,0.000426
FILLER_28_172,VGND,li1,87.4000,87.0400,0.000416
FILLER_28_160,VGND,li1,81.8800,87.0400,0.000409
FILLER_28_151,VGND,li1,75.6700,87.0400,0.000395
FILLER_28_139,VGND,li1,69.6900,87.0400,0.000385
FILLER_28_117,VGND,li1,61.1800,87.0400,0.000365
FILLER_28_106,VGND,li1,55.2000,87.0400,0.000351
FILLER_28_97,VGND,li1,50.6000,87.0400,0.000334
FILLER_28_85,VGND,li1,47.3800,87.0400,0.000318
FILLER_28_76,VGND,li1,42.3200,87.0400,0.000278
FILLER_28_43,VGND,li1,25.5300,87.0400,0.000123
FILLER_28_32,VGND,li1,20.7000,87.0400,0.000131
FILLER_28_17,VGND,li1,15.1800,87.0400,0.000134
FILLER_28_3,VGND,li1,8.2800,87.0400,0.000137
FILLER_27_542,VGND,li1,257.6000,87.0400,0.000627
FILLER_27_530,VGND,li1,252.0800,87.0400,0.000627
FILLER_27_518,VGND,li1,246.5600,87.0400,0.000627
FILLER_27_494,VGND,li1,233.4500,87.0400,0.000606
FILLER_27_487,VGND,li1,230.4600,87.0400,0.000589
FILLER_27_475,VGND,li1,226.7800,87.0400,0.000576
FILLER_27_467,VGND,li1,220.5700,87.0400,0.000544
FILLER_27_461,VGND,li1,218.9600,87.0400,0.000544
FILLER_27_449,VGND,li1,214.8200,87.0400,0.000525
FILLER_27_446,VGND,li1,211.1400,87.0400,0.000508
FILLER_27_433,VGND,li1,204.9300,87.0400,0.000456
FILLER_27_429,VGND,li1,203.7800,87.0400,0.000456
FILLER_27_417,VGND,li1,200.1000,87.0400,0.000422
FILLER_27_405,VGND,li1,194.5800,87.0400,0.000372
FILLER_27_393,VGND,li1,189.0600,87.0400,0.000312
FILLER_27_385,VGND,li1,182.8500,87.0400,0.000222
FILLER_27_381,VGND,li1,181.7000,87.0400,0.000222
FILLER_27_369,VGND,li1,178.0200,87.0400,0.000176
FILLER_27_357,VGND,li1,172.5000,87.0400,0.000203
FILLER_27_353,VGND,li1,168.1300,87.0400,0.000228
FILLER_27_349,VGND,li1,166.9800,87.0400,0.000228
FILLER_27_337,VGND,li1,163.3000,87.0400,0.000245
FILLER_27_328,VGND,li1,158.2400,87.0400,0.000268
FILLER_27_317,VGND,li1,152.2600,87.0400,0.000299
FILLER_27_305,VGND,li1,148.5800,87.0400,0.000310
FILLER_27_293,VGND,li1,143.0600,87.0400,0.000332
FILLER_27_281,VGND,li1,137.5400,87.0400,0.000353
FILLER_27_279,VGND,li1,134.0900,87.0400,0.000368
FILLER_27_273,VGND,li1,132.4800,87.0400,0.000376
FILLER_27_260,VGND,li1,126.0400,87.0400,0.000397
FILLER_27_248,VGND,li1,122.3600,87.0400,0.000410
FILLER_27_236,VGND,li1,116.8400,87.0400,0.000422
FILLER_27_225,VGND,li1,110.8600,87.0400,0.000436
FILLER_27_223,VGND,li1,108.3300,87.0400,0.000441
FILLER_27_211,VGND,li1,102.8100,87.0400,0.000443
FILLER_27_193,VGND,li1,95.6800,87.0400,0.000433
FILLER_27_181,VGND,li1,91.5400,87.0400,0.000426
FILLER_27_169,VGND,li1,86.0200,87.0400,0.000416
FILLER_27_158,VGND,li1,79.1200,87.0400,0.000404
FILLER_27_148,VGND,li1,74.2900,87.0400,0.000395
FILLER_27_140,VGND,li1,71.7600,87.0400,0.000390
FILLER_27_131,VGND,li1,66.0100,87.0400,0.000375
FILLER_27_125,VGND,li1,64.4000,87.0400,0.000375
FILLER_27_113,VGND,li1,60.2600,87.0400,0.000365
FILLER_27_109,VGND,li1,56.3500,87.0400,0.000351
FILLER_27_97,VGND,li1,52.9000,87.0400,0.000343
FILLER_27_78,VGND,li1,44.1600,87.0400,0.000292
FILLER_27_66,VGND,li1,38.6400,87.0400,0.000235
FILLER_27_55,VGND,li1,31.0500,87.0400,0.000172
FILLER_27_51,VGND,li1,29.9000,87.0400,0.000172
FILLER_27_39,VGND,li1,24.3800,87.0400,0.000126
FILLER_26_553,VGND,li1,260.1300,81.6000,0.000356
FILLER_26_545,VGND,li1,258.0600,81.6000,0.000356
FILLER_26_533,VGND,li1,253.4600,81.6000,0.000356
FILLER_26_531,VGND,li1,250.0100,81.6000,0.000356
FILLER_26_523,VGND,li1,247.9400,81.6000,0.000356
FILLER_26_511,VGND,li1,243.3400,81.6000,0.000356
FILLER_26_505,VGND,li1,238.0500,81.6000,0.000354
FILLER_26_501,VGND,li1,236.9000,81.6000,0.000354
FILLER_26_489,VGND,li1,233.2200,81.6000,0.000352
FILLER_26_477,VGND,li1,227.7000,81.6000,0.000344
FILLER_26_475,VGND,li1,224.2500,81.6000,0.000340
FILLER_26_466,VGND,li1,220.1100,81.6000,0.000334
FILLER_26_458,VGND,li1,217.1200,81.6000,0.000332
FILLER_26_446,VGND,li1,213.4400,81.6000,0.000324
FILLER_26_434,VGND,li1,207.9200,81.6000,0.000316
FILLER_26_421,VGND,li1,199.4100,81.6000,0.000284
FILLER_26_406,VGND,li1,192.5100,81.6000,0.000257
FILLER_26_400,VGND,li1,190.9000,81.6000,0.000257
FILLER_26_390,VGND,li1,185.1500,81.6000,0.000229
FILLER_26_377,VGND,li1,179.1700,81.6000,0.000189
FILLER_26_353,VGND,li1,168.3600,81.6000,0.000314
FILLER_26_321,VGND,li1,153.8700,81.6000,0.000451
FILLER_26_309,VGND,li1,150.4200,81.6000,0.000467
FILLER_26_296,VGND,li1,144.4400,81.6000,0.000512
FILLER_26_275,VGND,li1,132.2500,81.6000,0.000567
FILLER_26_267,VGND,li1,130.1800,81.6000,0.000568
FILLER_26_253,VGND,li1,122.1300,81.6000,0.000571
FILLER_26_250,VGND,li1,120.9800,81.6000,0.000571
FILLER_26_238,VGND,li1,117.7600,81.6000,0.000571
FILLER_26_226,VGND,li1,112.2400,81.6000,0.000569
FILLER_26_217,VGND,li1,105.5700,81.6000,0.000567
FILLER_26_184,VGND,li1,90.8500,81.6000,0.000533
FILLER_26_155,VGND,li1,77.0500,81.6000,0.000484
FILLER_26_147,VGND,li1,74.9800,81.6000,0.000477
FILLER_26_136,VGND,li1,68.3100,81.6000,0.000451
FILLER_26_130,VGND,li1,66.7000,81.6000,0.000442
FILLER_26_118,VGND,li1,62.5600,81.6000,0.000429
FILLER_26_106,VGND,li1,57.0400,81.6000,0.000406
FILLER_26_94,VGND,li1,51.5200,81.6000,0.000386
FILLER_26_85,VGND,li1,46.0000,81.6000,0.000360
FILLER_26_59,VGND,li1,33.1200,81.6000,0.000235
FILLER_26_49,VGND,li1,28.2900,81.6000,0.000181
FILLER_26_41,VGND,li1,26.2200,81.6000,0.000139
FILLER_26_29,VGND,li1,21.6200,81.6000,0.000142
FILLER_26_27,VGND,li1,18.1700,81.6000,0.000144
FILLER_26_23,VGND,li1,17.0200,81.6000,0.000144
FILLER_25_553,VGND,li1,260.1300,81.6000,0.000356
FILLER_25_547,VGND,li1,258.5200,81.6000,0.000356
FILLER_25_535,VGND,li1,254.3800,81.6000,0.000356
FILLER_25_523,VGND,li1,248.8600,81.6000,0.000356
FILLER_25_511,VGND,li1,243.3400,81.6000,0.000356
FILLER_25_502,VGND,li1,236.9000,81.6000,0.000354
FILLER_25_487,VGND,li1,231.3800,81.6000,0.000349
FILLER_25_475,VGND,li1,226.7800,81.6000,0.000344
FILLER_25_449,VGND,li1,213.9000,81.6000,0.000327
FILLER_25_447,VGND,li1,211.3700,81.6000,0.000321
FILLER_25_432,VGND,li1,204.7000,81.6000,0.000307
FILLER_25_424,VGND,li1,202.4000,81.6000,0.000297
FILLER_25_412,VGND,li1,197.8000,81.6000,0.000284
FILLER_25_407,VGND,li1,193.2000,81.6000,0.000266
FILLER_25_389,VGND,li1,185.1500,81.6000,0.000229
FILLER_25_385,VGND,li1,182.8500,81.6000,0.000218
FILLER_25_373,VGND,li1,179.8600,81.6000,0.000202
FILLER_25_351,VGND,li1,167.4400,81.6000,0.000314
FILLER_25_343,VGND,li1,165.1400,81.6000,0.000342
FILLER_25_319,VGND,li1,152.4900,81.6000,0.000451
FILLER_25_295,VGND,li1,141.4500,81.6000,0.000544
FILLER_25_289,VGND,li1,139.8400,81.6000,0.000544
FILLER_25_281,VGND,li1,135.7000,81.6000,0.000565
FILLER_25_277,VGND,li1,133.6300,81.6000,0.000567
FILLER_25_265,VGND,li1,130.1800,81.6000,0.000568
FILLER_25_242,VGND,li1,117.3000,81.6000,0.000571
FILLER_25_230,VGND,li1,114.0800,81.6000,0.000570
FILLER_25_225,VGND,li1,109.4800,81.6000,0.000569
FILLER_25_216,VGND,li1,106.7200,81.6000,0.000569
FILLER_25_186,VGND,li1,91.3100,81.6000,0.000533
FILLER_25_182,VGND,li1,90.1600,81.6000,0.000533
FILLER_25_167,VGND,li1,82.5700,81.6000,0.000499
FILLER_25_161,VGND,li1,80.9600,81.6000,0.000499
FILLER_25_149,VGND,li1,76.8200,81.6000,0.000484
FILLER_25_137,VGND,li1,71.3000,81.6000,0.000458
FILLER_25_125,VGND,li1,65.7800,81.6000,0.000442
FILLER_25_113,VGND,li1,60.2600,81.6000,0.000420
FILLER_25_110,VGND,li1,56.5800,81.6000,0.000406
FILLER_25_102,VGND,li1,54.2800,81.6000,0.000397
FILLER_25_69,VGND,li1,38.6400,81.6000,0.000293
FILLER_25_57,VGND,li1,34.5000,81.6000,0.000235
FILLER_25_55,VGND,li1,31.0500,81.6000,0.000212
FILLER_25_51,VGND,li1,29.9000,81.6000,0.000181
FILLER_25_39,VGND,li1,26.2200,81.6000,0.000139
FILLER_25_27,VGND,li1,20.7000,81.6000,0.000142
FILLER_25_15,VGND,li1,15.1800,81.6000,0.000146
FILLER_25_3,VGND,li1,9.6600,81.6000,0.000148
FILLER_24_553,VGND,li1,260.1300,76.1600,0.000299
FILLER_24_545,VGND,li1,258.0600,76.1600,0.000299
FILLER_24_533,VGND,li1,253.4600,76.1600,0.000299
FILLER_24_531,VGND,li1,250.0100,76.1600,0.000299
FILLER_24_523,VGND,li1,247.9400,76.1600,0.000299
FILLER_24_511,VGND,li1,243.3400,76.1600,0.000299
FILLER_24_496,VGND,li1,233.9100,76.1600,0.000294
FILLER_24_492,VGND,li1,232.7600,76.1600,0.000294
FILLER_24_480,VGND,li1,229.0800,76.1600,0.000290
FILLER_24_475,VGND,li1,224.2500,76.1600,0.000284
FILLER_24_461,VGND,li1,217.8100,76.1600,0.000277
FILLER_24_449,VGND,li1,214.8200,76.1600,0.000273
FILLER_24_421,VGND,li1,201.0200,76.1600,0.000233
FILLER_24_419,VGND,li1,198.4900,76.1600,0.000221
FILLER_24_415,VGND,li1,197.3400,76.1600,0.000211
FILLER_24_403,VGND,li1,193.6600,76.1600,0.000193
FILLER_24_391,VGND,li1,188.1400,76.1600,0.000167
FILLER_24_379,VGND,li1,182.6200,76.1600,0.000143
FILLER_24_365,VGND,li1,174.3400,76.1600,0.000154
FILLER_24_363,VGND,li1,172.7300,76.1600,0.000165
FILLER_24_359,VGND,li1,171.5800,76.1600,0.000165
FILLER_24_347,VGND,li1,167.9000,76.1600,0.000185
FILLER_24_333,VGND,li1,158.9300,76.1600,0.000228
FILLER_24_321,VGND,li1,155.9400,76.1600,0.000243
FILLER_24_309,VGND,li1,150.4200,76.1600,0.000268
FILLER_24_307,VGND,li1,146.9700,76.1600,0.000285
FILLER_24_303,VGND,li1,145.8200,76.1600,0.000295
FILLER_24_258,VGND,li1,125.5800,76.1600,0.000350
FILLER_24_253,VGND,li1,122.1300,76.1600,0.000356
FILLER_24_251,VGND,li1,121.2100,76.1600,0.000359
FILLER_24_245,VGND,li1,119.6000,76.1600,0.000359
FILLER_24_214,VGND,li1,104.4200,76.1600,0.000376
FILLER_24_204,VGND,li1,99.5900,76.1600,0.000376
FILLER_24_188,VGND,li1,93.8400,76.1600,0.000371
FILLER_24_176,VGND,li1,89.2400,76.1600,0.000368
FILLER_24_164,VGND,li1,83.7200,76.1600,0.000363
FILLER_24_152,VGND,li1,78.2000,76.1600,0.000360
FILLER_24_133,VGND,li1,67.3900,76.1600,0.000350
FILLER_24_125,VGND,li1,64.8600,76.1600,0.000347
FILLER_24_100,VGND,li1,52.2100,76.1600,0.000315
FILLER_24_85,VGND,li1,45.0800,76.1600,0.000262
FILLER_24_81,VGND,li1,43.4700,76.1600,0.000262
FILLER_24_69,VGND,li1,40.0200,76.1600,0.000225
FILLER_24_57,VGND,li1,34.5000,76.1600,0.000187
FILLER_24_29,VGND,li1,21.6200,76.1600,0.000116
FILLER_24_27,VGND,li1,18.1700,76.1600,0.000116
FILLER_24_15,VGND,li1,15.1800,76.1600,0.000116
FILLER_24_3,VGND,li1,9.6600,76.1600,0.000116
FILLER_23_553,VGND,li1,260.1300,76.1600,0.000299
FILLER_23_541,VGND,li1,257.1400,76.1600,0.000299
FILLER_23_529,VGND,li1,251.6200,76.1600,0.000299
FILLER_23_517,VGND,li1,246.1000,76.1600,0.000299
FILLER_23_505,VGND,li1,240.5800,76.1600,0.000299
FILLER_23_503,VGND,li1,237.1300,76.1600,0.000298
FILLER_23_495,VGND,li1,235.0600,76.1600,0.000296
FILLER_23_483,VGND,li1,230.4600,76.1600,0.000290
FILLER_23_471,VGND,li1,224.9400,76.1600,0.000284
FILLER_23_461,VGND,li1,218.0400,76.1600,0.000277
FILLER_23_449,VGND,li1,214.8200,76.1600,0.000273
FILLER_23_447,VGND,li1,211.3700,76.1600,0.000267
FILLER_23_443,VGND,li1,210.2200,76.1600,0.000267
FILLER_23_433,VGND,li1,206.0800,76.1600,0.000249
FILLER_23_421,VGND,li1,201.9400,76.1600,0.000233
FILLER_23_409,VGND,li1,196.4200,76.1600,0.000211
FILLER_23_393,VGND,li1,187.2200,76.1600,0.000167
FILLER_23_390,VGND,li1,185.3800,76.1600,0.000157
FILLER_23_382,VGND,li1,183.0800,76.1600,0.000143
FILLER_23_366,VGND,li1,174.3400,76.1600,0.000154
FILLER_23_354,VGND,li1,171.1200,76.1600,0.000165
FILLER_23_325,VGND,li1,155.7100,76.1600,0.000243
FILLER_23_317,VGND,li1,153.1800,76.1600,0.000255
FILLER_23_293,VGND,li1,141.2200,76.1600,0.000313
FILLER_23_281,VGND,li1,135.4700,76.1600,0.000327
FILLER_23_279,VGND,li1,134.0900,76.1600,0.000332
FILLER_23_275,VGND,li1,132.9400,76.1600,0.000338
FILLER_23_266,VGND,li1,128.5700,76.1600,0.000344
FILLER_23_254,VGND,li1,125.1200,76.1600,0.000350
FILLER_23_242,VGND,li1,119.6000,76.1600,0.000359
FILLER_23_230,VGND,li1,114.0800,76.1600,0.000367
FILLER_23_225,VGND,li1,109.4800,76.1600,0.000374
FILLER_23_223,VGND,li1,108.3300,76.1600,0.000374
FILLER_23_211,VGND,li1,105.3400,76.1600,0.000376
FILLER_23_201,VGND,li1,98.4400,76.1600,0.000374
FILLER_23_193,VGND,li1,96.1400,76.1600,0.000373
FILLER_23_181,VGND,li1,91.5400,76.1600,0.000370
FILLER_23_169,VGND,li1,86.0200,76.1600,0.000366
FILLER_23_164,VGND,li1,81.8800,76.1600,0.000361
FILLER_23_150,VGND,li1,74.9800,76.1600,0.000357
FILLER_23_142,VGND,li1,72.6800,76.1600,0.000355
FILLER_23_136,VGND,li1,68.7700,76.1600,0.000350
FILLER_23_128,VGND,li1,66.2400,76.1600,0.000347
FILLER_23_116,VGND,li1,59.1100,76.1600,0.000338
FILLER_23_106,VGND,li1,54.5100,76.1600,0.000325
FILLER_23_100,VGND,li1,52.9000,76.1600,0.000315
FILLER_23_94,VGND,li1,48.9900,76.1600,0.000302
FILLER_23_90,VGND,li1,47.8400,76.1600,0.000290
FILLER_23_78,VGND,li1,44.1600,76.1600,0.000262
FILLER_23_66,VGND,li1,38.6400,76.1600,0.000225
FILLER_23_27,VGND,li1,18.1700,76.1600,0.000116
FILLER_23_15,VGND,li1,15.1800,76.1600,0.000116
FILLER_23_3,VGND,li1,9.6600,76.1600,0.000116
FILLER_22_553,VGND,li1,260.1300,70.7200,0.000235
FILLER_22_545,VGND,li1,258.0600,70.7200,0.000235
FILLER_22_533,VGND,li1,253.4600,70.7200,0.000235
FILLER_22_530,VGND,li1,249.7800,70.7200,0.000235
FILLER_22_522,VGND,li1,247.4800,70.7200,0.000235
FILLER_22_510,VGND,li1,242.8800,70.7200,0.000235
FILLER_22_498,VGND,li1,237.3600,70.7200,0.000235
FILLER_22_489,VGND,li1,231.1500,70.7200,0.000235
FILLER_22_477,VGND,li1,227.7000,70.7200,0.000233
FILLER_22_468,VGND,li1,222.6400,70.7200,0.000231
FILLER_22_456,VGND,li1,218.0400,70.7200,0.000228
FILLER_22_444,VGND,li1,212.5200,70.7200,0.000225
FILLER_22_432,VGND,li1,207.0000,70.7200,0.000222
FILLER_22_421,VGND,li1,199.4100,70.7200,0.000210
FILLER_22_419,VGND,li1,198.4900,70.7200,0.000210
FILLER_22_411,VGND,li1,196.4200,70.7200,0.000204
FILLER_22_406,VGND,li1,192.5100,70.7200,0.000194
FILLER_22_398,VGND,li1,188.8300,70.7200,0.000175
FILLER_22_392,VGND,li1,187.2200,70.7200,0.000175
FILLER_22_380,VGND,li1,183.0800,70.7200,0.000152
FILLER_22_365,VGND,li1,174.8000,70.7200,0.000169
FILLER_22_363,VGND,li1,172.7300,70.7200,0.000197
FILLER_22_359,VGND,li1,171.5800,70.7200,0.000197
FILLER_22_347,VGND,li1,167.9000,70.7200,0.000228
FILLER_22_332,VGND,li1,158.4700,70.7200,0.000306
FILLER_22_324,VGND,li1,156.4000,70.7200,0.000327
FILLER_22_312,VGND,li1,151.8000,70.7200,0.000372
FILLER_22_304,VGND,li1,146.2800,70.7200,0.000416
FILLER_22_292,VGND,li1,142.6000,70.7200,0.000433
FILLER_22_269,VGND,li1,129.9500,70.7200,0.000485
FILLER_22_257,VGND,li1,126.5000,70.7200,0.000497
FILLER_22_251,VGND,li1,121.2100,70.7200,0.000517
FILLER_22_247,VGND,li1,120.0600,70.7200,0.000517
FILLER_22_235,VGND,li1,116.3800,70.7200,0.000526
FILLER_22_209,VGND,li1,103.0400,70.7200,0.000552
FILLER_22_197,VGND,li1,98.9000,70.7200,0.000555
FILLER_22_194,VGND,li1,95.2200,70.7200,0.000556
FILLER_22_175,VGND,li1,87.4000,70.7200,0.000546
FILLER_22_157,VGND,li1,77.9700,70.7200,0.000517
FILLER_22_153,VGND,li1,76.8200,70.7200,0.000510
FILLER_22_141,VGND,li1,73.1400,70.7200,0.000502
FILLER_22_139,VGND,li1,69.6900,70.7200,0.000486
FILLER_22_111,VGND,li1,58.4200,70.7200,0.000452
FILLER_22_99,VGND,li1,53.8200,70.7200,0.000431
FILLER_22_95,VGND,li1,49.4500,70.7200,0.000410
FILLER_22_91,VGND,li1,48.3000,70.7200,0.000410
FILLER_22_70,VGND,li1,39.1000,70.7200,0.000337
FILLER_22_40,VGND,li1,24.1500,70.7200,0.000166
FILLER_22_29,VGND,li1,19.3200,70.7200,0.000168
FILLER_22_23,VGND,li1,16.5600,70.7200,0.000168
FILLER_22_15,VGND,li1,14.2600,70.7200,0.000168
FILLER_22_3,VGND,li1,9.6600,70.7200,0.000168
FILLER_21_553,VGND,li1,260.1300,70.7200,0.000235
FILLER_21_541,VGND,li1,257.1400,70.7200,0.000235
FILLER_21_529,VGND,li1,251.6200,70.7200,0.000235
FILLER_21_517,VGND,li1,246.1000,70.7200,0.000235
FILLER_21_505,VGND,li1,240.5800,70.7200,0.000235
FILLER_21_502,VGND,li1,236.9000,70.7200,0.000235
FILLER_21_465,VGND,li1,219.8800,70.7200,0.000229
FILLER_21_455,VGND,li1,215.0500,70.7200,0.000226
FILLER_21_449,VGND,li1,213.4400,70.7200,0.000226
FILLER_21_445,VGND,li1,210.9100,70.7200,0.000225
FILLER_21_437,VGND,li1,208.3800,70.7200,0.000222
FILLER_21_428,VGND,li1,202.6300,70.7200,0.000216
FILLER_21_422,VGND,li1,201.0200,70.7200,0.000216
FILLER_21_410,VGND,li1,196.8800,70.7200,0.000204
FILLER_21_393,VGND,li1,186.9900,70.7200,0.000167
FILLER_21_390,VGND,li1,185.3800,70.7200,0.000167
FILLER_21_378,VGND,li1,182.1600,70.7200,0.000152
FILLER_21_366,VGND,li1,176.6400,70.7200,0.000154
FILLER_21_352,VGND,li1,167.9000,70.7200,0.000228
FILLER_21_344,VGND,li1,165.6000,70.7200,0.000247
FILLER_21_333,VGND,li1,159.3900,70.7200,0.000306
FILLER_21_321,VGND,li1,155.9400,70.7200,0.000327
FILLER_21_309,VGND,li1,150.4200,70.7200,0.000372
FILLER_21_288,VGND,li1,139.3800,70.7200,0.000444
FILLER_21_266,VGND,li1,129.7200,70.7200,0.000485
FILLER_21_248,VGND,li1,119.8300,70.7200,0.000522
FILLER_21_242,VGND,li1,118.2200,70.7200,0.000522
FILLER_21_230,VGND,li1,114.0800,70.7200,0.000533
FILLER_21_223,VGND,li1,108.3300,70.7200,0.000547
FILLER_21_211,VGND,li1,105.3400,70.7200,0.000550
FILLER_21_201,VGND,li1,98.4400,70.7200,0.000555
FILLER_21_189,VGND,li1,95.2200,70.7200,0.000556
FILLER_21_181,VGND,li1,89.0100,70.7200,0.000546
FILLER_21_175,VGND,li1,87.4000,70.7200,0.000546
FILLER_21_165,VGND,li1,82.1100,70.7200,0.000525
FILLER_21_149,VGND,li1,75.9000,70.7200,0.000510
FILLER_21_137,VGND,li1,71.3000,70.7200,0.000492
FILLER_21_125,VGND,li1,65.7800,70.7200,0.000476
FILLER_21_113,VGND,li1,60.2600,70.7200,0.000459
FILLER_21_110,VGND,li1,56.5800,70.7200,0.000444
FILLER_21_98,VGND,li1,53.3600,70.7200,0.000431
FILLER_21_69,VGND,li1,38.1800,70.7200,0.000312
FILLER_21_57,VGND,li1,34.5000,70.7200,0.000282
FILLER_21_55,VGND,li1,31.0500,70.7200,0.000242
FILLER_21_51,VGND,li1,29.9000,70.7200,0.000206
FILLER_21_44,VGND,li1,26.6800,70.7200,0.000162
FILLER_21_23,VGND,li1,16.3300,70.7200,0.000168
FILLER_21_15,VGND,li1,14.2600,70.7200,0.000168
FILLER_21_3,VGND,li1,9.6600,70.7200,0.000168
FILLER_20_553,VGND,li1,260.1300,65.2800,0.000392
FILLER_20_545,VGND,li1,258.0600,65.2800,0.000392
FILLER_20_533,VGND,li1,253.4600,65.2800,0.000392
FILLER_20_530,VGND,li1,249.7800,65.2800,0.000392
FILLER_20_518,VGND,li1,246.5600,65.2800,0.000392
FILLER_20_506,VGND,li1,241.0400,65.2800,0.000392
FILLER_20_494,VGND,li1,235.5200,65.2800,0.000392
FILLER_20_487,VGND,li1,229.7700,65.2800,0.000392
FILLER_20_483,VGND,li1,228.6200,65.2800,0.000392
FILLER_20_473,VGND,li1,223.7900,65.2800,0.000391
FILLER_20_432,VGND,li1,207.0000,65.2800,0.000387
FILLER_20_421,VGND,li1,200.1000,65.2800,0.000379
FILLER_20_414,VGND,li1,197.3400,65.2800,0.000362
FILLER_20_402,VGND,li1,190.6700,65.2800,0.000296
FILLER_20_396,VGND,li1,189.0600,65.2800,0.000296
FILLER_20_384,VGND,li1,184.9200,65.2800,0.000257
FILLER_20_372,VGND,li1,179.4000,65.2800,0.000205
FILLER_20_363,VGND,li1,172.7300,65.2800,0.000235
FILLER_20_326,VGND,li1,155.7100,65.2800,0.000360
FILLER_20_320,VGND,li1,153.4100,65.2800,0.000378
FILLER_20_312,VGND,li1,150.8800,65.2800,0.000396
FILLER_20_306,VGND,li1,146.7400,65.2800,0.000434
FILLER_20_284,VGND,li1,136.6200,65.2800,0.000485
FILLER_20_275,VGND,li1,132.4800,65.2800,0.000515
FILLER_20_263,VGND,li1,129.2600,65.2800,0.000533
FILLER_20_250,VGND,li1,120.9800,65.2800,0.000566
FILLER_20_241,VGND,li1,117.0700,65.2800,0.000586
FILLER_20_229,VGND,li1,113.6200,65.2800,0.000594
FILLER_20_219,VGND,li1,106.4900,65.2800,0.000616
FILLER_20_197,VGND,li1,96.6000,65.2800,0.000628
FILLER_20_195,VGND,li1,95.4500,65.2800,0.000628
FILLER_20_190,VGND,li1,93.3800,65.2800,0.000628
FILLER_20_178,VGND,li1,90.1600,65.2800,0.000624
FILLER_20_166,VGND,li1,84.6400,65.2800,0.000614
FILLER_20_153,VGND,li1,77.2800,65.2800,0.000594
FILLER_20_141,VGND,li1,73.1400,65.2800,0.000572
FILLER_20_139,VGND,li1,69.6900,65.2800,0.000553
FILLER_20_133,VGND,li1,68.0800,65.2800,0.000540
FILLER_20_125,VGND,li1,63.2500,65.2800,0.000517
FILLER_20_113,VGND,li1,60.2600,65.2800,0.000501
FILLER_20_101,VGND,li1,54.7400,65.2800,0.000463
FILLER_20_92,VGND,li1,48.3000,65.2800,0.000425
FILLER_20_77,VGND,li1,41.1700,65.2800,0.000348
FILLER_20_71,VGND,li1,39.5600,65.2800,0.000310
FILLER_20_59,VGND,li1,35.4200,65.2800,0.000274
FILLER_20_41,VGND,li1,26.2200,65.2800,0.000136
FILLER_20_29,VGND,li1,21.6200,65.2800,0.000136
FILLER_20_27,VGND,li1,18.1700,65.2800,0.000136
FILLER_20_15,VGND,li1,15.1800,65.2800,0.000136
FILLER_20_3,VGND,li1,9.6600,65.2800,0.000136
FILLER_19_553,VGND,li1,260.1300,65.2800,0.000392
FILLER_19_541,VGND,li1,257.1400,65.2800,0.000392
FILLER_19_529,VGND,li1,251.6200,65.2800,0.000392
FILLER_19_517,VGND,li1,246.1000,65.2800,0.000392
FILLER_19_505,VGND,li1,240.5800,65.2800,0.000392
FILLER_19_503,VGND,li1,237.1300,65.2800,0.000392
FILLER_19_495,VGND,li1,235.0600,65.2800,0.000392
FILLER_19_483,VGND,li1,230.4600,65.2800,0.000392
FILLER_19_471,VGND,li1,224.9400,65.2800,0.000391
FILLER_19_463,VGND,li1,218.7300,65.2800,0.000391
FILLER_19_459,VGND,li1,216.8900,65.2800,0.000391
FILLER_19_453,VGND,li1,214.1300,65.2800,0.000390
FILLER_19_449,VGND,li1,212.2900,65.2800,0.000389
FILLER_19_445,VGND,li1,210.9100,65.2800,0.000389
FILLER_19_437,VGND,li1,208.3800,65.2800,0.000387
FILLER_19_405,VGND,li1,193.2000,65.2800,0.000326
FILLER_19_393,VGND,li1,189.0600,65.2800,0.000296
FILLER_19_388,VGND,li1,184.9200,65.2800,0.000257
FILLER_19_378,VGND,li1,180.7800,65.2800,0.000205
FILLER_19_372,VGND,li1,177.1000,65.2800,0.000183
FILLER_19_364,VGND,li1,174.8000,65.2800,0.000217
FILLER_19_344,VGND,li1,166.5200,65.2800,0.000273
FILLER_19_337,VGND,li1,161.4600,65.2800,0.000316
FILLER_19_334,VGND,li1,159.6200,65.2800,0.000330
FILLER_19_289,VGND,li1,138.9200,65.2800,0.000472
FILLER_19_281,VGND,li1,136.6200,65.2800,0.000485
FILLER_19_277,VGND,li1,133.6300,65.2800,0.000501
FILLER_19_269,VGND,li1,131.1000,65.2800,0.000515
FILLER_19_238,VGND,li1,115.6900,65.2800,0.000586
FILLER_19_222,VGND,li1,108.1000,65.2800,0.000616
FILLER_19_193,VGND,li1,95.2200,65.2800,0.000628
FILLER_19_184,VGND,li1,90.8500,65.2800,0.000624
FILLER_19_172,VGND,li1,87.4000,65.2800,0.000619
FILLER_19_167,VGND,li1,82.5700,65.2800,0.000610
FILLER_19_163,VGND,li1,80.7300,65.2800,0.000604
FILLER_19_145,VGND,li1,74.9800,65.2800,0.000581
FILLER_19_113,VGND,li1,60.2600,65.2800,0.000501
FILLER_19_106,VGND,li1,55.6600,65.2800,0.000475
FILLER_19_95,VGND,li1,49.4500,65.2800,0.000425
FILLER_19_87,VGND,li1,47.3800,65.2800,0.000406
FILLER_19_77,VGND,li1,42.3200,65.2800,0.000348
FILLER_19_65,VGND,li1,38.1800,65.2800,0.000310
FILLER_19_55,VGND,li1,31.0500,65.2800,0.000198
FILLER_19_51,VGND,li1,29.9000,65.2800,0.000198
FILLER_19_39,VGND,li1,26.2200,65.2800,0.000136
FILLER_19_27,VGND,li1,20.7000,65.2800,0.000136
FILLER_19_15,VGND,li1,15.1800,65.2800,0.000136
FILLER_19_3,VGND,li1,9.6600,65.2800,0.000136
FILLER_18_553,VGND,li1,260.1300,59.8400,0.000093
FILLER_18_545,VGND,li1,258.0600,59.8400,0.000093
FILLER_18_533,VGND,li1,253.4600,59.8400,0.000093
FILLER_18_530,VGND,li1,249.7800,59.8400,0.000093
FILLER_18_518,VGND,li1,246.5600,59.8400,0.000093
FILLER_18_506,VGND,li1,241.0400,59.8400,0.000093
FILLER_18_494,VGND,li1,235.5200,59.8400,0.000093
FILLER_18_482,VGND,li1,230.0000,59.8400,0.000093
FILLER_18_473,VGND,li1,223.7900,59.8400,0.000093
FILLER_18_456,VGND,li1,215.5100,59.8400,0.000092
FILLER_18_428,VGND,li1,202.8600,59.8400,0.000087
FILLER_18_421,VGND,li1,199.8700,59.8400,0.000086
FILLER_18_408,VGND,li1,195.9600,59.8400,0.000084
FILLER_18_396,VGND,li1,190.4400,59.8400,0.000082
FILLER_18_378,VGND,li1,179.8600,59.8400,0.000071
FILLER_18_365,VGND,li1,173.6500,59.8400,0.000105
FILLER_18_362,VGND,li1,172.5000,59.8400,0.000105
FILLER_18_354,VGND,li1,170.2000,59.8400,0.000127
FILLER_18_342,VGND,li1,165.6000,59.8400,0.000146
FILLER_18_330,VGND,li1,160.0800,59.8400,0.000183
FILLER_18_320,VGND,li1,153.1800,59.8400,0.000220
FILLER_18_312,VGND,li1,150.8800,59.8400,0.000233
FILLER_18_276,VGND,li1,133.4000,59.8400,0.000310
FILLER_18_253,VGND,li1,122.3600,59.8400,0.000348
FILLER_18_238,VGND,li1,115.2300,59.8400,0.000367
FILLER_18_234,VGND,li1,114.0800,59.8400,0.000367
FILLER_18_227,VGND,li1,110.6300,59.8400,0.000373
FILLER_18_215,VGND,li1,107.1800,59.8400,0.000377
FILLER_18_197,VGND,li1,96.8300,59.8400,0.000386
FILLER_18_177,VGND,li1,87.8600,59.8400,0.000385
FILLER_18_165,VGND,li1,84.1800,59.8400,0.000380
FILLER_18_153,VGND,li1,78.6600,59.8400,0.000371
FILLER_18_141,VGND,li1,73.1400,59.8400,0.000361
FILLER_18_139,VGND,li1,69.6900,59.8400,0.000352
FILLER_18_135,VGND,li1,68.5400,59.8400,0.000348
FILLER_18_119,VGND,li1,61.6400,59.8400,0.000332
FILLER_18_107,VGND,li1,57.5000,59.8400,0.000325
FILLER_18_95,VGND,li1,51.9800,59.8400,0.000310
FILLER_18_83,VGND,li1,43.9300,59.8400,0.000274
FILLER_18_77,VGND,li1,42.3200,59.8400,0.000274
FILLER_18_42,VGND,li1,25.0700,59.8400,0.000125
FILLER_18_33,VGND,li1,20.9300,59.8400,0.000129
FILLER_18_29,VGND,li1,19.7800,59.8400,0.000129
FILLER_18_27,VGND,li1,18.1700,59.8400,0.000129
FILLER_18_15,VGND,li1,15.1800,59.8400,0.000130
FILLER_18_3,VGND,li1,9.6600,59.8400,0.000130
FILLER_17_553,VGND,li1,260.1300,59.8400,0.000093
FILLER_17_541,VGND,li1,257.1400,59.8400,0.000093
FILLER_17_529,VGND,li1,251.6200,59.8400,0.000093
FILLER_17_517,VGND,li1,246.1000,59.8400,0.000093
FILLER_17_505,VGND,li1,240.5800,59.8400,0.000093
FILLER_17_502,VGND,li1,236.9000,59.8400,0.000093
FILLER_17_494,VGND,li1,234.6000,59.8400,0.000093
FILLER_17_482,VGND,li1,230.0000,59.8400,0.000093
FILLER_17_470,VGND,li1,224.4800,59.8400,0.000093
FILLER_17_461,VGND,li1,217.8100,59.8400,0.000092
FILLER_17_449,VGND,li1,214.8200,59.8400,0.000092
FILLER_17_444,VGND,li1,210.6800,59.8400,0.000091
FILLER_17_432,VGND,li1,207.0000,59.8400,0.000090
FILLER_17_420,VGND,li1,201.4800,59.8400,0.000087
FILLER_17_408,VGND,li1,195.9600,59.8400,0.000084
FILLER_17_381,VGND,li1,181.0100,59.8400,0.000074
FILLER_17_361,VGND,li1,172.5000,59.8400,0.000105
FILLER_17_349,VGND,li1,168.8200,59.8400,0.000127
FILLER_17_337,VGND,li1,163.3000,59.8400,0.000160
FILLER_17_333,VGND,li1,159.3900,59.8400,0.000183
FILLER_17_305,VGND,li1,146.2800,59.8400,0.000261
FILLER_17_293,VGND,li1,143.0600,59.8400,0.000271
FILLER_17_281,VGND,li1,137.5400,59.8400,0.000295
FILLER_17_279,VGND,li1,134.0900,59.8400,0.000310
FILLER_17_267,VGND,li1,131.1000,59.8400,0.000318
FILLER_17_252,VGND,li1,123.2800,59.8400,0.000348
FILLER_17_246,VGND,li1,118.9100,59.8400,0.000356
FILLER_17_240,VGND,li1,117.3000,59.8400,0.000362
FILLER_17_223,VGND,li1,108.3300,59.8400,0.000377
FILLER_17_219,VGND,li1,107.1800,59.8400,0.000377
FILLER_17_207,VGND,li1,103.5000,59.8400,0.000381
FILLER_17_192,VGND,li1,94.7600,59.8400,0.000387
FILLER_17_180,VGND,li1,91.0800,59.8400,0.000386
FILLER_17_155,VGND,li1,78.2000,59.8400,0.000371
FILLER_17_143,VGND,li1,74.0600,59.8400,0.000361
FILLER_17_137,VGND,li1,69.0000,59.8400,0.000352
FILLER_17_125,VGND,li1,65.7800,59.8400,0.000343
FILLER_17_113,VGND,li1,60.2600,59.8400,0.000332
FILLER_17_104,VGND,li1,55.2000,59.8400,0.000321
FILLER_17_92,VGND,li1,50.6000,59.8400,0.000310
FILLER_17_77,VGND,li1,43.7000,59.8400,0.000274
FILLER_17_25,VGND,li1,17.7100,59.8400,0.000129
FILLER_17_11,VGND,li1,11.2700,59.8400,0.000130
FILLER_17_3,VGND,li1,8.7400,59.8400,0.000130
FILLER_16_553,VGND,li1,260.1300,54.4000,0.000091
FILLER_16_545,VGND,li1,258.0600,54.4000,0.000091
FILLER_16_533,VGND,li1,253.4600,54.4000,0.000091
FILLER_16_531,VGND,li1,250.0100,54.4000,0.000091
FILLER_16_523,VGND,li1,247.9400,54.4000,0.000091
FILLER_16_511,VGND,li1,243.3400,54.4000,0.000091
FILLER_16_499,VGND,li1,237.8200,54.4000,0.000091
FILLER_16_489,VGND,li1,231.1500,54.4000,0.000091
FILLER_16_477,VGND,li1,227.7000,54.4000,0.000091
FILLER_16_475,VGND,li1,224.2500,54.4000,0.000089
FILLER_16_469,VGND,li1,222.6400,54.4000,0.000087
FILLER_16_457,VGND,li1,218.5000,54.4000,0.000085
FILLER_16_445,VGND,li1,212.9800,54.4000,0.000081
FILLER_16_433,VGND,li1,207.4600,54.4000,0.000079
FILLER_16_421,VGND,li1,201.9400,54.4000,0.000075
FILLER_16_408,VGND,li1,195.9600,54.4000,0.000071
FILLER_16_396,VGND,li1,190.4400,54.4000,0.000067
FILLER_16_378,VGND,li1,179.6300,54.4000,0.000061
FILLER_16_373,VGND,li1,177.3300,54.4000,0.000060
FILLER_16_365,VGND,li1,175.2600,54.4000,0.000075
FILLER_16_362,VGND,li1,172.5000,54.4000,0.000085
FILLER_16_350,VGND,li1,169.2800,54.4000,0.000104
FILLER_16_338,VGND,li1,163.7600,54.4000,0.000133
FILLER_16_317,VGND,li1,151.5700,54.4000,0.000192
FILLER_16_305,VGND,li1,146.5100,54.4000,0.000214
FILLER_16_297,VGND,li1,143.9800,54.4000,0.000225
FILLER_16_283,VGND,li1,137.0800,54.4000,0.000249
FILLER_16_271,VGND,li1,132.9400,54.4000,0.000263
FILLER_16_263,VGND,li1,127.4200,54.4000,0.000278
FILLER_16_240,VGND,li1,118.6800,54.4000,0.000302
FILLER_16_221,VGND,li1,107.6400,54.4000,0.000326
FILLER_16_209,VGND,li1,104.4200,54.4000,0.000330
FILLER_16_197,VGND,li1,98.9000,54.4000,0.000342
FILLER_16_192,VGND,li1,94.7600,54.4000,0.000347
FILLER_16_175,VGND,li1,86.2500,54.4000,0.000356
FILLER_16_169,VGND,li1,84.6400,54.4000,0.000356
FILLER_16_161,VGND,li1,80.0400,54.4000,0.000354
FILLER_16_152,VGND,li1,76.1300,54.4000,0.000351
FILLER_16_126,VGND,li1,63.9400,54.4000,0.000334
FILLER_16_118,VGND,li1,61.6400,54.4000,0.000330
FILLER_16_111,VGND,li1,57.0400,54.4000,0.000318
FILLER_16_92,VGND,li1,50.6000,54.4000,0.000293
FILLER_16_76,VGND,li1,40.7100,54.4000,0.000242
FILLER_16_72,VGND,li1,39.5600,54.4000,0.000242
FILLER_16_37,VGND,li1,23.0000,54.4000,0.000127
FILLER_16_29,VGND,li1,20.7000,54.4000,0.000129
FILLER_16_27,VGND,li1,18.1700,54.4000,0.000131
FILLER_16_3,VGND,li1,7.8200,54.4000,0.000134
FILLER_15_553,VGND,li1,260.1300,54.4000,0.000091
FILLER_15_541,VGND,li1,257.1400,54.4000,0.000091
FILLER_15_529,VGND,li1,251.6200,54.4000,0.000091
FILLER_15_517,VGND,li1,246.1000,54.4000,0.000091
FILLER_15_505,VGND,li1,240.5800,54.4000,0.000091
FILLER_15_502,VGND,li1,236.9000,54.4000,0.000091
FILLER_15_494,VGND,li1,234.6000,54.4000,0.000091
FILLER_15_461,VGND,li1,219.4200,54.4000,0.000085
FILLER_15_449,VGND,li1,214.8200,54.4000,0.000083
FILLER_15_447,VGND,li1,211.3700,54.4000,0.000080
FILLER_15_441,VGND,li1,209.7600,54.4000,0.000080
FILLER_15_429,VGND,li1,205.6200,54.4000,0.000078
FILLER_15_417,VGND,li1,200.1000,54.4000,0.000073
FILLER_15_405,VGND,li1,194.5800,54.4000,0.000071
FILLER_15_393,VGND,li1,189.0600,54.4000,0.000067
FILLER_15_389,VGND,li1,185.1500,54.4000,0.000065
FILLER_15_383,VGND,li1,182.3900,54.4000,0.000063
FILLER_15_373,VGND,li1,178.4800,54.4000,0.000060
FILLER_15_361,VGND,li1,174.3400,54.4000,0.000075
FILLER_15_349,VGND,li1,168.8200,54.4000,0.000104
FILLER_15_337,VGND,li1,163.3000,54.4000,0.000133
FILLER_15_334,VGND,li1,159.6200,54.4000,0.000153
FILLER_15_326,VGND,li1,157.3200,54.4000,0.000170
FILLER_15_314,VGND,li1,152.7200,54.4000,0.000192
FILLER_15_304,VGND,li1,146.7400,54.4000,0.000214
FILLER_15_281,VGND,li1,137.5400,54.4000,0.000249
FILLER_15_279,VGND,li1,134.0900,54.4000,0.000263
FILLER_15_273,VGND,li1,132.4800,54.4000,0.000263
FILLER_15_263,VGND,li1,127.4200,54.4000,0.000278
FILLER_15_251,VGND,li1,123.7400,54.4000,0.000290
FILLER_15_233,VGND,li1,113.1600,54.4000,0.000315
FILLER_15_225,VGND,li1,110.8600,54.4000,0.000318
FILLER_15_223,VGND,li1,108.3300,54.4000,0.000326
FILLER_15_217,VGND,li1,106.7200,54.4000,0.000326
FILLER_15_205,VGND,li1,102.5800,54.4000,0.000333
FILLER_15_198,VGND,li1,97.5200,54.4000,0.000342
FILLER_15_186,VGND,li1,93.8400,54.4000,0.000350
FILLER_15_166,VGND,li1,82.3400,54.4000,0.000355
FILLER_15_157,VGND,li1,78.2000,54.4000,0.000353
FILLER_15_139,VGND,li1,70.1500,54.4000,0.000345
FILLER_15_130,VGND,li1,66.0100,54.4000,0.000338
FILLER_15_118,VGND,li1,62.5600,54.4000,0.000330
FILLER_15_104,VGND,li1,53.8200,54.4000,0.000313
FILLER_15_96,VGND,li1,51.5200,54.4000,0.000303
FILLER_15_88,VGND,li1,46.2300,54.4000,0.000281
FILLER_15_84,VGND,li1,45.0800,54.4000,0.000271
FILLER_15_72,VGND,li1,41.4000,54.4000,0.000254
FILLER_15_60,VGND,li1,35.8800,54.4000,0.000216
FILLER_15_34,VGND,li1,21.6200,54.4000,0.000129
FILLER_15_26,VGND,li1,19.3200,54.4000,0.000131
FILLER_15_15,VGND,li1,12.8800,54.4000,0.000134
FILLER_15_3,VGND,li1,9.6600,54.4000,0.000134
FILLER_14_553,VGND,li1,260.1300,48.9600,0.000055
FILLER_14_545,VGND,li1,258.0600,48.9600,0.000055
FILLER_14_533,VGND,li1,253.4600,48.9600,0.000055
FILLER_14_529,VGND,li1,249.5500,48.9600,0.000055
FILLER_14_521,VGND,li1,247.0200,48.9600,0.000055
FILLER_14_509,VGND,li1,242.4200,48.9600,0.000055
FILLER_14_497,VGND,li1,236.9000,48.9600,0.000055
FILLER_14_485,VGND,li1,231.3800,48.9600,0.000055
FILLER_14_481,VGND,li1,227.0100,48.9600,0.000055
FILLER_14_477,VGND,li1,225.8600,48.9600,0.000055
FILLER_14_475,VGND,li1,224.2500,48.9600,0.000055
FILLER_14_469,VGND,li1,222.6400,48.9600,0.000055
FILLER_14_457,VGND,li1,218.5000,48.9600,0.000055
FILLER_14_445,VGND,li1,212.9800,48.9600,0.000055
FILLER_14_433,VGND,li1,207.4600,48.9600,0.000055
FILLER_14_421,VGND,li1,201.9400,48.9600,0.000054
FILLER_14_419,VGND,li1,198.4900,48.9600,0.000054
FILLER_14_413,VGND,li1,196.8800,48.9600,0.000054
FILLER_14_401,VGND,li1,192.7400,48.9600,0.000054
FILLER_14_389,VGND,li1,187.2200,48.9600,0.000054
FILLER_14_377,VGND,li1,181.7000,48.9600,0.000054
FILLER_14_365,VGND,li1,176.1800,48.9600,0.000068
FILLER_14_352,VGND,li1,170.2000,48.9600,0.000108
FILLER_14_340,VGND,li1,164.6800,48.9600,0.000137
FILLER_14_328,VGND,li1,159.1600,48.9600,0.000165
FILLER_14_316,VGND,li1,153.6400,48.9600,0.000198
FILLER_14_312,VGND,li1,149.2700,48.9600,0.000212
FILLER_14_307,VGND,li1,146.9700,48.9600,0.000224
FILLER_14_277,VGND,li1,133.1700,48.9600,0.000277
FILLER_14_253,VGND,li1,122.5900,48.9600,0.000301
FILLER_14_246,VGND,li1,120.0600,48.9600,0.000305
FILLER_14_222,VGND,li1,108.3300,48.9600,0.000315
FILLER_14_214,VGND,li1,105.8000,48.9600,0.000315
FILLER_14_197,VGND,li1,97.0600,48.9600,0.000312
FILLER_14_184,VGND,li1,92.9200,48.9600,0.000309
FILLER_14_165,VGND,li1,81.8800,48.9600,0.000294
FILLER_14_153,VGND,li1,77.2800,48.9600,0.000279
FILLER_14_141,VGND,li1,73.1400,48.9600,0.000268
FILLER_14_128,VGND,li1,67.1600,48.9600,0.000251
FILLER_14_116,VGND,li1,61.6400,48.9600,0.000236
FILLER_14_104,VGND,li1,56.1200,48.9600,0.000218
FILLER_14_85,VGND,li1,44.8500,48.9600,0.000175
FILLER_14_81,VGND,li1,43.4700,48.9600,0.000163
FILLER_14_69,VGND,li1,40.0200,48.9600,0.000148
FILLER_14_57,VGND,li1,34.5000,48.9600,0.000121
FILLER_14_41,VGND,li1,25.3000,48.9600,0.000072
FILLER_14_29,VGND,li1,21.6200,48.9600,0.000073
FILLER_14_27,VGND,li1,18.1700,48.9600,0.000074
FILLER_14_19,VGND,li1,16.1000,48.9600,0.000074
FILLER_14_7,VGND,li1,11.5000,48.9600,0.000076
FILLER_13_553,VGND,li1,260.1300,48.9600,0.000055
FILLER_13_541,VGND,li1,257.1400,48.9600,0.000055
FILLER_13_529,VGND,li1,251.6200,48.9600,0.000055
FILLER_13_517,VGND,li1,246.1000,48.9600,0.000055
FILLER_13_505,VGND,li1,240.5800,48.9600,0.000055
FILLER_13_503,VGND,li1,237.1300,48.9600,0.000055
FILLER_13_497,VGND,li1,235.5200,48.9600,0.000055
FILLER_13_485,VGND,li1,231.3800,48.9600,0.000055
FILLER_13_473,VGND,li1,225.8600,48.9600,0.000055
FILLER_13_461,VGND,li1,220.3400,48.9600,0.000055
FILLER_13_449,VGND,li1,214.8200,48.9600,0.000055
FILLER_13_447,VGND,li1,211.3700,48.9600,0.000055
FILLER_13_441,VGND,li1,209.7600,48.9600,0.000055
FILLER_13_429,VGND,li1,205.6200,48.9600,0.000054
FILLER_13_417,VGND,li1,200.1000,48.9600,0.000054
FILLER_13_405,VGND,li1,194.5800,48.9600,0.000054
FILLER_13_393,VGND,li1,189.0600,48.9600,0.000054
FILLER_13_391,VGND,li1,185.6100,48.9600,0.000054
FILLER_13_385,VGND,li1,184.0000,48.9600,0.000054
FILLER_13_373,VGND,li1,179.8600,48.9600,0.000054
FILLER_13_361,VGND,li1,174.3400,48.9600,0.000084
FILLER_13_349,VGND,li1,168.8200,48.9600,0.000108
FILLER_13_337,VGND,li1,163.3000,48.9600,0.000137
FILLER_13_328,VGND,li1,158.2400,48.9600,0.000165
FILLER_13_318,VGND,li1,152.0300,48.9600,0.000198
FILLER_13_290,VGND,li1,140.7600,48.9600,0.000251
FILLER_13_255,VGND,li1,123.5100,48.9600,0.000301
FILLER_13_247,VGND,li1,120.9800,48.9600,0.000305
FILLER_13_225,VGND,li1,109.4800,48.9600,0.000315
FILLER_13_220,VGND,li1,107.6400,48.9600,0.000315
FILLER_13_205,VGND,li1,100.2800,48.9600,0.000316
FILLER_13_184,VGND,li1,90.6200,48.9600,0.000307
FILLER_13_172,VGND,li1,87.4000,48.9600,0.000303
FILLER_13_164,VGND,li1,81.8800,48.9600,0.000294
FILLER_13_151,VGND,li1,75.9000,48.9600,0.000279
FILLER_13_139,VGND,li1,72.2200,48.9600,0.000268
FILLER_13_127,VGND,li1,66.7000,48.9600,0.000251
FILLER_13_113,VGND,li1,57.9600,48.9600,0.000225
FILLER_13_106,VGND,li1,55.6600,48.9600,0.000218
FILLER_13_101,VGND,li1,52.4400,48.9600,0.000208
FILLER_13_93,VGND,li1,50.1400,48.9600,0.000200
FILLER_13_81,VGND,li1,45.5400,48.9600,0.000175
FILLER_13_69,VGND,li1,39.1000,48.9600,0.000148
FILLER_13_33,VGND,li1,21.3900,48.9600,0.000073
FILLER_13_25,VGND,li1,18.8600,48.9600,0.000074
FILLER_13_11,VGND,li1,11.2700,48.9600,0.000076
FILLER_13_3,VGND,li1,8.7400,48.9600,0.000076
FILLER_12_553,VGND,li1,260.1300,43.5200,0.000030
FILLER_12_545,VGND,li1,258.0600,43.5200,0.000030
FILLER_12_533,VGND,li1,253.4600,43.5200,0.000030
FILLER_12_531,VGND,li1,250.0100,43.5200,0.000030
FILLER_12_525,VGND,li1,248.4000,43.5200,0.000030
FILLER_12_513,VGND,li1,244.2600,43.5200,0.000030
FILLER_12_501,VGND,li1,238.7400,43.5200,0.000030
FILLER_12_489,VGND,li1,233.2200,43.5200,0.000030
FILLER_12_477,VGND,li1,227.7000,43.5200,0.000030
FILLER_12_475,VGND,li1,224.2500,43.5200,0.000030
FILLER_12_469,VGND,li1,222.6400,43.5200,0.000030
FILLER_12_457,VGND,li1,218.5000,43.5200,0.000030
FILLER_12_445,VGND,li1,212.9800,43.5200,0.000030
FILLER_12_433,VGND,li1,207.4600,43.5200,0.000030
FILLER_12_421,VGND,li1,201.9400,43.5200,0.000030
FILLER_12_419,VGND,li1,198.4900,43.5200,0.000030
FILLER_12_413,VGND,li1,196.8800,43.5200,0.000030
FILLER_12_401,VGND,li1,192.7400,43.5200,0.000030
FILLER_12_389,VGND,li1,187.2200,43.5200,0.000030
FILLER_12_377,VGND,li1,181.7000,43.5200,0.000030
FILLER_12_365,VGND,li1,176.1800,43.5200,0.000037
FILLER_12_361,VGND,li1,172.2700,43.5200,0.000049
FILLER_12_353,VGND,li1,169.7400,43.5200,0.000056
FILLER_12_341,VGND,li1,165.1400,43.5200,0.000070
FILLER_12_329,VGND,li1,159.6200,43.5200,0.000088
FILLER_12_306,VGND,li1,146.7400,43.5200,0.000119
FILLER_12_294,VGND,li1,143.5200,43.5200,0.000125
FILLER_12_282,VGND,li1,138.0000,43.5200,0.000136
FILLER_12_253,VGND,li1,122.5900,43.5200,0.000160
FILLER_12_246,VGND,li1,120.0600,43.5200,0.000163
FILLER_12_228,VGND,li1,110.6300,43.5200,0.000175
FILLER_12_220,VGND,li1,108.5600,43.5200,0.000178
FILLER_12_202,VGND,li1,99.1300,43.5200,0.000185
FILLER_12_189,VGND,li1,93.1500,43.5200,0.000187
FILLER_12_177,VGND,li1,89.7000,43.5200,0.000188
FILLER_12_165,VGND,li1,84.1800,43.5200,0.000189
FILLER_12_153,VGND,li1,78.6600,43.5200,0.000190
FILLER_12_141,VGND,li1,73.1400,43.5200,0.000191
FILLER_12_139,VGND,li1,69.6900,43.5200,0.000191
FILLER_12_135,VGND,li1,68.5400,43.5200,0.000191
FILLER_12_109,VGND,li1,56.3500,43.5200,0.000174
FILLER_12_97,VGND,li1,50.6000,43.5200,0.000160
FILLER_12_85,VGND,li1,47.3800,43.5200,0.000150
FILLER_12_83,VGND,li1,43.9300,43.5200,0.000136
FILLER_12_69,VGND,li1,38.1800,43.5200,0.000116
FILLER_12_57,VGND,li1,34.5000,43.5200,0.000103
FILLER_12_29,VGND,li1,20.7000,43.5200,0.000066
FILLER_12_27,VGND,li1,18.1700,43.5200,0.000068
FILLER_11_553,VGND,li1,260.1300,43.5200,0.000030
FILLER_11_541,VGND,li1,257.1400,43.5200,0.000030
FILLER_11_529,VGND,li1,251.6200,43.5200,0.000030
FILLER_11_517,VGND,li1,246.1000,43.5200,0.000030
FILLER_11_505,VGND,li1,240.5800,43.5200,0.000030
FILLER_11_503,VGND,li1,237.1300,43.5200,0.000030
FILLER_11_497,VGND,li1,235.5200,43.5200,0.000030
FILLER_11_485,VGND,li1,231.3800,43.5200,0.000030
FILLER_11_473,VGND,li1,225.8600,43.5200,0.000030
FILLER_11_461,VGND,li1,220.3400,43.5200,0.000030
FILLER_11_449,VGND,li1,214.8200,43.5200,0.000030
FILLER_11_447,VGND,li1,211.3700,43.5200,0.000030
FILLER_11_441,VGND,li1,209.7600,43.5200,0.000030
FILLER_11_429,VGND,li1,205.6200,43.5200,0.000030
FILLER_11_417,VGND,li1,200.1000,43.5200,0.000030
FILLER_11_405,VGND,li1,194.5800,43.5200,0.000030
FILLER_11_393,VGND,li1,189.0600,43.5200,0.000030
FILLER_11_391,VGND,li1,185.6100,43.5200,0.000030
FILLER_11_379,VGND,li1,182.6200,43.5200,0.000030
FILLER_11_357,VGND,li1,171.1200,43.5200,0.000056
FILLER_11_345,VGND,li1,166.9800,43.5200,0.000064
FILLER_11_330,VGND,li1,158.7000,43.5200,0.000088
FILLER_11_317,VGND,li1,152.2600,43.5200,0.000107
FILLER_11_303,VGND,li1,146.2800,43.5200,0.000119
FILLER_11_293,VGND,li1,140.5300,43.5200,0.000131
FILLER_11_281,VGND,li1,137.5400,43.5200,0.000136
FILLER_11_276,VGND,li1,133.4000,43.5200,0.000143
FILLER_11_260,VGND,li1,126.0400,43.5200,0.000157
FILLER_11_248,VGND,li1,122.3600,43.5200,0.000160
FILLER_11_236,VGND,li1,116.8400,43.5200,0.000170
FILLER_11_231,VGND,li1,112.0100,43.5200,0.000175
FILLER_11_225,VGND,li1,110.4000,43.5200,0.000175
FILLER_11_223,VGND,li1,108.3300,43.5200,0.000178
FILLER_11_217,VGND,li1,106.7200,43.5200,0.000180
FILLER_11_205,VGND,li1,102.5800,43.5200,0.000184
FILLER_11_193,VGND,li1,97.0600,43.5200,0.000186
FILLER_11_181,VGND,li1,91.5400,43.5200,0.000187
FILLER_11_169,VGND,li1,86.0200,43.5200,0.000189
FILLER_11_165,VGND,li1,82.1100,43.5200,0.000190
FILLER_11_157,VGND,li1,79.5800,43.5200,0.000190
FILLER_11_150,VGND,li1,74.7500,43.5200,0.000191
FILLER_11_142,VGND,li1,72.6800,43.5200,0.000191
FILLER_11_131,VGND,li1,66.7000,43.5200,0.000190
FILLER_11_120,VGND,li1,61.6400,43.5200,0.000186
FILLER_11_113,VGND,li1,57.9600,43.5200,0.000179
FILLER_11_104,VGND,li1,54.0500,43.5200,0.000170
FILLER_11_92,VGND,li1,50.6000,43.5200,0.000160
FILLER_11_84,VGND,li1,44.8500,43.5200,0.000143
FILLER_11_69,VGND,li1,37.7200,43.5200,0.000116
FILLER_11_57,VGND,li1,34.5000,43.5200,0.000103
FILLER_11_50,VGND,li1,29.9000,43.5200,0.000083
FILLER_11_38,VGND,li1,25.7600,43.5200,0.000061
FILLER_11_26,VGND,li1,20.2400,43.5200,0.000066
FILLER_11_15,VGND,li1,12.8800,43.5200,0.000073
FILLER_11_3,VGND,li1,9.6600,43.5200,0.000074
FILLER_10_553,VGND,li1,260.1300,38.0800,0.000051
FILLER_10_545,VGND,li1,258.0600,38.0800,0.000051
FILLER_10_533,VGND,li1,253.4600,38.0800,0.000051
FILLER_10_531,VGND,li1,250.0100,38.0800,0.000051
FILLER_10_525,VGND,li1,248.4000,38.0800,0.000051
FILLER_10_513,VGND,li1,244.2600,38.0800,0.000051
FILLER_10_501,VGND,li1,238.7400,38.0800,0.000051
FILLER_10_489,VGND,li1,233.2200,38.0800,0.000051
FILLER_10_477,VGND,li1,227.7000,38.0800,0.000051
FILLER_10_475,VGND,li1,224.2500,38.0800,0.000051
FILLER_10_469,VGND,li1,222.6400,38.0800,0.000051
FILLER_10_457,VGND,li1,218.5000,38.0800,0.000051
FILLER_10_445,VGND,li1,212.9800,38.0800,0.000051
FILLER_10_433,VGND,li1,207.4600,38.0800,0.000051
FILLER_10_421,VGND,li1,201.9400,38.0800,0.000051
FILLER_10_414,VGND,li1,197.3400,38.0800,0.000051
FILLER_10_402,VGND,li1,193.2000,38.0800,0.000051
FILLER_10_390,VGND,li1,187.6800,38.0800,0.000051
FILLER_10_357,VGND,li1,169.9700,38.0800,0.000081
FILLER_10_351,VGND,li1,168.3600,38.0800,0.000092
FILLER_10_339,VGND,li1,164.2200,38.0800,0.000106
FILLER_10_315,VGND,li1,150.6500,38.0800,0.000157
FILLER_10_309,VGND,li1,149.0400,38.0800,0.000157
FILLER_10_307,VGND,li1,146.9700,38.0800,0.000167
FILLER_10_283,VGND,li1,135.9300,38.0800,0.000191
FILLER_10_277,VGND,li1,134.3200,38.0800,0.000194
FILLER_10_265,VGND,li1,130.1800,38.0800,0.000199
FILLER_10_253,VGND,li1,124.6600,38.0800,0.000206
FILLER_10_244,VGND,li1,119.6000,38.0800,0.000211
FILLER_10_232,VGND,li1,115.0000,38.0800,0.000213
FILLER_10_220,VGND,li1,109.4800,38.0800,0.000215
FILLER_10_208,VGND,li1,103.9600,38.0800,0.000217
FILLER_10_197,VGND,li1,97.9800,38.0800,0.000218
FILLER_10_190,VGND,li1,94.3000,38.0800,0.000219
FILLER_10_180,VGND,li1,88.7800,38.0800,0.000220
FILLER_10_168,VGND,li1,83.2600,38.0800,0.000219
FILLER_10_156,VGND,li1,80.0400,38.0800,0.000218
FILLER_10_147,VGND,li1,73.3700,38.0800,0.000213
FILLER_10_141,VGND,li1,71.7600,38.0800,0.000213
FILLER_10_137,VGND,li1,69.2300,38.0800,0.000210
FILLER_10_129,VGND,li1,66.7000,38.0800,0.000208
FILLER_10_118,VGND,li1,60.0300,38.0800,0.000196
FILLER_10_106,VGND,li1,57.0400,38.0800,0.000192
FILLER_10_85,VGND,li1,45.3100,38.0800,0.000149
FILLER_10_82,VGND,li1,43.7000,38.0800,0.000149
FILLER_10_73,VGND,li1,39.3300,38.0800,0.000128
FILLER_10_65,VGND,li1,35.6500,38.0800,0.000103
FILLER_10_53,VGND,li1,32.6600,38.0800,0.000093
FILLER_10_41,VGND,li1,27.1400,38.0800,0.000064
FILLER_10_29,VGND,li1,21.6200,38.0800,0.000053
FILLER_10_27,VGND,li1,18.1700,38.0800,0.000053
FILLER_10_15,VGND,li1,15.1800,38.0800,0.000053
FILLER_10_3,VGND,li1,9.6600,38.0800,0.000053
FILLER_9_553,VGND,li1,260.1300,38.0800,0.000051
FILLER_9_541,VGND,li1,257.1400,38.0800,0.000051
FILLER_9_529,VGND,li1,251.6200,38.0800,0.000051
FILLER_9_517,VGND,li1,246.1000,38.0800,0.000051
FILLER_9_505,VGND,li1,240.5800,38.0800,0.000051
FILLER_9_503,VGND,li1,237.1300,38.0800,0.000051
FILLER_9_497,VGND,li1,235.5200,38.0800,0.000051
FILLER_9_485,VGND,li1,231.3800,38.0800,0.000051
FILLER_9_473,VGND,li1,225.8600,38.0800,0.000051
FILLER_9_461,VGND,li1,220.3400,38.0800,0.000051
FILLER_9_449,VGND,li1,214.8200,38.0800,0.000051
FILLER_9_447,VGND,li1,211.3700,38.0800,0.000051
FILLER_9_441,VGND,li1,209.7600,38.0800,0.000051
FILLER_9_429,VGND,li1,205.6200,38.0800,0.000051
FILLER_9_417,VGND,li1,200.1000,38.0800,0.000051
FILLER_9_405,VGND,li1,194.5800,38.0800,0.000051
FILLER_9_393,VGND,li1,189.0600,38.0800,0.000051
FILLER_9_353,VGND,li1,168.1300,38.0800,0.000092
FILLER_9_349,VGND,li1,166.9800,38.0800,0.000092
FILLER_9_337,VGND,li1,163.3000,38.0800,0.000106
FILLER_9_324,VGND,li1,157.3200,38.0800,0.000129
FILLER_9_312,VGND,li1,151.8000,38.0800,0.000148
FILLER_9_281,VGND,li1,135.2400,38.0800,0.000194
FILLER_9_268,VGND,li1,131.5600,38.0800,0.000199
FILLER_9_241,VGND,li1,116.6100,38.0800,0.000213
FILLER_9_237,VGND,li1,115.4600,38.0800,0.000213
FILLER_9_225,VGND,li1,111.7800,38.0800,0.000214
FILLER_9_223,VGND,li1,108.3300,38.0800,0.000216
FILLER_9_196,VGND,li1,97.5200,38.0800,0.000218
FILLER_9_159,VGND,li1,78.8900,38.0800,0.000218
FILLER_9_151,VGND,li1,76.8200,38.0800,0.000216
FILLER_9_139,VGND,li1,72.2200,38.0800,0.000213
FILLER_9_127,VGND,li1,66.7000,38.0800,0.000208
FILLER_9_113,VGND,li1,58.8800,38.0800,0.000196
FILLER_9_104,VGND,li1,55.2000,38.0800,0.000189
FILLER_9_83,VGND,li1,44.1600,38.0800,0.000149
FILLER_9_77,VGND,li1,41.1700,38.0800,0.000137
FILLER_9_69,VGND,li1,39.1000,38.0800,0.000119
FILLER_9_57,VGND,li1,34.5000,38.0800,0.000103
FILLER_9_55,VGND,li1,31.0500,38.0800,0.000079
FILLER_9_51,VGND,li1,29.9000,38.0800,0.000079
FILLER_9_39,VGND,li1,26.2200,38.0800,0.000053
FILLER_9_27,VGND,li1,20.7000,38.0800,0.000053
FILLER_9_15,VGND,li1,15.1800,38.0800,0.000053
FILLER_9_3,VGND,li1,9.6600,38.0800,0.000053
FILLER_8_553,VGND,li1,260.1300,32.6400,0.000058
FILLER_8_545,VGND,li1,258.0600,32.6400,0.000058
FILLER_8_533,VGND,li1,253.4600,32.6400,0.000058
FILLER_8_531,VGND,li1,250.0100,32.6400,0.000058
FILLER_8_525,VGND,li1,248.4000,32.6400,0.000058
FILLER_8_513,VGND,li1,244.2600,32.6400,0.000058
FILLER_8_501,VGND,li1,238.7400,32.6400,0.000058
FILLER_8_489,VGND,li1,233.2200,32.6400,0.000058
FILLER_8_477,VGND,li1,227.7000,32.6400,0.000058
FILLER_8_475,VGND,li1,224.2500,32.6400,0.000058
FILLER_8_469,VGND,li1,222.6400,32.6400,0.000058
FILLER_8_457,VGND,li1,218.5000,32.6400,0.000058
FILLER_8_445,VGND,li1,212.9800,32.6400,0.000058
FILLER_8_433,VGND,li1,207.4600,32.6400,0.000058
FILLER_8_421,VGND,li1,201.9400,32.6400,0.000058
FILLER_8_419,VGND,li1,198.4900,32.6400,0.000058
FILLER_8_407,VGND,li1,195.5000,32.6400,0.000058
FILLER_8_395,VGND,li1,189.9800,32.6400,0.000058
FILLER_8_383,VGND,li1,184.4600,32.6400,0.000058
FILLER_8_365,VGND,li1,173.6500,32.6400,0.000084
FILLER_8_362,VGND,li1,172.5000,32.6400,0.000097
FILLER_8_356,VGND,li1,169.5100,32.6400,0.000103
FILLER_8_334,VGND,li1,159.6200,32.6400,0.000122
FILLER_8_326,VGND,li1,157.3200,32.6400,0.000129
FILLER_8_302,VGND,li1,145.8200,32.6400,0.000146
FILLER_8_290,VGND,li1,141.6800,32.6400,0.000151
FILLER_8_278,VGND,li1,136.1600,32.6400,0.000156
FILLER_8_266,VGND,li1,130.6400,32.6400,0.000161
FILLER_8_253,VGND,li1,122.1300,32.6400,0.000168
FILLER_8_246,VGND,li1,119.3700,32.6400,0.000168
FILLER_8_238,VGND,li1,116.8400,32.6400,0.000168
FILLER_8_228,VGND,li1,111.0900,32.6400,0.000167
FILLER_8_197,VGND,li1,97.5200,32.6400,0.000161
FILLER_8_195,VGND,li1,95.4500,32.6400,0.000160
FILLER_8_189,VGND,li1,93.8400,32.6400,0.000160
FILLER_8_177,VGND,li1,87.1700,32.6400,0.000155
FILLER_8_169,VGND,li1,85.1000,32.6400,0.000154
FILLER_8_148,VGND,li1,74.2900,32.6400,0.000146
FILLER_8_124,VGND,li1,63.0200,32.6400,0.000132
FILLER_8_103,VGND,li1,55.6600,32.6400,0.000121
FILLER_8_91,VGND,li1,50.1400,32.6400,0.000107
FILLER_8_85,VGND,li1,44.8500,32.6400,0.000092
FILLER_8_83,VGND,li1,43.9300,32.6400,0.000086
FILLER_8_77,VGND,li1,42.3200,32.6400,0.000086
FILLER_8_65,VGND,li1,38.1800,32.6400,0.000073
FILLER_8_53,VGND,li1,32.6600,32.6400,0.000055
FILLER_8_41,VGND,li1,27.1400,32.6400,0.000038
FILLER_8_29,VGND,li1,21.6200,32.6400,0.000032
FILLER_8_27,VGND,li1,18.1700,32.6400,0.000032
FILLER_8_15,VGND,li1,15.1800,32.6400,0.000032
FILLER_8_3,VGND,li1,9.6600,32.6400,0.000032
FILLER_7_553,VGND,li1,260.1300,32.6400,0.000058
FILLER_7_541,VGND,li1,257.1400,32.6400,0.000058
FILLER_7_529,VGND,li1,251.6200,32.6400,0.000058
FILLER_7_517,VGND,li1,246.1000,32.6400,0.000058
FILLER_7_505,VGND,li1,240.5800,32.6400,0.000058
FILLER_7_503,VGND,li1,237.1300,32.6400,0.000058
FILLER_7_497,VGND,li1,235.5200,32.6400,0.000058
FILLER_7_485,VGND,li1,231.3800,32.6400,0.000058
FILLER_7_473,VGND,li1,225.8600,32.6400,0.000058
FILLER_7_461,VGND,li1,220.3400,32.6400,0.000058
FILLER_7_449,VGND,li1,214.8200,32.6400,0.000058
FILLER_7_447,VGND,li1,211.3700,32.6400,0.000058
FILLER_7_441,VGND,li1,209.7600,32.6400,0.000058
FILLER_7_429,VGND,li1,205.6200,32.6400,0.000058
FILLER_7_417,VGND,li1,200.1000,32.6400,0.000058
FILLER_7_405,VGND,li1,194.5800,32.6400,0.000058
FILLER_7_393,VGND,li1,189.0600,32.6400,0.000058
FILLER_7_380,VGND,li1,183.0800,32.6400,0.000058
FILLER_7_368,VGND,li1,177.5600,32.6400,0.000058
FILLER_7_349,VGND,li1,166.7500,32.6400,0.000108
FILLER_7_345,VGND,li1,164.4500,32.6400,0.000113
FILLER_7_337,VGND,li1,162.3800,32.6400,0.000117
FILLER_7_333,VGND,li1,159.3900,32.6400,0.000122
FILLER_7_321,VGND,li1,155.9400,32.6400,0.000129
FILLER_7_274,VGND,li1,132.2500,32.6400,0.000161
FILLER_7_262,VGND,li1,128.8000,32.6400,0.000162
FILLER_7_222,VGND,li1,108.1000,32.6400,0.000166
FILLER_7_209,VGND,li1,102.5800,32.6400,0.000164
FILLER_7_205,VGND,li1,100.0500,32.6400,0.000162
FILLER_7_199,VGND,li1,98.4400,32.6400,0.000162
FILLER_7_187,VGND,li1,94.3000,32.6400,0.000160
FILLER_7_175,VGND,li1,88.7800,32.6400,0.000155
FILLER_7_166,VGND,li1,82.3400,32.6400,0.000152
FILLER_7_152,VGND,li1,75.6700,32.6400,0.000146
FILLER_7_140,VGND,li1,72.6800,32.6400,0.000143
FILLER_7_133,VGND,li1,66.9300,32.6400,0.000138
FILLER_7_125,VGND,li1,64.8600,32.6400,0.000136
FILLER_7_113,VGND,li1,60.2600,32.6400,0.000129
FILLER_7_110,VGND,li1,56.5800,32.6400,0.000121
FILLER_7_81,VGND,li1,45.5400,32.6400,0.000092
FILLER_7_69,VGND,li1,40.0200,32.6400,0.000078
FILLER_7_57,VGND,li1,34.5000,32.6400,0.000061
FILLER_7_55,VGND,li1,31.0500,32.6400,0.000047
FILLER_7_51,VGND,li1,29.9000,32.6400,0.000047
FILLER_7_39,VGND,li1,26.2200,32.6400,0.000032
FILLER_7_27,VGND,li1,20.7000,32.6400,0.000032
FILLER_7_15,VGND,li1,15.1800,32.6400,0.000032
FILLER_7_3,VGND,li1,9.6600,32.6400,0.000032
FILLER_6_553,VGND,li1,260.1300,27.2000,0.000066
FILLER_6_545,VGND,li1,258.0600,27.2000,0.000066
FILLER_6_533,VGND,li1,253.4600,27.2000,0.000066
FILLER_6_531,VGND,li1,250.0100,27.2000,0.000066
FILLER_6_525,VGND,li1,248.4000,27.2000,0.000066
FILLER_6_513,VGND,li1,244.2600,27.2000,0.000066
FILLER_6_501,VGND,li1,238.7400,27.2000,0.000066
FILLER_6_489,VGND,li1,233.2200,27.2000,0.000066
FILLER_6_477,VGND,li1,227.7000,27.2000,0.000066
FILLER_6_475,VGND,li1,224.2500,27.2000,0.000066
FILLER_6_469,VGND,li1,222.6400,27.2000,0.000066
FILLER_6_457,VGND,li1,218.5000,27.2000,0.000066
FILLER_6_445,VGND,li1,212.9800,27.2000,0.000066
FILLER_6_433,VGND,li1,207.4600,27.2000,0.000066
FILLER_6_421,VGND,li1,201.9400,27.2000,0.000066
FILLER_6_419,VGND,li1,198.4900,27.2000,0.000066
FILLER_6_413,VGND,li1,196.8800,27.2000,0.000066
FILLER_6_401,VGND,li1,192.7400,27.2000,0.000066
FILLER_6_389,VGND,li1,187.2200,27.2000,0.000066
FILLER_6_377,VGND,li1,181.7000,27.2000,0.000066
FILLER_6_365,VGND,li1,176.1800,27.2000,0.000084
FILLER_6_363,VGND,li1,172.7300,27.2000,0.000101
FILLER_6_357,VGND,li1,171.1200,27.2000,0.000117
FILLER_6_345,VGND,li1,166.9800,27.2000,0.000135
FILLER_6_333,VGND,li1,161.4600,27.2000,0.000174
FILLER_6_321,VGND,li1,155.9400,27.2000,0.000200
FILLER_6_309,VGND,li1,150.4200,27.2000,0.000232
FILLER_6_305,VGND,li1,146.5100,27.2000,0.000254
FILLER_6_293,VGND,li1,140.5300,27.2000,0.000278
FILLER_6_287,VGND,li1,138.9200,27.2000,0.000283
FILLER_6_264,VGND,li1,127.6500,27.2000,0.000299
FILLER_6_242,VGND,li1,117.0700,27.2000,0.000289
FILLER_6_236,VGND,li1,115.4600,27.2000,0.000289
FILLER_6_229,VGND,li1,111.0900,27.2000,0.000280
FILLER_6_221,VGND,li1,109.0200,27.2000,0.000275
FILLER_6_209,VGND,li1,104.4200,27.2000,0.000267
FILLER_6_197,VGND,li1,98.9000,27.2000,0.000255
FILLER_6_188,VGND,li1,93.8400,27.2000,0.000246
FILLER_6_176,VGND,li1,89.2400,27.2000,0.000237
FILLER_6_164,VGND,li1,81.4200,27.2000,0.000220
FILLER_6_153,VGND,li1,76.5900,27.2000,0.000209
FILLER_6_141,VGND,li1,73.1400,27.2000,0.000201
FILLER_6_130,VGND,li1,66.0100,27.2000,0.000182
FILLER_6_122,VGND,li1,63.4800,27.2000,0.000173
FILLER_6_110,VGND,li1,58.8800,27.2000,0.000164
FILLER_6_85,VGND,li1,46.4600,27.2000,0.000122
FILLER_6_83,VGND,li1,43.9300,27.2000,0.000106
FILLER_6_77,VGND,li1,42.3200,27.2000,0.000106
FILLER_6_65,VGND,li1,38.1800,27.2000,0.000090
FILLER_6_53,VGND,li1,32.6600,27.2000,0.000068
FILLER_6_41,VGND,li1,27.1400,27.2000,0.000047
FILLER_6_29,VGND,li1,21.6200,27.2000,0.000039
FILLER_6_27,VGND,li1,18.1700,27.2000,0.000039
FILLER_6_15,VGND,li1,15.1800,27.2000,0.000039
FILLER_6_3,VGND,li1,9.6600,27.2000,0.000039
FILLER_5_553,VGND,li1,260.1300,27.2000,0.000066
FILLER_5_541,VGND,li1,257.1400,27.2000,0.000066
FILLER_5_529,VGND,li1,251.6200,27.2000,0.000066
FILLER_5_517,VGND,li1,246.1000,27.2000,0.000066
FILLER_5_505,VGND,li1,240.5800,27.2000,0.000066
FILLER_5_503,VGND,li1,237.1300,27.2000,0.000066
FILLER_5_497,VGND,li1,235.5200,27.2000,0.000066
FILLER_5_485,VGND,li1,231.3800,27.2000,0.000066
FILLER_5_473,VGND,li1,225.8600,27.2000,0.000066
FILLER_5_461,VGND,li1,220.3400,27.2000,0.000066
FILLER_5_449,VGND,li1,214.8200,27.2000,0.000066
FILLER_5_447,VGND,li1,211.3700,27.2000,0.000066
FILLER_5_441,VGND,li1,209.7600,27.2000,0.000066
FILLER_5_429,VGND,li1,205.6200,27.2000,0.000066
FILLER_5_417,VGND,li1,200.1000,27.2000,0.000066
FILLER_5_405,VGND,li1,194.5800,27.2000,0.000066
FILLER_5_393,VGND,li1,189.0600,27.2000,0.000066
FILLER_5_389,VGND,li1,185.1500,27.2000,0.000066
FILLER_5_357,VGND,li1,169.9700,27.2000,0.000117
FILLER_5_349,VGND,li1,167.9000,27.2000,0.000135
FILLER_5_337,VGND,li1,163.3000,27.2000,0.000156
FILLER_5_324,VGND,li1,157.3200,27.2000,0.000200
FILLER_5_297,VGND,li1,143.0600,27.2000,0.000272
FILLER_5_287,VGND,li1,137.7700,27.2000,0.000283
FILLER_5_281,VGND,li1,136.1600,27.2000,0.000289
FILLER_5_279,VGND,li1,134.0900,27.2000,0.000293
FILLER_5_273,VGND,li1,132.4800,27.2000,0.000293
FILLER_5_261,VGND,li1,128.3400,27.2000,0.000299
FILLER_5_249,VGND,li1,122.8200,27.2000,0.000300
FILLER_5_237,VGND,li1,117.3000,27.2000,0.000292
FILLER_5_225,VGND,li1,111.7800,27.2000,0.000280
FILLER_5_223,VGND,li1,108.3300,27.2000,0.000275
FILLER_5_215,VGND,li1,106.2600,27.2000,0.000271
FILLER_5_203,VGND,li1,101.6600,27.2000,0.000262
FILLER_5_195,VGND,li1,95.4500,27.2000,0.000246
FILLER_5_189,VGND,li1,93.8400,27.2000,0.000246
FILLER_5_177,VGND,li1,89.7000,27.2000,0.000237
FILLER_5_165,VGND,li1,82.1100,27.2000,0.000220
FILLER_5_153,VGND,li1,78.6600,27.2000,0.000214
FILLER_5_141,VGND,li1,73.1400,27.2000,0.000201
FILLER_5_119,VGND,li1,60.4900,27.2000,0.000164
FILLER_5_113,VGND,li1,58.8800,27.2000,0.000164
FILLER_5_109,VGND,li1,56.3500,27.2000,0.000157
FILLER_5_101,VGND,li1,53.8200,27.2000,0.000149
FILLER_5_97,VGND,li1,50.3700,27.2000,0.000133
FILLER_5_93,VGND,li1,49.2200,27.2000,0.000133
FILLER_5_81,VGND,li1,45.5400,27.2000,0.000114
FILLER_5_69,VGND,li1,40.0200,27.2000,0.000097
FILLER_5_57,VGND,li1,34.5000,27.2000,0.000076
FILLER_5_55,VGND,li1,31.0500,27.2000,0.000058
FILLER_5_51,VGND,li1,29.9000,27.2000,0.000058
FILLER_5_39,VGND,li1,26.2200,27.2000,0.000039
FILLER_5_27,VGND,li1,20.7000,27.2000,0.000039
FILLER_5_15,VGND,li1,15.1800,27.2000,0.000039
FILLER_5_3,VGND,li1,9.6600,27.2000,0.000039
FILLER_4_553,VGND,li1,260.1300,21.7600,0.000032
FILLER_4_545,VGND,li1,258.0600,21.7600,0.000032
FILLER_4_533,VGND,li1,253.4600,21.7600,0.000032
FILLER_4_531,VGND,li1,250.0100,21.7600,0.000032
FILLER_4_525,VGND,li1,248.4000,21.7600,0.000032
FILLER_4_513,VGND,li1,244.2600,21.7600,0.000032
FILLER_4_501,VGND,li1,238.7400,21.7600,0.000032
FILLER_4_489,VGND,li1,233.2200,21.7600,0.000032
FILLER_4_477,VGND,li1,227.7000,21.7600,0.000032
FILLER_4_475,VGND,li1,224.2500,21.7600,0.000032
FILLER_4_469,VGND,li1,222.6400,21.7600,0.000032
FILLER_4_457,VGND,li1,218.5000,21.7600,0.000032
FILLER_4_445,VGND,li1,212.9800,21.7600,0.000032
FILLER_4_433,VGND,li1,207.4600,21.7600,0.000032
FILLER_4_421,VGND,li1,201.9400,21.7600,0.000032
FILLER_4_419,VGND,li1,198.4900,21.7600,0.000032
FILLER_4_407,VGND,li1,195.5000,21.7600,0.000032
FILLER_4_395,VGND,li1,189.9800,21.7600,0.000032
FILLER_4_383,VGND,li1,184.4600,21.7600,0.000032
FILLER_4_345,VGND,li1,164.6800,21.7600,0.000072
FILLER_4_333,VGND,li1,161.4600,21.7600,0.000083
FILLER_4_321,VGND,li1,155.9400,21.7600,0.000095
FILLER_4_309,VGND,li1,150.4200,21.7600,0.000105
FILLER_4_307,VGND,li1,146.9700,21.7600,0.000111
FILLER_4_278,VGND,li1,133.6300,21.7600,0.000133
FILLER_4_270,VGND,li1,131.5600,21.7600,0.000135
FILLER_4_248,VGND,li1,120.5200,21.7600,0.000142
FILLER_4_236,VGND,li1,115.0000,21.7600,0.000142
FILLER_4_224,VGND,li1,111.3200,21.7600,0.000140
FILLER_4_212,VGND,li1,105.8000,21.7600,0.000138
FILLER_4_197,VGND,li1,96.6000,21.7600,0.000132
FILLER_4_189,VGND,li1,92.6900,21.7600,0.000129
FILLER_4_183,VGND,li1,91.0800,21.7600,0.000127
FILLER_4_177,VGND,li1,87.4000,21.7600,0.000124
FILLER_4_169,VGND,li1,85.1000,21.7600,0.000121
FILLER_4_157,VGND,li1,80.5000,21.7600,0.000116
FILLER_4_145,VGND,li1,74.9800,21.7600,0.000109
FILLER_4_139,VGND,li1,69.6900,21.7600,0.000101
FILLER_4_130,VGND,li1,66.0100,21.7600,0.000095
FILLER_4_117,VGND,li1,60.0300,21.7600,0.000087
FILLER_4_109,VGND,li1,57.5000,21.7600,0.000082
FILLER_4_97,VGND,li1,52.9000,21.7600,0.000073
FILLER_4_85,VGND,li1,47.3800,21.7600,0.000062
FILLER_4_83,VGND,li1,43.9300,21.7600,0.000053
FILLER_4_77,VGND,li1,42.3200,21.7600,0.000053
FILLER_4_65,VGND,li1,38.1800,21.7600,0.000045
FILLER_4_53,VGND,li1,32.6600,21.7600,0.000034
FILLER_4_41,VGND,li1,27.1400,21.7600,0.000023
FILLER_4_29,VGND,li1,21.6200,21.7600,0.000019
FILLER_4_27,VGND,li1,18.1700,21.7600,0.000019
FILLER_4_15,VGND,li1,15.1800,21.7600,0.000019
FILLER_4_3,VGND,li1,9.6600,21.7600,0.000019
FILLER_3_553,VGND,li1,260.1300,21.7600,0.000032
FILLER_3_541,VGND,li1,257.1400,21.7600,0.000032
FILLER_3_529,VGND,li1,251.6200,21.7600,0.000032
FILLER_3_517,VGND,li1,246.1000,21.7600,0.000032
FILLER_3_505,VGND,li1,240.5800,21.7600,0.000032
FILLER_3_503,VGND,li1,237.1300,21.7600,0.000032
FILLER_3_497,VGND,li1,235.5200,21.7600,0.000032
FILLER_3_485,VGND,li1,231.3800,21.7600,0.000032
FILLER_3_473,VGND,li1,225.8600,21.7600,0.000032
FILLER_3_461,VGND,li1,220.3400,21.7600,0.000032
FILLER_3_449,VGND,li1,214.8200,21.7600,0.000032
FILLER_3_447,VGND,li1,211.3700,21.7600,0.000032
FILLER_3_441,VGND,li1,209.7600,21.7600,0.000032
FILLER_3_429,VGND,li1,205.6200,21.7600,0.000032
FILLER_3_417,VGND,li1,200.1000,21.7600,0.000032
FILLER_3_405,VGND,li1,194.5800,21.7600,0.000032
FILLER_3_393,VGND,li1,189.0600,21.7600,0.000032
FILLER_3_391,VGND,li1,185.6100,21.7600,0.000032
FILLER_3_340,VGND,li1,162.8400,21.7600,0.000077
FILLER_3_314,VGND,li1,150.4200,21.7600,0.000105
FILLER_3_302,VGND,li1,147.2000,21.7600,0.000111
FILLER_3_293,VGND,li1,141.6800,21.7600,0.000121
FILLER_3_281,VGND,li1,137.5400,21.7600,0.000128
FILLER_3_225,VGND,li1,109.7100,21.7600,0.000140
FILLER_3_223,VGND,li1,108.3300,21.7600,0.000139
FILLER_3_219,VGND,li1,107.1800,21.7600,0.000139
FILLER_3_191,VGND,li1,94.0700,21.7600,0.000130
FILLER_3_183,VGND,li1,90.3900,21.7600,0.000127
FILLER_3_169,VGND,li1,85.1000,21.7600,0.000121
FILLER_3_164,VGND,li1,81.8800,21.7600,0.000118
FILLER_3_159,VGND,li1,78.8900,21.7600,0.000113
FILLER_3_153,VGND,li1,76.1300,21.7600,0.000109
FILLER_3_147,VGND,li1,74.5200,21.7600,0.000109
FILLER_3_125,VGND,li1,63.2500,21.7600,0.000091
FILLER_3_113,VGND,li1,60.2600,21.7600,0.000087
FILLER_3_111,VGND,li1,56.8100,21.7600,0.000078
FILLER_3_105,VGND,li1,55.2000,21.7600,0.000078
FILLER_3_93,VGND,li1,51.0600,21.7600,0.000070
FILLER_3_81,VGND,li1,45.5400,21.7600,0.000057
FILLER_3_69,VGND,li1,40.0200,21.7600,0.000048
FILLER_3_57,VGND,li1,34.5000,21.7600,0.000038
FILLER_3_55,VGND,li1,31.0500,21.7600,0.000029
FILLER_3_51,VGND,li1,29.9000,21.7600,0.000029
FILLER_3_39,VGND,li1,26.2200,21.7600,0.000019
FILLER_3_27,VGND,li1,20.7000,21.7600,0.000019
FILLER_3_15,VGND,li1,15.1800,21.7600,0.000019
FILLER_3_3,VGND,li1,9.6600,21.7600,0.000019
FILLER_2_553,VGND,li1,260.1300,16.3200,0.000040
FILLER_2_545,VGND,li1,258.0600,16.3200,0.000040
FILLER_2_533,VGND,li1,253.4600,16.3200,0.000040
FILLER_2_531,VGND,li1,250.0100,16.3200,0.000040
FILLER_2_525,VGND,li1,248.4000,16.3200,0.000040
FILLER_2_513,VGND,li1,244.2600,16.3200,0.000040
FILLER_2_501,VGND,li1,238.7400,16.3200,0.000040
FILLER_2_489,VGND,li1,233.2200,16.3200,0.000040
FILLER_2_477,VGND,li1,227.7000,16.3200,0.000040
FILLER_2_475,VGND,li1,224.2500,16.3200,0.000040
FILLER_2_469,VGND,li1,222.6400,16.3200,0.000040
FILLER_2_457,VGND,li1,218.5000,16.3200,0.000040
FILLER_2_445,VGND,li1,212.9800,16.3200,0.000040
FILLER_2_433,VGND,li1,207.4600,16.3200,0.000040
FILLER_2_421,VGND,li1,201.9400,16.3200,0.000040
FILLER_2_419,VGND,li1,198.4900,16.3200,0.000040
FILLER_2_407,VGND,li1,195.5000,16.3200,0.000040
FILLER_2_395,VGND,li1,189.9800,16.3200,0.000040
FILLER_2_365,VGND,li1,173.6500,16.3200,0.000058
FILLER_2_360,VGND,li1,172.0400,16.3200,0.000058
FILLER_2_341,VGND,li1,163.0700,16.3200,0.000083
FILLER_2_329,VGND,li1,159.6200,16.3200,0.000092
FILLER_2_307,VGND,li1,146.9700,16.3200,0.000121
FILLER_2_256,VGND,li1,125.1200,16.3200,0.000138
FILLER_2_250,VGND,li1,120.9800,16.3200,0.000137
FILLER_2_225,VGND,li1,109.4800,16.3200,0.000131
FILLER_2_213,VGND,li1,106.2600,16.3200,0.000129
FILLER_2_197,VGND,li1,96.8300,16.3200,0.000119
FILLER_2_187,VGND,li1,92.0000,16.3200,0.000114
FILLER_2_173,VGND,li1,85.3300,16.3200,0.000107
FILLER_2_164,VGND,li1,81.4200,16.3200,0.000102
FILLER_2_141,VGND,li1,71.7600,16.3200,0.000088
FILLER_2_138,VGND,li1,69.4600,16.3200,0.000085
FILLER_2_129,VGND,li1,65.5500,16.3200,0.000079
FILLER_2_121,VGND,li1,63.0200,16.3200,0.000075
FILLER_2_109,VGND,li1,58.4200,16.3200,0.000066
FILLER_2_97,VGND,li1,52.9000,16.3200,0.000059
FILLER_2_85,VGND,li1,47.3800,16.3200,0.000051
FILLER_2_83,VGND,li1,43.9300,16.3200,0.000043
FILLER_2_77,VGND,li1,42.3200,16.3200,0.000043
FILLER_2_65,VGND,li1,38.1800,16.3200,0.000036
FILLER_2_53,VGND,li1,32.6600,16.3200,0.000028
FILLER_2_41,VGND,li1,27.1400,16.3200,0.000019
FILLER_2_29,VGND,li1,21.6200,16.3200,0.000016
FILLER_2_27,VGND,li1,18.1700,16.3200,0.000016
FILLER_2_15,VGND,li1,15.1800,16.3200,0.000016
FILLER_2_3,VGND,li1,9.6600,16.3200,0.000016
FILLER_1_553,VGND,li1,260.1300,16.3200,0.000040
FILLER_1_541,VGND,li1,257.1400,16.3200,0.000040
FILLER_1_529,VGND,li1,251.6200,16.3200,0.000040
FILLER_1_517,VGND,li1,246.1000,16.3200,0.000040
FILLER_1_505,VGND,li1,240.5800,16.3200,0.000040
FILLER_1_503,VGND,li1,237.1300,16.3200,0.000040
FILLER_1_497,VGND,li1,235.5200,16.3200,0.000040
FILLER_1_485,VGND,li1,231.3800,16.3200,0.000040
FILLER_1_473,VGND,li1,225.8600,16.3200,0.000040
FILLER_1_461,VGND,li1,220.3400,16.3200,0.000040
FILLER_1_449,VGND,li1,214.8200,16.3200,0.000040
FILLER_1_447,VGND,li1,211.3700,16.3200,0.000040
FILLER_1_441,VGND,li1,209.7600,16.3200,0.000040
FILLER_1_429,VGND,li1,205.6200,16.3200,0.000040
FILLER_1_417,VGND,li1,200.1000,16.3200,0.000040
FILLER_1_405,VGND,li1,194.5800,16.3200,0.000040
FILLER_1_393,VGND,li1,189.0600,16.3200,0.000040
FILLER_1_388,VGND,li1,184.9200,16.3200,0.000040
FILLER_1_375,VGND,li1,178.4800,16.3200,0.000038
FILLER_1_367,VGND,li1,176.1800,16.3200,0.000047
FILLER_1_353,VGND,li1,168.1300,16.3200,0.000073
FILLER_1_349,VGND,li1,166.9800,16.3200,0.000073
FILLER_1_337,VGND,li1,163.3000,16.3200,0.000083
FILLER_1_333,VGND,li1,159.3900,16.3200,0.000092
FILLER_1_325,VGND,li1,156.8600,16.3200,0.000098
FILLER_1_313,VGND,li1,152.2600,16.3200,0.000109
FILLER_1_308,VGND,li1,147.6600,16.3200,0.000118
FILLER_1_300,VGND,li1,145.3600,16.3200,0.000121
FILLER_1_296,VGND,li1,141.9100,16.3200,0.000127
FILLER_1_288,VGND,li1,139.8400,16.3200,0.000130
FILLER_1_281,VGND,li1,135.7000,16.3200,0.000134
FILLER_1_257,VGND,li1,124.4300,16.3200,0.000138
FILLER_1_249,VGND,li1,121.9000,16.3200,0.000138
FILLER_1_237,VGND,li1,117.3000,16.3200,0.000137
FILLER_1_225,VGND,li1,111.7800,16.3200,0.000134
FILLER_1_223,VGND,li1,108.3300,16.3200,0.000131
FILLER_1_219,VGND,li1,107.1800,16.3200,0.000129
FILLER_1_207,VGND,li1,103.5000,16.3200,0.000125
FILLER_1_201,VGND,li1,98.2100,16.3200,0.000121
FILLER_1_193,VGND,li1,96.1400,16.3200,0.000119
FILLER_1_181,VGND,li1,89.2400,16.3200,0.000112
FILLER_1_169,VGND,li1,86.0200,16.3200,0.000107
FILLER_1_157,VGND,li1,77.9700,16.3200,0.000096
FILLER_1_149,VGND,li1,74.9800,16.3200,0.000092
FILLER_1_137,VGND,li1,71.3000,16.3200,0.000088
FILLER_1_125,VGND,li1,65.7800,16.3200,0.000079
FILLER_1_113,VGND,li1,60.2600,16.3200,0.000071
FILLER_1_111,VGND,li1,56.8100,16.3200,0.000063
FILLER_1_105,VGND,li1,55.2000,16.3200,0.000063
FILLER_1_93,VGND,li1,51.0600,16.3200,0.000057
FILLER_1_81,VGND,li1,45.5400,16.3200,0.000046
FILLER_1_69,VGND,li1,40.0200,16.3200,0.000039
FILLER_1_57,VGND,li1,34.5000,16.3200,0.000031
FILLER_1_55,VGND,li1,31.0500,16.3200,0.000023
FILLER_1_51,VGND,li1,29.9000,16.3200,0.000023
FILLER_1_39,VGND,li1,26.2200,16.3200,0.000016
FILLER_1_27,VGND,li1,20.7000,16.3200,0.000016
FILLER_1_15,VGND,li1,15.1800,16.3200,0.000016
FILLER_1_3,VGND,li1,9.6600,16.3200,0.000016
FILLER_0_553,VGND,li1,260.1300,10.8800,0.000014
FILLER_0_545,VGND,li1,258.0600,10.8800,0.000014
FILLER_0_533,VGND,li1,253.4600,10.8800,0.000014
FILLER_0_529,VGND,li1,249.5500,10.8800,0.000014
FILLER_0_517,VGND,li1,246.1000,10.8800,0.000014
FILLER_0_505,VGND,li1,240.5800,10.8800,0.000014
FILLER_0_501,VGND,li1,236.6700,10.8800,0.000014
FILLER_0_489,VGND,li1,233.2200,10.8800,0.000014
FILLER_0_477,VGND,li1,227.7000,10.8800,0.000014
FILLER_0_473,VGND,li1,223.7900,10.8800,0.000014
FILLER_0_461,VGND,li1,220.3400,10.8800,0.000014
FILLER_0_449,VGND,li1,214.8200,10.8800,0.000014
FILLER_0_445,VGND,li1,210.9100,10.8800,0.000014
FILLER_0_433,VGND,li1,207.4600,10.8800,0.000014
FILLER_0_421,VGND,li1,201.9400,10.8800,0.000014
FILLER_0_418,VGND,li1,198.2600,10.8800,0.000014
FILLER_0_410,VGND,li1,195.9600,10.8800,0.000014
FILLER_0_398,VGND,li1,191.3600,10.8800,0.000014
FILLER_0_393,VGND,li1,186.7600,10.8800,0.000014
FILLER_0_385,VGND,li1,183.3100,10.8800,0.000014
FILLER_0_377,VGND,li1,179.8600,10.8800,0.000013
FILLER_0_370,VGND,li1,176.6400,10.8800,0.000016
FILLER_0_365,VGND,li1,173.8800,10.8800,0.000018
FILLER_0_363,VGND,li1,172.7300,10.8800,0.000018
FILLER_0_356,VGND,li1,170.2000,10.8800,0.000020
FILLER_0_351,VGND,li1,167.4400,10.8800,0.000023
FILLER_0_343,VGND,li1,165.1400,10.8800,0.000025
FILLER_0_337,VGND,li1,161.0000,10.8800,0.000029
FILLER_0_335,VGND,li1,159.8500,10.8800,0.000030
FILLER_0_329,VGND,li1,157.5500,10.8800,0.000032
FILLER_0_321,VGND,li1,154.1000,10.8800,0.000033
FILLER_0_314,VGND,li1,150.8800,10.8800,0.000035
FILLER_0_309,VGND,li1,148.1200,10.8800,0.000036
FILLER_0_300,VGND,li1,144.4400,10.8800,0.000038
FILLER_0_294,VGND,li1,141.4500,10.8800,0.000039
FILLER_0_286,VGND,li1,138.0000,10.8800,0.000039
FILLER_0_281,VGND,li1,135.2400,10.8800,0.000039
FILLER_0_279,VGND,li1,134.0900,10.8800,0.000039
FILLER_0_272,VGND,li1,131.5600,10.8800,0.000039
FILLER_0_267,VGND,li1,128.8000,10.8800,0.000039
FILLER_0_259,VGND,li1,126.5000,10.8800,0.000040
FILLER_0_253,VGND,li1,122.3600,10.8800,0.000039
FILLER_0_245,VGND,li1,118.9100,10.8800,0.000039
FILLER_0_237,VGND,li1,116.3800,10.8800,0.000038
FILLER_0_225,VGND,li1,111.7800,10.8800,0.000036
FILLER_0_221,VGND,li1,107.8700,10.8800,0.000035
FILLER_0_209,VGND,li1,104.4200,10.8800,0.000033
FILLER_0_197,VGND,li1,98.9000,10.8800,0.000031
FILLER_0_193,VGND,li1,94.9900,10.8800,0.000030
FILLER_0_181,VGND,li1,91.5400,10.8800,0.000029
FILLER_0_169,VGND,li1,86.0200,10.8800,0.000027
FILLER_0_165,VGND,li1,82.1100,10.8800,0.000025
FILLER_0_153,VGND,li1,78.6600,10.8800,0.000024
FILLER_0_141,VGND,li1,73.1400,10.8800,0.000022
FILLER_0_137,VGND,li1,69.2300,10.8800,0.000020
FILLER_0_125,VGND,li1,65.7800,10.8800,0.000019
FILLER_0_113,VGND,li1,60.2600,10.8800,0.000017
FILLER_0_109,VGND,li1,56.3500,10.8800,0.000015
FILLER_0_97,VGND,li1,52.9000,10.8800,0.000014
FILLER_0_85,VGND,li1,47.3800,10.8800,0.000012
FILLER_0_81,VGND,li1,43.4700,10.8800,0.000011
FILLER_0_69,VGND,li1,40.0200,10.8800,0.000009
FILLER_0_57,VGND,li1,34.5000,10.8800,0.000007
FILLER_0_53,VGND,li1,30.5900,10.8800,0.000006
FILLER_0_41,VGND,li1,27.1400,10.8800,0.000005
FILLER_0_29,VGND,li1,21.6200,10.8800,0.000004
FILLER_0_27,VGND,li1,18.1700,10.8800,0.000004
FILLER_0_15,VGND,li1,15.1800,10.8800,0.000004
FILLER_0_3,VGND,li1,9.6600,10.8800,0.000004
ANTENNA_5,VGND,li1,11.0400,103.3600,0.000151
ANTENNA_4,VGND,li1,10.1200,103.3600,0.000152
ANTENNA_3,VGND,li1,221.7200,54.4000,0.000087
ANTENNA_2,VGND,li1,78.2000,190.4000,0.000446
ANTENNA_1,VGND,li1,253.0000,141.4400,0.000613
hold157,VGND,li1,212.0600,163.2000,0.000587
hold156,VGND,li1,215.7400,163.2000,0.000612
hold155,VGND,li1,114.0800,92.4800,0.000423
hold153,VGND,li1,127.4200,174.0800,0.000361
hold152,VGND,li1,123.7400,141.4400,0.000429
hold151,VGND,li1,104.8800,152.3200,0.000710
hold149,VGND,li1,201.4800,179.5200,0.000300
hold148,VGND,li1,171.1200,190.4000,0.000349
hold147,VGND,li1,166.5200,174.0800,0.000264
hold146,VGND,li1,231.8400,201.2800,0.000559
hold145,VGND,li1,196.4200,146.8800,0.000237
hold144,VGND,li1,184.0000,146.8800,0.000189
hold143,VGND,li1,226.7800,179.5200,0.000346
hold142,VGND,li1,149.5000,174.0800,0.000313
hold141,VGND,li1,103.5000,125.1200,0.000740
hold140,VGND,li1,143.9800,195.8400,0.000360
hold139,VGND,li1,131.5600,141.4400,0.000412
hold138,VGND,li1,35.4200,136.0000,0.000251
hold137,VGND,li1,213.9000,184.9600,0.000631
hold136,VGND,li1,201.0200,190.4000,0.000552
hold135,VGND,li1,110.8600,152.3200,0.000689
hold134,VGND,li1,136.6200,136.0000,0.000459
hold133,VGND,li1,39.5600,136.0000,0.000272
hold132,VGND,li1,219.4200,146.8800,0.000298
hold131,VGND,li1,207.0000,157.7600,0.000770
hold130,VGND,li1,119.6000,141.4400,0.000435
hold129,VGND,li1,150.8800,184.9600,0.000339
hold128,VGND,li1,218.9600,157.7600,0.000862
hold127,VGND,li1,239.6600,190.4000,0.000752
hold126,VGND,li1,213.9000,190.4000,0.000653
hold125,VGND,li1,226.7800,168.6400,0.000562
hold124,VGND,li1,157.3200,190.4000,0.000433
hold123,VGND,li1,235.5200,201.2800,0.000561
hold122,VGND,li1,195.0400,152.3200,0.000390
hold121,VGND,li1,175.2600,21.7600,0.000041
hold120,VGND,li1,27.1400,114.2400,0.000186
hold119,VGND,li1,165.6000,184.9600,0.000274
hold118,VGND,li1,216.2000,174.0800,0.000725
hold117,VGND,li1,188.1400,195.8400,0.000293
hold116,VGND,li1,191.8200,184.9600,0.000354
hold115,VGND,li1,44.6200,130.5600,0.000443
hold114,VGND,li1,154.5600,184.9600,0.000324
hold113,VGND,li1,188.1400,179.5200,0.000229
hold112,VGND,li1,158.2400,195.8400,0.000327
hold111,VGND,li1,181.7000,184.9600,0.000227
hold110,VGND,li1,68.0800,152.3200,0.000677
hold109,VGND,li1,69.4600,157.7600,0.000519
hold108,VGND,li1,138.0000,168.6400,0.000412
hold107,VGND,li1,175.7200,163.2000,0.000259
hold106,VGND,li1,178.0200,168.6400,0.000170
hold104,VGND,li1,46.0000,152.3200,0.000462
hold103,VGND,li1,59.8000,152.3200,0.000619
hold102,VGND,li1,127.8800,141.4400,0.000419
hold101,VGND,li1,98.9000,130.5600,0.000683
hold100,VGND,li1,49.2200,136.0000,0.000364
hold99,VGND,li1,84.6400,130.5600,0.000661
hold98,VGND,li1,166.5200,184.9600,0.000274
hold97,VGND,li1,201.0200,174.0800,0.000591
hold96,VGND,li1,25.7600,136.0000,0.000155
hold95,VGND,li1,64.4000,146.8800,0.000556
hold94,VGND,li1,120.0600,130.5600,0.000668
hold93,VGND,li1,27.6000,152.3200,0.000218
hold92,VGND,li1,212.5200,174.0800,0.000702
hold91,VGND,li1,55.6600,130.5600,0.000535
hold90,VGND,li1,140.3000,168.6400,0.000402
hold89,VGND,li1,226.7800,174.0800,0.000771
hold88,VGND,li1,168.3600,21.7600,0.000065
hold87,VGND,li1,172.9600,21.7600,0.000052
hold86,VGND,li1,180.3200,38.0800,0.000051
hold85,VGND,li1,184.0000,38.0800,0.000051
hold84,VGND,li1,115.0000,136.0000,0.000543
hold83,VGND,li1,11.5000,141.4400,0.000086
hold82,VGND,li1,162.3800,43.5200,0.000078
hold81,VGND,li1,89.2400,136.0000,0.000558
hold80,VGND,li1,153.6400,32.6400,0.000135
hold79,VGND,li1,140.7600,32.6400,0.000151
hold78,VGND,li1,252.5400,146.8800,0.000348
hold77,VGND,li1,144.9000,21.7600,0.000117
hold76,VGND,li1,248.4000,136.0000,0.000530
hold75,VGND,li1,252.5400,152.3200,0.000629
hold74,VGND,li1,253.4600,163.2000,0.000760
hold73,VGND,li1,253.0000,119.6800,0.000367
hold72,VGND,li1,117.7600,21.7600,0.000143
hold71,VGND,li1,127.8800,21.7600,0.000139
hold70,VGND,li1,16.5600,114.2400,0.000158
hold69,VGND,li1,16.5600,103.3600,0.000149
hold68,VGND,li1,258.5200,136.0000,0.000534
hold67,VGND,li1,258.5200,168.6400,0.000639
hold66,VGND,li1,258.5200,146.8800,0.000350
hold65,VGND,li1,255.7600,179.5200,0.000361
hold64,VGND,li1,258.5200,179.5200,0.000362
hold63,VGND,li1,257.6000,119.6800,0.000368
hold62,VGND,li1,13.8000,59.8400,0.000130
hold61,VGND,li1,258.5200,119.6800,0.000368
hold60,VGND,li1,258.5200,130.5600,0.001072
hold59,VGND,li1,258.5200,163.2000,0.000762
hold58,VGND,li1,11.5000,87.0400,0.000136
hold57,VGND,li1,20.7000,125.1200,0.000160
hold56,VGND,li1,9.2000,119.6800,0.000136
hold55,VGND,li1,11.9600,108.8000,0.000177
hold54,VGND,li1,13.8000,48.9600,0.000075
hold53,VGND,li1,149.5000,43.5200,0.000113
hold52,VGND,li1,132.0200,130.5600,0.000634
hold51,VGND,li1,119.6000,59.8400,0.000356
hold49,VGND,li1,136.6200,119.6800,0.000386
hold48,VGND,li1,149.5000,54.4000,0.000204
hold47,VGND,li1,132.4800,130.5600,0.000634
hold46,VGND,li1,140.3000,54.4000,0.000239
hold45,VGND,li1,145.3600,59.8400,0.000261
hold44,VGND,li1,23.0000,59.8400,0.000128
hold43,VGND,li1,33.5800,65.2800,0.000251
hold42,VGND,li1,24.8400,103.3600,0.000141
hold41,VGND,li1,138.0000,108.8000,0.000466
hold40,VGND,li1,20.2400,59.8400,0.000129
hold39,VGND,li1,33.5800,125.1200,0.000268
hold38,VGND,li1,142.1400,54.4000,0.000232
hold37,VGND,li1,37.7200,108.8000,0.000327
hold36,VGND,li1,34.0400,119.6800,0.000223
hold35,VGND,li1,27.1400,87.0400,0.000144
hold34,VGND,li1,37.7200,59.8400,0.000245
hold33,VGND,li1,129.7200,108.8000,0.000501
hold32,VGND,li1,22.5400,92.4800,0.000094
hold31,VGND,li1,100.7400,76.1600,0.000376
hold30,VGND,li1,59.3400,125.1200,0.000587
hold29,VGND,li1,41.8600,92.4800,0.000204
hold28,VGND,li1,55.2000,119.6800,0.000374
hold27,VGND,li1,112.7000,114.2400,0.000732
hold26,VGND,li1,132.4800,92.4800,0.000409
hold25,VGND,li1,86.9400,130.5600,0.000668
hold24,VGND,li1,75.9000,130.5600,0.000637
hold23,VGND,li1,72.2200,130.5600,0.000625
hold22,VGND,li1,106.2600,125.1200,0.000730
hold21,VGND,li1,107.6400,81.6000,0.000569
hold20,VGND,li1,46.4600,97.9200,0.000225
hold19,VGND,li1,136.1600,92.4800,0.000404
hold18,VGND,li1,92.4600,119.6800,0.000478
rebuffer5,VGND,li1,102.5800,65.2800,0.000623
rebuffer4,VGND,li1,129.2600,54.4000,0.000273
rebuffer3,VGND,li1,233.4500,54.4000,0.000091
rebuffer2,VGND,li1,133.6300,108.8000,0.000485
rebuffer1,VGND,li1,118.9100,125.1200,0.000678
clkload30,VGND,li1,242.1900,125.1200,0.000766
clkload29,VGND,li1,195.7300,125.1200,0.000438
clkload28,VGND,li1,163.5300,130.5600,0.000487
clkload27,VGND,li1,167.6700,152.3200,0.000338
clkload26,VGND,li1,188.1400,174.0800,0.000389
clkload25,VGND,li1,208.6100,157.7600,0.000770
clkload24,VGND,li1,223.1000,190.4000,0.000717
clkload23,VGND,li1,164.9100,261.1200,0.000100
clkload22,VGND,li1,175.4900,206.7200,0.000232
clkload21,VGND,li1,135.7000,157.7600,0.000585
clkload20,VGND,li1,116.1500,179.5200,0.000414
clkload19,VGND,li1,99.1300,206.7200,0.000673
clkload18,VGND,li1,114.7700,250.2400,0.000184
clkload17,VGND,li1,91.7700,233.9200,0.000423
clkload16,VGND,li1,119.3700,27.2000,0.000296
clkload15,VGND,li1,104.6500,87.0400,0.000447
clkload14,VGND,li1,123.5100,108.8000,0.000518
clkload13,VGND,li1,138.6900,108.8000,0.000466
clkload12,VGND,li1,141.6800,70.7200,0.000433
clkload11,VGND,li1,168.5900,32.6400,0.000103
clkload10,VGND,li1,113.3900,146.8800,0.000678
clkload9,VGND,li1,26.2200,97.9200,0.000100
clkload8,VGND,li1,28.9800,54.4000,0.000168
clkload7,VGND,li1,20.4700,146.8800,0.000198
clkload6,VGND,li1,71.7600,146.8800,0.000584
clkload5,VGND,li1,96.8300,125.1200,0.000752
clkload4,VGND,li1,58.6500,108.8000,0.000519
clkload3,VGND,li1,16.5600,125.1200,0.000164
clkload2,VGND,li1,191.8200,152.3200,0.000371
clkload1,VGND,li1,136.6200,206.7200,0.000698
clkload0,VGND,li1,63.0200,119.6800,0.000402
clkbuf_2_3__f_clk,VGND,li1,199.6400,157.7600,0.000675
clkbuf_2_2__f_clk,VGND,li1,139.8400,206.7200,0.000692
clkbuf_2_1__f_clk,VGND,li1,137.0800,81.6000,0.000563
clkbuf_2_0__f_clk,VGND,li1,62.1000,114.2400,0.000628
clkbuf_0_clk,VGND,li1,129.7200,146.8800,0.000653
clkbuf_leaf_32_clk,VGND,li1,27.3700,97.9200,0.000124
clkbuf_leaf_31_clk,VGND,li1,34.2700,59.8400,0.000221
clkbuf_leaf_30_clk,VGND,li1,124.4300,27.2000,0.000304
clkbuf_leaf_29_clk,VGND,li1,105.5700,87.0400,0.000447
clkbuf_leaf_28_clk,VGND,li1,124.4300,103.3600,0.000620
clkbuf_leaf_27_clk,VGND,li1,139.6100,114.2400,0.000644
clkbuf_leaf_26_clk,VGND,li1,145.1300,70.7200,0.000416
clkbuf_leaf_25_clk,VGND,li1,143.2900,27.2000,0.000272
clkbuf_leaf_24_clk,VGND,li1,172.2700,32.6400,0.000097
clkbuf_leaf_22_clk,VGND,li1,246.3300,125.1200,0.000781
clkbuf_leaf_21_clk,VGND,li1,195.7300,130.5600,0.000636
clkbuf_leaf_20_clk,VGND,li1,163.0700,130.5600,0.000487
clkbuf_leaf_19_clk,VGND,li1,168.5900,152.3200,0.000338
clkbuf_leaf_18_clk,VGND,li1,189.2900,174.0800,0.000440
clkbuf_leaf_17_clk,VGND,li1,207.2300,152.3200,0.000517
clkbuf_leaf_16_clk,VGND,li1,244.9500,163.2000,0.000756
clkbuf_leaf_15_clk,VGND,li1,225.1700,190.4000,0.000730
clkbuf_leaf_14_clk,VGND,li1,165.8300,261.1200,0.000100
clkbuf_leaf_13_clk,VGND,li1,176.4100,201.2800,0.000221
clkbuf_leaf_12_clk,VGND,li1,163.0700,190.4000,0.000411
clkbuf_leaf_11_clk,VGND,li1,137.3100,163.2000,0.000519
clkbuf_leaf_10_clk,VGND,li1,117.0700,179.5200,0.000414
clkbuf_leaf_9_clk,VGND,li1,100.0500,212.1600,0.000503
clkbuf_leaf_8_clk,VGND,li1,115.6900,250.2400,0.000184
clkbuf_leaf_7_clk,VGND,li1,92.6900,233.9200,0.000423
clkbuf_leaf_6_clk,VGND,li1,21.3900,146.8800,0.000198
clkbuf_leaf_5_clk,VGND,li1,75.2100,152.3200,0.000712
clkbuf_leaf_4_clk,VGND,li1,113.3900,146.8800,0.000678
clkbuf_leaf_3_clk,VGND,li1,98.6700,125.1200,0.000754
clkbuf_leaf_2_clk,VGND,li1,60.0300,108.8000,0.000543
clkbuf_leaf_1_clk,VGND,li1,50.3700,130.5600,0.000501
clkbuf_leaf_0_clk,VGND,li1,17.7100,119.6800,0.000132
fanout275,VGND,li1,14.7200,179.5200,0.000095
fanout274,VGND,li1,73.1400,190.4000,0.000431
fanout273,VGND,li1,8.2800,184.9600,0.000107
fanout272,VGND,li1,62.1000,184.9600,0.000303
fanout271,VGND,li1,11.5000,184.9600,0.000107
fanout270,VGND,li1,61.1800,179.5200,0.000249
fanout269,VGND,li1,17.4800,228.4800,0.000052
fanout268,VGND,li1,15.6400,228.4800,0.000052
fanout267,VGND,li1,12.8800,190.4000,0.000155
fanout266,VGND,li1,62.1000,195.8400,0.000179
fanout265,VGND,li1,68.0800,195.8400,0.000195
fanout264,VGND,li1,10.5800,217.6000,0.000175
fanout263,VGND,li1,10.1200,217.6000,0.000175
fanout262,VGND,li1,51.0600,195.8400,0.000147
fanout261,VGND,li1,41.4000,206.7200,0.000288
fanout260,VGND,li1,10.1200,179.5200,0.000097
fanout259,VGND,li1,9.6600,179.5200,0.000097
fanout258,VGND,li1,11.9600,195.8400,0.000057
fanout257,VGND,li1,49.2200,206.7200,0.000362
fanout256,VGND,li1,25.7600,206.7200,0.000135
fanout255,VGND,li1,80.9600,190.4000,0.000452
fanout254,VGND,li1,17.4800,206.7200,0.000145
fanout253,VGND,li1,11.9600,152.3200,0.000199
fanout252,VGND,li1,138.4600,174.0800,0.000341
fanout251,VGND,li1,239.2000,184.9600,0.000759
fanout250,VGND,li1,243.3400,157.7600,0.000936
fanout249,VGND,li1,204.7000,179.5200,0.000311
fanout248,VGND,li1,204.2400,174.0800,0.000628
fanout247,VGND,li1,136.1600,174.0800,0.000348
fanout246,VGND,li1,169.2800,184.9600,0.000262
fanout245,VGND,li1,170.6600,179.5200,0.000235
fanout244,VGND,li1,143.5200,179.5200,0.000377
fanout243,VGND,li1,144.4400,168.6400,0.000389
fanout242,VGND,li1,147.2000,136.0000,0.000398
fanout241,VGND,li1,206.0800,136.0000,0.000416
fanout240,VGND,li1,141.2200,136.0000,0.000432
fanout239,VGND,li1,137.5400,81.6000,0.000563
fanout238,VGND,li1,137.5400,76.1600,0.000321
fanout237,VGND,li1,142.1400,43.5200,0.000131
fanout236,VGND,li1,17.0200,152.3200,0.000197
fanout235,VGND,li1,110.4000,201.2800,0.000500
fanout234,VGND,li1,115.4600,190.4000,0.000503
fanout233,VGND,li1,74.9800,168.6400,0.000429
fanout232,VGND,li1,14.2600,152.3200,0.000198
fanout231,VGND,li1,97.5200,136.0000,0.000567
fanout230,VGND,li1,89.7000,141.4400,0.000429
fanout229,VGND,li1,114.0800,136.0000,0.000546
fanout228,VGND,li1,110.8600,103.3600,0.000607
fanout227,VGND,li1,22.5400,70.7200,0.000166
fanout226,VGND,li1,19.7800,136.0000,0.000134
fanout225,VGND,li1,52.4400,136.0000,0.000386
fanout224,VGND,li1,17.4800,136.0000,0.000137
fanout223,VGND,li1,20.2400,130.5600,0.000185
fanout222,VGND,li1,15.1800,108.8000,0.000175
fanout221,VGND,li1,66.2400,195.8400,0.000190
fanout220,VGND,li1,8.2800,217.6000,0.000175
fanout219,VGND,li1,54.2800,195.8400,0.000156
fanout218,VGND,li1,8.2800,217.6000,0.000175
fanout217,VGND,li1,67.6200,206.7200,0.000520
fanout216,VGND,li1,14.2600,217.6000,0.000173
fanout215,VGND,li1,53.3600,201.2800,0.000342
fanout214,VGND,li1,13.8000,195.8400,0.000056
fanout213,VGND,li1,103.9600,250.2400,0.000170
fanout212,VGND,li1,71.3000,228.4800,0.000225
fanout211,VGND,li1,124.6600,125.1200,0.000653
fanout210,VGND,li1,126.9600,130.5600,0.000649
fanout209,VGND,li1,73.6000,146.8800,0.000595
fanout208,VGND,li1,45.5400,136.0000,0.000327
fanout207,VGND,li1,132.9400,108.8000,0.000485
fanout206,VGND,li1,84.6400,136.0000,0.000545
fanout205,VGND,li1,178.4800,65.2800,0.000183
fanout204,VGND,li1,161.0000,108.8000,0.000364
fanout203,VGND,li1,167.9000,119.6800,0.000247
fanout202,VGND,li1,178.4800,54.4000,0.000060
fanout201,VGND,li1,154.5600,119.6800,0.000326
fanout200,VGND,li1,159.1600,76.1600,0.000228
fanout199,VGND,li1,164.2200,76.1600,0.000202
fanout198,VGND,li1,167.4400,76.1600,0.000185
fanout197,VGND,li1,210.4500,65.2800,0.000389
fanout196,VGND,li1,157.3200,76.1600,0.000243
fanout195,VGND,li1,171.5800,65.2800,0.000235
fanout194,VGND,li1,218.5000,70.7200,0.000229
fanout193,VGND,li1,169.7400,81.6000,0.000288
fanout192,VGND,li1,213.6700,114.2400,0.000531
fanout191,VGND,li1,188.6000,81.6000,0.000243
fanout190,VGND,li1,183.5400,141.4400,0.000223
fanout189,VGND,li1,176.1800,146.8800,0.000197
fanout188,VGND,li1,174.3400,146.8800,0.000219
fanout187,VGND,li1,193.6600,81.6000,0.000266
fanout186,VGND,li1,169.2800,141.4400,0.000241
fanout185,VGND,li1,218.9600,81.6000,0.000334
fanout184,VGND,li1,221.9500,87.0400,0.000553
fanout183,VGND,li1,171.1200,119.6800,0.000226
fanout182,VGND,li1,164.6800,108.8000,0.000341
fanout181,VGND,li1,179.8600,103.3600,0.000423
fanout180,VGND,li1,212.9800,114.2400,0.000531
fanout179,VGND,li1,208.8400,114.2400,0.000513
fanout178,VGND,li1,183.0800,65.2800,0.000240
fanout177,VGND,li1,130.1800,184.9600,0.000380
fanout176,VGND,li1,125.5800,223.0400,0.000432
fanout175,VGND,li1,118.6800,195.8400,0.000323
fanout174,VGND,li1,144.2100,255.6800,0.000071
fanout173,VGND,li1,116.3800,201.2800,0.000503
fanout172,VGND,li1,172.2700,261.1200,0.000073
fanout171,VGND,li1,115.4600,223.0400,0.000426
fanout170,VGND,li1,196.4200,223.0400,0.001000
fanout169,VGND,li1,112.7000,223.0400,0.000421
fanout168,VGND,li1,120.5200,233.9200,0.000489
fanout167,VGND,li1,166.0600,223.0400,0.000429
fanout166,VGND,li1,200.1000,250.2400,0.000077
fanout165,VGND,li1,172.0400,212.1600,0.000206
fanout164,VGND,li1,123.2800,97.9200,0.000386
fanout163,VGND,li1,126.9600,103.3600,0.000613
fanout162,VGND,li1,41.8600,48.9600,0.000163
fanout161,VGND,li1,123.2800,76.1600,0.000356
fanout160,VGND,li1,125.5800,65.2800,0.000544
fanout159,VGND,li1,67.1600,87.0400,0.000381
fanout158,VGND,li1,77.2800,32.6400,0.000148
fanout157,VGND,li1,77.5100,92.4800,0.000344
fanout156,VGND,li1,82.3400,32.6400,0.000152
fanout155,VGND,li1,98.9000,97.9200,0.000359
fanout154,VGND,li1,91.5400,97.9200,0.000343
fanout153,VGND,li1,100.9700,97.9200,0.000362
fanout152,VGND,li1,99.3600,97.9200,0.000359
fanout151,VGND,li1,236.4400,125.1200,0.000735
fanout150,VGND,li1,234.6000,125.1200,0.000724
fanout149,VGND,li1,228.1600,141.4400,0.000563
fanout148,VGND,li1,230.9200,136.0000,0.000504
fanout147,VGND,li1,217.1200,146.8800,0.000289
fanout146,VGND,li1,187.2200,125.1200,0.000360
fanout145,VGND,li1,181.2400,146.8800,0.000177
fanout144,VGND,li1,161.9200,146.8800,0.000377
fanout143,VGND,li1,127.4200,38.0800,0.000202
fanout142,VGND,li1,135.2400,136.0000,0.000475
fanout141,VGND,li1,132.9400,136.0000,0.000486
fanout140,VGND,li1,178.0200,168.6400,0.000170
fanout139,VGND,li1,201.4800,174.0800,0.000591
fanout138,VGND,li1,132.9400,174.0800,0.000351
fanout137,VGND,li1,130.1800,108.8000,0.000495
fanout136,VGND,li1,120.0600,125.1200,0.000678
fanout135,VGND,li1,119.6000,119.6800,0.000449
fanout134,VGND,li1,121.9000,119.6800,0.000440
fanout133,VGND,li1,76.8200,119.6800,0.000455
fanout132,VGND,li1,49.4500,119.6800,0.000335
fanout131,VGND,li1,166.9800,223.0400,0.000426
fanout130,VGND,li1,122.8200,233.9200,0.000489
fanout129,VGND,li1,120.5200,239.3600,0.000121
fanout128,VGND,li1,118.6800,233.9200,0.000487
fanout127,VGND,li1,132.0200,255.6800,0.000076
fanout126,VGND,li1,130.1800,255.6800,0.000076
fanout125,VGND,li1,135.7000,255.6800,0.000075
fanout124,VGND,li1,133.8600,255.6800,0.000076
fanout123,VGND,li1,194.3500,255.6800,0.000036
fanout122,VGND,li1,133.4000,250.2400,0.000152
fanout121,VGND,li1,181.7000,261.1200,0.000052
fanout120,VGND,li1,169.2800,261.1200,0.000084
fanout119,VGND,li1,194.5800,261.1200,0.000062
fanout118,VGND,li1,166.9800,255.6800,0.000048
fanout117,VGND,li1,200.1000,261.1200,0.000063
fanout116,VGND,li1,154.5600,59.8400,0.000220
fanout115,VGND,li1,156.4000,59.8400,0.000201
fanout114,VGND,li1,149.0400,54.4000,0.000204
fanout113,VGND,li1,105.3400,21.7600,0.000138
fanout112,VGND,li1,134.3200,43.5200,0.000143
fanout111,VGND,li1,97.5200,21.7600,0.000132
fanout110,VGND,li1,130.1800,48.9600,0.000285
fanout109,VGND,li1,106.7200,32.6400,0.000166
fanout108,VGND,li1,113.1600,43.5200,0.000173
fanout107,VGND,li1,80.0400,21.7600,0.000116
fanout106,VGND,li1,87.8600,81.6000,0.000525
fanout105,VGND,li1,92.0000,48.9600,0.000307
fanout104,VGND,li1,156.8600,65.2800,0.000360
fanout103,VGND,li1,67.6200,27.2000,0.000188
fanout102,VGND,li1,69.4600,92.4800,0.000321
fanout101,VGND,li1,69.0000,87.0400,0.000385
fanout100,VGND,li1,120.5200,141.4400,0.000435
fanout99,VGND,li1,109.9400,146.8800,0.000680
fanout98,VGND,li1,235.9800,146.8800,0.000328
fanout97,VGND,li1,190.4400,136.0000,0.000297
fanout96,VGND,li1,145.3600,195.8400,0.000360
fanout95,VGND,li1,135.7000,195.8400,0.000354
fanout94,VGND,li1,177.1000,201.2800,0.000198
fanout93,VGND,li1,162.8400,174.0800,0.000275
fanout92,VGND,li1,160.5400,174.0800,0.000286
fanout91,VGND,li1,247.4800,157.7600,0.000939
fanout90,VGND,li1,123.0500,174.0800,0.000367
fanout89,VGND,li1,84.1800,146.8800,0.000631
fanout88,VGND,li1,71.7600,152.3200,0.000687
max_cap87,VGND,li1,94.0700,184.9600,0.000354
max_cap86,VGND,li1,90.8500,179.5200,0.000347
fanout85,VGND,li1,195.5000,184.9600,0.000417
fanout84,VGND,li1,180.7800,184.9600,0.000227
fanout83,VGND,li1,132.0200,97.9200,0.000393
fanout82,VGND,li1,161.4600,146.8800,0.000377
fanout81,VGND,li1,149.9600,146.8800,0.000478
fanout80,VGND,li1,120.0600,146.8800,0.000672
fanout79,VGND,li1,126.9600,141.4400,0.000424
fanout78,VGND,li1,216.6600,190.4000,0.000673
fanout77,VGND,li1,209.3000,168.6400,0.000445
fanout76,VGND,li1,127.4200,97.9200,0.000389
fanout75,VGND,li1,146.7400,168.6400,0.000368
fanout74,VGND,li1,155.0200,152.3200,0.000434
max_cap73,VGND,li1,69.2300,174.0800,0.000339
output72,VGND,li1,181.7000,10.8800,0.000014
output71,VGND,li1,184.9200,10.8800,0.000014
output70,VGND,li1,7.8200,87.0400,0.000137
output69,VGND,li1,7.8200,48.9600,0.000076
output68,VGND,li1,7.8200,43.5200,0.000075
output67,VGND,li1,7.8200,103.3600,0.000153
output66,VGND,li1,120.5200,10.8800,0.000039
output65,VGND,li1,123.7400,10.8800,0.000040
output64,VGND,li1,155.9400,10.8800,0.000032
output63,VGND,li1,259.4400,141.4400,0.000616
output62,VGND,li1,255.7600,168.6400,0.000638
output61,VGND,li1,162.3800,10.8800,0.000029
output60,VGND,li1,259.4400,136.0000,0.000534
output59,VGND,li1,259.4400,163.2000,0.000762
output58,VGND,li1,259.4400,152.3200,0.000631
output57,VGND,li1,251.6200,119.6800,0.000367
output56,VGND,li1,259.4400,179.5200,0.000362
output55,VGND,li1,249.3200,119.6800,0.000366
output54,VGND,li1,259.4400,184.9600,0.000770
output53,VGND,li1,259.4400,114.2400,0.000632
output52,VGND,li1,162.3800,266.5600,0.000016
output51,VGND,li1,255.7600,130.5600,0.001071
output50,VGND,li1,146.2800,10.8800,0.000037
output49,VGND,li1,255.7600,146.8800,0.000350
output48,VGND,li1,143.0600,266.5600,0.000023
output47,VGND,li1,259.4400,157.7600,0.000947
output46,VGND,li1,259.4400,152.3200,0.000631
output45,VGND,li1,136.6200,266.5600,0.000024
output44,VGND,li1,7.8200,125.1200,0.000170
output43,VGND,li1,7.8200,168.6400,0.000114
output42,VGND,li1,7.8200,114.2400,0.000165
output41,VGND,li1,9.6600,114.2400,0.000164
output40,VGND,li1,9.6600,103.3600,0.000152
output39,VGND,li1,139.8400,10.8800,0.000039
input38,VGND,li1,7.5900,174.0800,0.000095
input37,VGND,li1,178.2500,10.8800,0.000013
input36,VGND,li1,175.0300,10.8800,0.000016
input35,VGND,li1,187.9100,10.8800,0.000014
input34,VGND,li1,171.8100,10.8800,0.000020
input33,VGND,li1,168.5900,10.8800,0.000023
input32,VGND,li1,155.7100,266.5600,0.000019
input31,VGND,li1,184.6900,266.5600,0.000006
input30,VGND,li1,158.9300,266.5600,0.000018
input29,VGND,li1,117.0700,266.5600,0.000022
input28,VGND,li1,113.8500,266.5600,0.000021
input27,VGND,li1,120.2900,266.5600,0.000022
input26,VGND,li1,107.4100,266.5600,0.000020
input25,VGND,li1,110.6300,266.5600,0.000021
input24,VGND,li1,7.5900,201.2800,0.000105
input23,VGND,li1,8.9700,184.9600,0.000107
input22,VGND,li1,7.5900,195.8400,0.000057
input21,VGND,li1,7.5900,201.2800,0.000105
input20,VGND,li1,7.5900,206.7200,0.000146
input19,VGND,li1,7.5900,228.4800,0.000053
input18,VGND,li1,7.5900,174.0800,0.000095
input17,VGND,li1,7.5900,190.4000,0.000155
input16,VGND,li1,7.5900,103.3600,0.000153
input15,VGND,li1,158.9300,10.8800,0.000030
input14,VGND,li1,152.4900,10.8800,0.000035
input13,VGND,li1,136.3900,10.8800,0.000039
input12,VGND,li1,133.1700,10.8800,0.000039
input11,VGND,li1,129.9500,10.8800,0.000039
input10,VGND,li1,142.8300,10.8800,0.000038
input9,VGND,li1,149.2700,10.8800,0.000036
input8,VGND,li1,100.9700,266.5600,0.000019
input7,VGND,li1,7.5900,212.1600,0.000112
input6,VGND,li1,7.5900,223.0400,0.000082
input5,VGND,li1,8.9700,223.0400,0.000082
input4,VGND,li1,10.3500,223.0400,0.000082
input3,VGND,li1,7.5900,206.7200,0.000146
input2,VGND,li1,7.5900,190.4000,0.000155
input1,VGND,li1,7.5900,184.9600,0.000107
TAP_TAPCELL_ROW_93_1099,VGND,li1,250.4700,266.2680,0.000006
TAP_TAPCELL_ROW_93_1098,VGND,li1,237.5900,266.2680,0.000006
TAP_TAPCELL_ROW_93_1097,VGND,li1,224.7100,266.2680,0.000006
TAP_TAPCELL_ROW_93_1096,VGND,li1,211.8300,266.2680,0.000006
TAP_TAPCELL_ROW_93_1095,VGND,li1,198.9500,266.2680,0.000006
TAP_TAPCELL_ROW_93_1094,VGND,li1,186.0700,266.2680,0.000006
TAP_TAPCELL_ROW_93_1093,VGND,li1,173.1900,266.2680,0.000010
TAP_TAPCELL_ROW_93_1092,VGND,li1,160.3100,266.2680,0.000017
TAP_TAPCELL_ROW_93_1091,VGND,li1,147.4300,266.2680,0.000021
TAP_TAPCELL_ROW_93_1090,VGND,li1,134.5500,266.2680,0.000023
TAP_TAPCELL_ROW_93_1089,VGND,li1,121.6700,266.2680,0.000022
TAP_TAPCELL_ROW_93_1088,VGND,li1,108.7900,266.2680,0.000020
TAP_TAPCELL_ROW_93_1087,VGND,li1,95.9100,266.2680,0.000018
TAP_TAPCELL_ROW_93_1086,VGND,li1,83.0300,266.2680,0.000015
TAP_TAPCELL_ROW_93_1085,VGND,li1,70.1500,266.2680,0.000012
TAP_TAPCELL_ROW_93_1084,VGND,li1,57.2700,266.2680,0.000009
TAP_TAPCELL_ROW_93_1083,VGND,li1,44.3900,266.2680,0.000006
TAP_TAPCELL_ROW_93_1082,VGND,li1,31.5100,266.2680,0.000003
TAP_TAPCELL_ROW_93_1081,VGND,li1,18.6300,266.2680,0.000002
TAP_TAPCELL_ROW_92_1080,VGND,li1,250.4700,261.4110,0.000063
TAP_TAPCELL_ROW_92_1079,VGND,li1,224.7100,261.4110,0.000063
TAP_TAPCELL_ROW_92_1078,VGND,li1,198.9500,261.4110,0.000063
TAP_TAPCELL_ROW_92_1077,VGND,li1,173.1900,261.4110,0.000073
TAP_TAPCELL_ROW_92_1076,VGND,li1,147.4300,261.4110,0.000113
TAP_TAPCELL_ROW_92_1075,VGND,li1,121.6700,261.4110,0.000115
TAP_TAPCELL_ROW_92_1074,VGND,li1,95.9100,261.4110,0.000091
TAP_TAPCELL_ROW_92_1073,VGND,li1,70.1500,261.4110,0.000062
TAP_TAPCELL_ROW_92_1072,VGND,li1,44.3900,261.4110,0.000033
TAP_TAPCELL_ROW_92_1071,VGND,li1,18.6300,261.4110,0.000011
TAP_TAPCELL_ROW_91_1070,VGND,li1,237.5900,260.8280,0.000063
TAP_TAPCELL_ROW_91_1069,VGND,li1,211.8300,260.8280,0.000063
TAP_TAPCELL_ROW_91_1068,VGND,li1,186.0700,260.8280,0.000056
TAP_TAPCELL_ROW_91_1067,VGND,li1,160.3100,260.8280,0.000104
TAP_TAPCELL_ROW_91_1066,VGND,li1,134.5500,260.8280,0.000115
TAP_TAPCELL_ROW_91_1065,VGND,li1,108.7900,260.8280,0.000105
TAP_TAPCELL_ROW_91_1064,VGND,li1,83.0300,260.8280,0.000076
TAP_TAPCELL_ROW_91_1063,VGND,li1,57.2700,260.8280,0.000047
TAP_TAPCELL_ROW_91_1062,VGND,li1,31.5100,260.8280,0.000017
TAP_TAPCELL_ROW_90_1061,VGND,li1,250.4700,255.9710,0.000043
TAP_TAPCELL_ROW_90_1060,VGND,li1,224.7100,255.9710,0.000043
TAP_TAPCELL_ROW_90_1059,VGND,li1,198.9500,255.9710,0.000038
TAP_TAPCELL_ROW_90_1058,VGND,li1,173.1900,255.9710,0.000036
TAP_TAPCELL_ROW_90_1057,VGND,li1,147.4300,255.9710,0.000069
TAP_TAPCELL_ROW_90_1056,VGND,li1,121.6700,255.9710,0.000072
TAP_TAPCELL_ROW_90_1055,VGND,li1,95.9100,255.9710,0.000055
TAP_TAPCELL_ROW_90_1054,VGND,li1,70.1500,255.9710,0.000038
TAP_TAPCELL_ROW_90_1053,VGND,li1,44.3900,255.9710,0.000020
TAP_TAPCELL_ROW_90_1052,VGND,li1,18.6300,255.9710,0.000007
TAP_TAPCELL_ROW_89_1051,VGND,li1,237.5900,255.3880,0.000043
TAP_TAPCELL_ROW_89_1050,VGND,li1,211.8300,255.3880,0.000042
TAP_TAPCELL_ROW_89_1049,VGND,li1,186.0700,255.3880,0.000032
TAP_TAPCELL_ROW_89_1048,VGND,li1,160.3100,255.3880,0.000058
TAP_TAPCELL_ROW_89_1047,VGND,li1,134.5500,255.3880,0.000076
TAP_TAPCELL_ROW_89_1046,VGND,li1,108.7900,255.3880,0.000064
TAP_TAPCELL_ROW_89_1045,VGND,li1,83.0300,255.3880,0.000047
TAP_TAPCELL_ROW_89_1044,VGND,li1,57.2700,255.3880,0.000029
TAP_TAPCELL_ROW_89_1043,VGND,li1,31.5100,255.3880,0.000010
TAP_TAPCELL_ROW_88_1042,VGND,li1,250.4700,250.5310,0.000103
TAP_TAPCELL_ROW_88_1041,VGND,li1,224.7100,250.5310,0.000103
TAP_TAPCELL_ROW_88_1040,VGND,li1,198.9500,250.5310,0.000077
TAP_TAPCELL_ROW_88_1039,VGND,li1,173.1900,250.5310,0.000063
TAP_TAPCELL_ROW_88_1038,VGND,li1,147.4300,250.5310,0.000125
TAP_TAPCELL_ROW_88_1037,VGND,li1,121.6700,250.5310,0.000173
TAP_TAPCELL_ROW_88_1036,VGND,li1,95.9100,250.5310,0.000154
TAP_TAPCELL_ROW_88_1035,VGND,li1,70.1500,250.5310,0.000105
TAP_TAPCELL_ROW_88_1034,VGND,li1,44.3900,250.5310,0.000056
TAP_TAPCELL_ROW_88_1033,VGND,li1,18.6300,250.5310,0.000019
TAP_TAPCELL_ROW_87_1032,VGND,li1,237.5900,249.9480,0.000103
TAP_TAPCELL_ROW_87_1031,VGND,li1,211.8300,249.9480,0.000094
TAP_TAPCELL_ROW_87_1030,VGND,li1,186.0700,249.9480,0.000058
TAP_TAPCELL_ROW_87_1029,VGND,li1,160.3100,249.9480,0.000097
TAP_TAPCELL_ROW_87_1028,VGND,li1,134.5500,249.9480,0.000152
TAP_TAPCELL_ROW_87_1027,VGND,li1,108.7900,249.9480,0.000177
TAP_TAPCELL_ROW_87_1026,VGND,li1,83.0300,249.9480,0.000130
TAP_TAPCELL_ROW_87_1025,VGND,li1,57.2700,249.9480,0.000081
TAP_TAPCELL_ROW_87_1024,VGND,li1,31.5100,249.9480,0.000028
TAP_TAPCELL_ROW_86_1023,VGND,li1,250.4700,245.0910,0.000349
TAP_TAPCELL_ROW_86_1022,VGND,li1,224.7100,245.0910,0.000349
TAP_TAPCELL_ROW_86_1021,VGND,li1,198.9500,245.0910,0.000251
TAP_TAPCELL_ROW_86_1020,VGND,li1,173.1900,245.0910,0.000082
TAP_TAPCELL_ROW_86_1019,VGND,li1,147.4300,245.0910,0.000077
TAP_TAPCELL_ROW_86_1018,VGND,li1,121.6700,245.0910,0.000067
TAP_TAPCELL_ROW_86_1017,VGND,li1,95.9100,245.0910,0.000051
TAP_TAPCELL_ROW_86_1016,VGND,li1,70.1500,245.0910,0.000035
TAP_TAPCELL_ROW_86_1015,VGND,li1,44.3900,245.0910,0.000018
TAP_TAPCELL_ROW_86_1014,VGND,li1,18.6300,245.0910,0.000006
TAP_TAPCELL_ROW_85_1013,VGND,li1,237.5900,244.5080,0.000349
TAP_TAPCELL_ROW_85_1012,VGND,li1,211.8300,244.5080,0.000332
TAP_TAPCELL_ROW_85_1011,VGND,li1,186.0700,244.5080,0.000145
TAP_TAPCELL_ROW_85_1010,VGND,li1,160.3100,244.5080,0.000080
TAP_TAPCELL_ROW_85_1009,VGND,li1,134.5500,244.5080,0.000073
TAP_TAPCELL_ROW_85_1008,VGND,li1,108.7900,244.5080,0.000059
TAP_TAPCELL_ROW_85_1007,VGND,li1,83.0300,244.5080,0.000043
TAP_TAPCELL_ROW_85_1006,VGND,li1,57.2700,244.5080,0.000026
TAP_TAPCELL_ROW_85_1005,VGND,li1,31.5100,244.5080,0.000009
TAP_TAPCELL_ROW_84_1004,VGND,li1,250.4700,239.6510,0.000136
TAP_TAPCELL_ROW_84_1003,VGND,li1,224.7100,239.6510,0.000136
TAP_TAPCELL_ROW_84_1002,VGND,li1,198.9500,239.6510,0.000130
TAP_TAPCELL_ROW_84_1001,VGND,li1,173.1900,239.6510,0.000117
TAP_TAPCELL_ROW_84_1000,VGND,li1,147.4300,239.6510,0.000132
TAP_TAPCELL_ROW_84_999,VGND,li1,121.6700,239.6510,0.000122
TAP_TAPCELL_ROW_84_998,VGND,li1,95.9100,239.6510,0.000097
TAP_TAPCELL_ROW_84_997,VGND,li1,70.1500,239.6510,0.000066
TAP_TAPCELL_ROW_84_996,VGND,li1,44.3900,239.6510,0.000035
TAP_TAPCELL_ROW_84_995,VGND,li1,18.6300,239.6510,0.000012
TAP_TAPCELL_ROW_83_994,VGND,li1,237.5900,239.0680,0.000136
TAP_TAPCELL_ROW_83_993,VGND,li1,211.8300,239.0680,0.000134
TAP_TAPCELL_ROW_83_992,VGND,li1,186.0700,239.0680,0.000116
TAP_TAPCELL_ROW_83_991,VGND,li1,160.3100,239.0680,0.000135
TAP_TAPCELL_ROW_83_990,VGND,li1,134.5500,239.0680,0.000127
TAP_TAPCELL_ROW_83_989,VGND,li1,108.7900,239.0680,0.000112
TAP_TAPCELL_ROW_83_988,VGND,li1,83.0300,239.0680,0.000081
TAP_TAPCELL_ROW_83_987,VGND,li1,57.2700,239.0680,0.000051
TAP_TAPCELL_ROW_83_986,VGND,li1,31.5100,239.0680,0.000018
TAP_TAPCELL_ROW_82_985,VGND,li1,250.4700,234.2110,0.000325
TAP_TAPCELL_ROW_82_984,VGND,li1,224.7100,234.2110,0.000325
TAP_TAPCELL_ROW_82_983,VGND,li1,198.9500,234.2110,0.000264
TAP_TAPCELL_ROW_82_982,VGND,li1,173.1900,234.2110,0.000251
TAP_TAPCELL_ROW_82_981,VGND,li1,147.4300,234.2110,0.000437
TAP_TAPCELL_ROW_82_980,VGND,li1,121.6700,234.2110,0.000489
TAP_TAPCELL_ROW_82_979,VGND,li1,95.9100,234.2110,0.000433
TAP_TAPCELL_ROW_82_978,VGND,li1,70.1500,234.2110,0.000302
TAP_TAPCELL_ROW_82_977,VGND,li1,44.3900,234.2110,0.000162
TAP_TAPCELL_ROW_82_976,VGND,li1,18.6300,234.2110,0.000056
TAP_TAPCELL_ROW_81_975,VGND,li1,237.5900,233.6280,0.000325
TAP_TAPCELL_ROW_81_974,VGND,li1,211.8300,233.6280,0.000313
TAP_TAPCELL_ROW_81_973,VGND,li1,186.0700,233.6280,0.000200
TAP_TAPCELL_ROW_81_972,VGND,li1,160.3100,233.6280,0.000354
TAP_TAPCELL_ROW_81_971,VGND,li1,134.5500,233.6280,0.000483
TAP_TAPCELL_ROW_81_970,VGND,li1,108.7900,233.6280,0.000467
TAP_TAPCELL_ROW_81_969,VGND,li1,83.0300,233.6280,0.000367
TAP_TAPCELL_ROW_81_968,VGND,li1,57.2700,233.6280,0.000234
TAP_TAPCELL_ROW_81_967,VGND,li1,31.5100,233.6280,0.000086
TAP_TAPCELL_ROW_80_966,VGND,li1,250.4700,228.7710,0.000399
TAP_TAPCELL_ROW_80_965,VGND,li1,224.7100,228.7710,0.000398
TAP_TAPCELL_ROW_80_964,VGND,li1,198.9500,228.7710,0.000316
TAP_TAPCELL_ROW_80_963,VGND,li1,173.1900,228.7710,0.000263
TAP_TAPCELL_ROW_80_962,VGND,li1,147.4300,228.7710,0.000394
TAP_TAPCELL_ROW_80_961,VGND,li1,121.6700,228.7710,0.000349
TAP_TAPCELL_ROW_80_960,VGND,li1,95.9100,228.7710,0.000289
TAP_TAPCELL_ROW_80_959,VGND,li1,70.1500,228.7710,0.000225
TAP_TAPCELL_ROW_80_958,VGND,li1,44.3900,228.7710,0.000128
TAP_TAPCELL_ROW_80_957,VGND,li1,18.6300,228.7710,0.000052
TAP_TAPCELL_ROW_79_956,VGND,li1,237.5900,228.1880,0.000399
TAP_TAPCELL_ROW_79_955,VGND,li1,211.8300,228.1880,0.000371
TAP_TAPCELL_ROW_79_954,VGND,li1,186.0700,228.1880,0.000254
TAP_TAPCELL_ROW_79_953,VGND,li1,160.3100,228.1880,0.000342
TAP_TAPCELL_ROW_79_952,VGND,li1,134.5500,228.1880,0.000377
TAP_TAPCELL_ROW_79_951,VGND,li1,108.7900,228.1880,0.000322
TAP_TAPCELL_ROW_79_950,VGND,li1,83.0300,228.1880,0.000259
TAP_TAPCELL_ROW_79_949,VGND,li1,57.2700,228.1880,0.000179
TAP_TAPCELL_ROW_79_948,VGND,li1,31.5100,228.1880,0.000073
TAP_TAPCELL_ROW_78_947,VGND,li1,250.4700,223.3310,0.001456
TAP_TAPCELL_ROW_78_946,VGND,li1,224.7100,223.3310,0.001452
TAP_TAPCELL_ROW_78_945,VGND,li1,198.9500,223.3310,0.001059
TAP_TAPCELL_ROW_78_944,VGND,li1,173.1900,223.3310,0.000419
TAP_TAPCELL_ROW_78_943,VGND,li1,147.4300,223.3310,0.000436
TAP_TAPCELL_ROW_78_942,VGND,li1,121.6700,223.3310,0.000429
TAP_TAPCELL_ROW_78_941,VGND,li1,95.9100,223.3310,0.000403
TAP_TAPCELL_ROW_78_940,VGND,li1,70.1500,223.3310,0.000329
TAP_TAPCELL_ROW_78_939,VGND,li1,44.3900,223.3310,0.000211
TAP_TAPCELL_ROW_78_938,VGND,li1,18.6300,223.3310,0.000080
TAP_TAPCELL_ROW_77_937,VGND,li1,237.5900,222.7480,0.001456
TAP_TAPCELL_ROW_77_936,VGND,li1,211.8300,222.7480,0.001348
TAP_TAPCELL_ROW_77_935,VGND,li1,186.0700,222.7480,0.000692
TAP_TAPCELL_ROW_77_934,VGND,li1,160.3100,222.7480,0.000432
TAP_TAPCELL_ROW_77_933,VGND,li1,134.5500,222.7480,0.000436
TAP_TAPCELL_ROW_77_932,VGND,li1,108.7900,222.7480,0.000418
TAP_TAPCELL_ROW_77_931,VGND,li1,83.0300,222.7480,0.000372
TAP_TAPCELL_ROW_77_930,VGND,li1,57.2700,222.7480,0.000280
TAP_TAPCELL_ROW_77_929,VGND,li1,31.5100,222.7480,0.000113
TAP_TAPCELL_ROW_76_928,VGND,li1,250.4700,217.8910,0.000485
TAP_TAPCELL_ROW_76_927,VGND,li1,224.7100,217.8910,0.000480
TAP_TAPCELL_ROW_76_926,VGND,li1,198.9500,217.8910,0.000383
TAP_TAPCELL_ROW_76_925,VGND,li1,173.1900,217.8910,0.000375
TAP_TAPCELL_ROW_76_924,VGND,li1,147.4300,217.8910,0.000747
TAP_TAPCELL_ROW_76_923,VGND,li1,121.6700,217.8910,0.000851
TAP_TAPCELL_ROW_76_922,VGND,li1,95.9100,217.8910,0.000848
TAP_TAPCELL_ROW_76_921,VGND,li1,70.1500,217.8910,0.000742
TAP_TAPCELL_ROW_76_920,VGND,li1,44.3900,217.8910,0.000453
TAP_TAPCELL_ROW_76_919,VGND,li1,18.6300,217.8910,0.000171
TAP_TAPCELL_ROW_75_918,VGND,li1,237.5900,217.3080,0.000485
TAP_TAPCELL_ROW_75_917,VGND,li1,211.8300,217.3080,0.000433
TAP_TAPCELL_ROW_75_916,VGND,li1,186.0700,217.3080,0.000331
TAP_TAPCELL_ROW_75_915,VGND,li1,160.3100,217.3080,0.000592
TAP_TAPCELL_ROW_75_914,VGND,li1,134.5500,217.3080,0.000817
TAP_TAPCELL_ROW_75_913,VGND,li1,108.7900,217.3080,0.000856
TAP_TAPCELL_ROW_75_912,VGND,li1,83.0300,217.3080,0.000825
TAP_TAPCELL_ROW_75_911,VGND,li1,57.2700,217.3080,0.000615
TAP_TAPCELL_ROW_75_910,VGND,li1,31.5100,217.3080,0.000240
TAP_TAPCELL_ROW_74_909,VGND,li1,250.4700,212.4510,0.000220
TAP_TAPCELL_ROW_74_908,VGND,li1,224.7100,212.4510,0.000220
TAP_TAPCELL_ROW_74_907,VGND,li1,198.9500,212.4510,0.000183
TAP_TAPCELL_ROW_74_906,VGND,li1,173.1900,212.4510,0.000187
TAP_TAPCELL_ROW_74_905,VGND,li1,147.4300,212.4510,0.000372
TAP_TAPCELL_ROW_74_904,VGND,li1,121.6700,212.4510,0.000459
TAP_TAPCELL_ROW_74_903,VGND,li1,95.9100,212.4510,0.000501
TAP_TAPCELL_ROW_74_902,VGND,li1,70.1500,212.4510,0.000464
TAP_TAPCELL_ROW_74_901,VGND,li1,44.3900,212.4510,0.000290
TAP_TAPCELL_ROW_74_900,VGND,li1,18.6300,212.4510,0.000110
TAP_TAPCELL_ROW_73_899,VGND,li1,237.5900,211.8680,0.000220
TAP_TAPCELL_ROW_73_898,VGND,li1,211.8300,211.8680,0.000206
TAP_TAPCELL_ROW_73_897,VGND,li1,186.0700,211.8680,0.000150
TAP_TAPCELL_ROW_73_896,VGND,li1,160.3100,211.8680,0.000313
TAP_TAPCELL_ROW_73_895,VGND,li1,134.5500,211.8680,0.000419
TAP_TAPCELL_ROW_73_894,VGND,li1,108.7900,211.8680,0.000486
TAP_TAPCELL_ROW_73_893,VGND,li1,83.0300,211.8680,0.000485
TAP_TAPCELL_ROW_73_892,VGND,li1,57.2700,211.8680,0.000415
TAP_TAPCELL_ROW_73_891,VGND,li1,31.5100,211.8680,0.000174
TAP_TAPCELL_ROW_72_890,VGND,li1,250.4700,207.0110,0.000328
TAP_TAPCELL_ROW_72_889,VGND,li1,224.7100,207.0110,0.000328
TAP_TAPCELL_ROW_72_888,VGND,li1,198.9500,207.0110,0.000268
TAP_TAPCELL_ROW_72_887,VGND,li1,173.1900,207.0110,0.000266
TAP_TAPCELL_ROW_72_886,VGND,li1,147.4300,207.0110,0.000618
TAP_TAPCELL_ROW_72_885,VGND,li1,121.6700,207.0110,0.000699
TAP_TAPCELL_ROW_72_884,VGND,li1,95.9100,207.0110,0.000667
TAP_TAPCELL_ROW_72_883,VGND,li1,70.1500,207.0110,0.000536
TAP_TAPCELL_ROW_72_882,VGND,li1,44.3900,207.0110,0.000326
TAP_TAPCELL_ROW_72_881,VGND,li1,18.6300,207.0110,0.000144
TAP_TAPCELL_ROW_71_880,VGND,li1,237.5900,206.4280,0.000328
TAP_TAPCELL_ROW_71_879,VGND,li1,211.8300,206.4280,0.000306
TAP_TAPCELL_ROW_71_878,VGND,li1,186.0700,206.4280,0.000226
TAP_TAPCELL_ROW_71_877,VGND,li1,160.3100,206.4280,0.000461
TAP_TAPCELL_ROW_71_876,VGND,li1,134.5500,206.4280,0.000700
TAP_TAPCELL_ROW_71_875,VGND,li1,108.7900,206.4280,0.000684
TAP_TAPCELL_ROW_71_874,VGND,li1,83.0300,206.4280,0.000619
TAP_TAPCELL_ROW_71_873,VGND,li1,57.2700,206.4280,0.000433
TAP_TAPCELL_ROW_71_872,VGND,li1,31.5100,206.4280,0.000194
TAP_TAPCELL_ROW_70_871,VGND,li1,250.4700,201.5710,0.000561
TAP_TAPCELL_ROW_70_870,VGND,li1,224.7100,201.5710,0.000553
TAP_TAPCELL_ROW_70_869,VGND,li1,198.9500,201.5710,0.000391
TAP_TAPCELL_ROW_70_868,VGND,li1,173.1900,201.5710,0.000237
TAP_TAPCELL_ROW_70_867,VGND,li1,147.4300,201.5710,0.000437
TAP_TAPCELL_ROW_70_866,VGND,li1,121.6700,201.5710,0.000504
TAP_TAPCELL_ROW_70_865,VGND,li1,95.9100,201.5710,0.000485
TAP_TAPCELL_ROW_70_864,VGND,li1,70.1500,201.5710,0.000416
TAP_TAPCELL_ROW_70_863,VGND,li1,44.3900,201.5710,0.000279
TAP_TAPCELL_ROW_70_862,VGND,li1,18.6300,201.5710,0.000104
TAP_TAPCELL_ROW_69_861,VGND,li1,237.5900,200.9880,0.000561
TAP_TAPCELL_ROW_69_860,VGND,li1,211.8300,200.9880,0.000480
TAP_TAPCELL_ROW_69_859,VGND,li1,186.0700,200.9880,0.000276
TAP_TAPCELL_ROW_69_858,VGND,li1,160.3100,200.9880,0.000338
TAP_TAPCELL_ROW_69_857,VGND,li1,134.5500,200.9880,0.000489
TAP_TAPCELL_ROW_69_856,VGND,li1,108.7900,200.9880,0.000500
TAP_TAPCELL_ROW_69_855,VGND,li1,83.0300,200.9880,0.000459
TAP_TAPCELL_ROW_69_854,VGND,li1,57.2700,200.9880,0.000366
TAP_TAPCELL_ROW_69_853,VGND,li1,31.5100,200.9880,0.000158
TAP_TAPCELL_ROW_68_852,VGND,li1,250.4700,196.1310,0.000483
TAP_TAPCELL_ROW_68_851,VGND,li1,224.7100,196.1310,0.000466
TAP_TAPCELL_ROW_68_850,VGND,li1,198.9500,196.1310,0.000354
TAP_TAPCELL_ROW_68_849,VGND,li1,173.1900,196.1310,0.000245
TAP_TAPCELL_ROW_68_848,VGND,li1,147.4300,196.1310,0.000358
TAP_TAPCELL_ROW_68_847,VGND,li1,121.6700,196.1310,0.000329
TAP_TAPCELL_ROW_68_846,VGND,li1,95.9100,196.1310,0.000267
TAP_TAPCELL_ROW_68_845,VGND,li1,70.1500,196.1310,0.000200
TAP_TAPCELL_ROW_68_844,VGND,li1,44.3900,196.1310,0.000125
TAP_TAPCELL_ROW_68_843,VGND,li1,18.6300,196.1310,0.000054
TAP_TAPCELL_ROW_67_842,VGND,li1,237.5900,195.5480,0.000483
TAP_TAPCELL_ROW_67_841,VGND,li1,211.8300,195.5480,0.000422
TAP_TAPCELL_ROW_67_840,VGND,li1,186.0700,195.5480,0.000277
TAP_TAPCELL_ROW_67_839,VGND,li1,160.3100,195.5480,0.000317
TAP_TAPCELL_ROW_67_838,VGND,li1,134.5500,195.5480,0.000354
TAP_TAPCELL_ROW_67_837,VGND,li1,108.7900,195.5480,0.000297
TAP_TAPCELL_ROW_67_836,VGND,li1,83.0300,195.5480,0.000234
TAP_TAPCELL_ROW_67_835,VGND,li1,57.2700,195.5480,0.000162
TAP_TAPCELL_ROW_67_834,VGND,li1,31.5100,195.5480,0.000074
TAP_TAPCELL_ROW_66_833,VGND,li1,250.4700,190.6910,0.000752
TAP_TAPCELL_ROW_66_832,VGND,li1,224.7100,190.6910,0.000717
TAP_TAPCELL_ROW_66_831,VGND,li1,198.9500,190.6910,0.000516
TAP_TAPCELL_ROW_66_830,VGND,li1,173.1900,190.6910,0.000315
TAP_TAPCELL_ROW_66_829,VGND,li1,147.4300,190.6910,0.000473
TAP_TAPCELL_ROW_66_828,VGND,li1,121.6700,190.6910,0.000506
TAP_TAPCELL_ROW_66_827,VGND,li1,95.9100,190.6910,0.000481
TAP_TAPCELL_ROW_66_826,VGND,li1,70.1500,190.6910,0.000427
TAP_TAPCELL_ROW_66_825,VGND,li1,44.3900,190.6910,0.000352
TAP_TAPCELL_ROW_66_824,VGND,li1,18.6300,190.6910,0.000154
TAP_TAPCELL_ROW_65_823,VGND,li1,237.5900,190.1080,0.000751
TAP_TAPCELL_ROW_65_822,VGND,li1,211.8300,190.1080,0.000638
TAP_TAPCELL_ROW_65_821,VGND,li1,186.0700,190.1080,0.000347
TAP_TAPCELL_ROW_65_820,VGND,li1,160.3100,190.1080,0.000424
TAP_TAPCELL_ROW_65_819,VGND,li1,134.5500,190.1080,0.000502
TAP_TAPCELL_ROW_65_818,VGND,li1,108.7900,190.1080,0.000497
TAP_TAPCELL_ROW_65_817,VGND,li1,83.0300,190.1080,0.000456
TAP_TAPCELL_ROW_65_816,VGND,li1,57.2700,190.1080,0.000387
TAP_TAPCELL_ROW_65_815,VGND,li1,31.5100,190.1080,0.000256
TAP_TAPCELL_ROW_64_814,VGND,li1,250.4700,185.2510,0.000768
TAP_TAPCELL_ROW_64_813,VGND,li1,224.7100,185.2510,0.000720
TAP_TAPCELL_ROW_64_812,VGND,li1,198.9500,185.2510,0.000446
TAP_TAPCELL_ROW_64_811,VGND,li1,173.1900,185.2510,0.000233
TAP_TAPCELL_ROW_64_810,VGND,li1,147.4300,185.2510,0.000351
TAP_TAPCELL_ROW_64_809,VGND,li1,121.6700,185.2510,0.000384
TAP_TAPCELL_ROW_64_808,VGND,li1,95.9100,185.2510,0.000357
TAP_TAPCELL_ROW_64_807,VGND,li1,70.1500,185.2510,0.000317
TAP_TAPCELL_ROW_64_806,VGND,li1,44.3900,185.2510,0.000264
TAP_TAPCELL_ROW_64_805,VGND,li1,18.6300,185.2510,0.000105
TAP_TAPCELL_ROW_63_804,VGND,li1,237.5900,184.6680,0.000759
TAP_TAPCELL_ROW_63_803,VGND,li1,211.8300,184.6680,0.000603
TAP_TAPCELL_ROW_63_802,VGND,li1,186.0700,184.6680,0.000275
TAP_TAPCELL_ROW_63_801,VGND,li1,160.3100,184.6680,0.000302
TAP_TAPCELL_ROW_63_800,VGND,li1,134.5500,184.6680,0.000375
TAP_TAPCELL_ROW_63_799,VGND,li1,108.7900,184.6680,0.000372
TAP_TAPCELL_ROW_63_798,VGND,li1,83.0300,184.6680,0.000337
TAP_TAPCELL_ROW_63_797,VGND,li1,57.2700,184.6680,0.000291
TAP_TAPCELL_ROW_63_796,VGND,li1,31.5100,184.6680,0.000178
TAP_TAPCELL_ROW_62_795,VGND,li1,250.4700,179.8110,0.000358
TAP_TAPCELL_ROW_62_794,VGND,li1,224.7100,179.8110,0.000341
TAP_TAPCELL_ROW_62_793,VGND,li1,198.9500,179.8110,0.000287
TAP_TAPCELL_ROW_62_792,VGND,li1,173.1900,179.8110,0.000220
TAP_TAPCELL_ROW_62_791,VGND,li1,147.4300,179.8110,0.000366
TAP_TAPCELL_ROW_62_790,VGND,li1,121.6700,179.8110,0.000410
TAP_TAPCELL_ROW_62_789,VGND,li1,95.9100,179.8110,0.000360
TAP_TAPCELL_ROW_62_788,VGND,li1,70.1500,179.8110,0.000282
TAP_TAPCELL_ROW_62_787,VGND,li1,44.3900,179.8110,0.000176
TAP_TAPCELL_ROW_62_786,VGND,li1,18.6300,179.8110,0.000093
TAP_TAPCELL_ROW_61_785,VGND,li1,237.5900,179.2280,0.000352
TAP_TAPCELL_ROW_61_784,VGND,li1,211.8300,179.2280,0.000325
TAP_TAPCELL_ROW_61_783,VGND,li1,186.0700,179.2280,0.000215
TAP_TAPCELL_ROW_61_782,VGND,li1,160.3100,179.2280,0.000306
TAP_TAPCELL_ROW_61_781,VGND,li1,134.5500,179.2280,0.000393
TAP_TAPCELL_ROW_61_780,VGND,li1,108.7900,179.2280,0.000394
TAP_TAPCELL_ROW_61_779,VGND,li1,83.0300,179.2280,0.000324
TAP_TAPCELL_ROW_61_778,VGND,li1,57.2700,179.2280,0.000231
TAP_TAPCELL_ROW_61_777,VGND,li1,31.5100,179.2280,0.000122
TAP_TAPCELL_ROW_60_776,VGND,li1,250.4700,174.3710,0.000808
TAP_TAPCELL_ROW_60_775,VGND,li1,224.7100,174.3710,0.000762
TAP_TAPCELL_ROW_60_774,VGND,li1,198.9500,174.3710,0.000552
TAP_TAPCELL_ROW_60_773,VGND,li1,173.1900,174.3710,0.000243
TAP_TAPCELL_ROW_60_772,VGND,li1,147.4300,174.3710,0.000321
TAP_TAPCELL_ROW_60_771,VGND,li1,121.6700,174.3710,0.000372
TAP_TAPCELL_ROW_60_770,VGND,li1,95.9100,174.3710,0.000393
TAP_TAPCELL_ROW_60_769,VGND,li1,70.1500,174.3710,0.000345
TAP_TAPCELL_ROW_60_768,VGND,li1,44.3900,174.3710,0.000228
TAP_TAPCELL_ROW_60_767,VGND,li1,18.6300,174.3710,0.000093
TAP_TAPCELL_ROW_59_766,VGND,li1,237.5900,173.7880,0.000790
TAP_TAPCELL_ROW_59_765,VGND,li1,211.8300,173.7880,0.000688
TAP_TAPCELL_ROW_59_764,VGND,li1,186.0700,173.7880,0.000355
TAP_TAPCELL_ROW_59_763,VGND,li1,160.3100,173.7880,0.000286
TAP_TAPCELL_ROW_59_762,VGND,li1,134.5500,173.7880,0.000351
TAP_TAPCELL_ROW_59_761,VGND,li1,108.7900,173.7880,0.000387
TAP_TAPCELL_ROW_59_760,VGND,li1,83.0300,173.7880,0.000374
TAP_TAPCELL_ROW_59_759,VGND,li1,57.2700,173.7880,0.000295
TAP_TAPCELL_ROW_59_758,VGND,li1,31.5100,173.7880,0.000151
TAP_TAPCELL_ROW_58_757,VGND,li1,250.4700,168.9310,0.000633
TAP_TAPCELL_ROW_58_756,VGND,li1,224.7100,168.9310,0.000545
TAP_TAPCELL_ROW_58_755,VGND,li1,198.9500,168.9310,0.000355
TAP_TAPCELL_ROW_58_754,VGND,li1,173.1900,168.9310,0.000211
TAP_TAPCELL_ROW_58_753,VGND,li1,147.4300,168.9310,0.000368
TAP_TAPCELL_ROW_58_752,VGND,li1,121.6700,168.9310,0.000458
TAP_TAPCELL_ROW_58_751,VGND,li1,95.9100,168.9310,0.000472
TAP_TAPCELL_ROW_58_750,VGND,li1,70.1500,168.9310,0.000414
TAP_TAPCELL_ROW_58_749,VGND,li1,44.3900,168.9310,0.000287
TAP_TAPCELL_ROW_58_748,VGND,li1,18.6300,168.9310,0.000110
TAP_TAPCELL_ROW_57_747,VGND,li1,237.5900,168.3480,0.000610
TAP_TAPCELL_ROW_57_746,VGND,li1,211.8300,168.3480,0.000460
TAP_TAPCELL_ROW_57_745,VGND,li1,186.0700,168.3480,0.000242
TAP_TAPCELL_ROW_57_744,VGND,li1,160.3100,168.3480,0.000289
TAP_TAPCELL_ROW_57_743,VGND,li1,134.5500,168.3480,0.000428
TAP_TAPCELL_ROW_57_742,VGND,li1,108.7900,168.3480,0.000471
TAP_TAPCELL_ROW_57_741,VGND,li1,83.0300,168.3480,0.000450
TAP_TAPCELL_ROW_57_740,VGND,li1,57.2700,168.3480,0.000367
TAP_TAPCELL_ROW_57_739,VGND,li1,31.5100,168.3480,0.000180
TAP_TAPCELL_ROW_56_738,VGND,li1,250.4700,163.4910,0.000758
TAP_TAPCELL_ROW_56_737,VGND,li1,224.7100,163.4910,0.000654
TAP_TAPCELL_ROW_56_736,VGND,li1,198.9500,163.4910,0.000481
TAP_TAPCELL_ROW_56_735,VGND,li1,173.1900,163.4910,0.000290
TAP_TAPCELL_ROW_56_734,VGND,li1,147.4300,163.4910,0.000473
TAP_TAPCELL_ROW_56_733,VGND,li1,121.6700,163.4910,0.000531
TAP_TAPCELL_ROW_56_732,VGND,li1,95.9100,163.4910,0.000509
TAP_TAPCELL_ROW_56_731,VGND,li1,70.1500,163.4910,0.000436
TAP_TAPCELL_ROW_56_730,VGND,li1,44.3900,163.4910,0.000316
TAP_TAPCELL_ROW_56_729,VGND,li1,18.6300,163.4910,0.000143
TAP_TAPCELL_ROW_55_728,VGND,li1,237.5900,162.9080,0.000719
TAP_TAPCELL_ROW_55_727,VGND,li1,211.8300,162.9080,0.000587
TAP_TAPCELL_ROW_55_726,VGND,li1,186.0700,162.9080,0.000346
TAP_TAPCELL_ROW_55_725,VGND,li1,160.3100,162.9080,0.000394
TAP_TAPCELL_ROW_55_724,VGND,li1,134.5500,162.9080,0.000525
TAP_TAPCELL_ROW_55_723,VGND,li1,108.7900,162.9080,0.000528
TAP_TAPCELL_ROW_55_722,VGND,li1,83.0300,162.9080,0.000478
TAP_TAPCELL_ROW_55_721,VGND,li1,57.2700,162.9080,0.000381
TAP_TAPCELL_ROW_55_720,VGND,li1,31.5100,162.9080,0.000207
TAP_TAPCELL_ROW_54_719,VGND,li1,250.4700,158.0510,0.000941
TAP_TAPCELL_ROW_54_718,VGND,li1,224.7100,158.0510,0.000890
TAP_TAPCELL_ROW_54_717,VGND,li1,198.9500,158.0510,0.000675
TAP_TAPCELL_ROW_54_716,VGND,li1,173.1900,158.0510,0.000361
TAP_TAPCELL_ROW_54_715,VGND,li1,147.4300,158.0510,0.000542
TAP_TAPCELL_ROW_54_714,VGND,li1,121.6700,158.0510,0.000607
TAP_TAPCELL_ROW_54_713,VGND,li1,95.9100,158.0510,0.000592
TAP_TAPCELL_ROW_54_712,VGND,li1,70.1500,158.0510,0.000519
TAP_TAPCELL_ROW_54_711,VGND,li1,44.3900,158.0510,0.000388
TAP_TAPCELL_ROW_54_710,VGND,li1,18.6300,158.0510,0.000163
TAP_TAPCELL_ROW_53_709,VGND,li1,237.5900,157.4680,0.000926
TAP_TAPCELL_ROW_53_708,VGND,li1,211.8300,157.4680,0.000818
TAP_TAPCELL_ROW_53_707,VGND,li1,186.0700,157.4680,0.000458
TAP_TAPCELL_ROW_53_706,VGND,li1,160.3100,157.4680,0.000468
TAP_TAPCELL_ROW_53_705,VGND,li1,134.5500,157.4680,0.000589
TAP_TAPCELL_ROW_53_704,VGND,li1,108.7900,157.4680,0.000606
TAP_TAPCELL_ROW_53_703,VGND,li1,83.0300,157.4680,0.000560
TAP_TAPCELL_ROW_53_702,VGND,li1,57.2700,157.4680,0.000465
TAP_TAPCELL_ROW_53_701,VGND,li1,31.5100,157.4680,0.000243
TAP_TAPCELL_ROW_52_700,VGND,li1,250.4700,152.6110,0.000628
TAP_TAPCELL_ROW_52_699,VGND,li1,224.7100,152.6110,0.000586
TAP_TAPCELL_ROW_52_698,VGND,li1,198.9500,152.6110,0.000442
TAP_TAPCELL_ROW_52_697,VGND,li1,173.1900,152.6110,0.000282
TAP_TAPCELL_ROW_52_696,VGND,li1,147.4300,152.6110,0.000477
TAP_TAPCELL_ROW_52_695,VGND,li1,121.6700,152.6110,0.000641
TAP_TAPCELL_ROW_52_694,VGND,li1,95.9100,152.6110,0.000724
TAP_TAPCELL_ROW_52_693,VGND,li1,70.1500,152.6110,0.000687
TAP_TAPCELL_ROW_52_692,VGND,li1,44.3900,152.6110,0.000462
TAP_TAPCELL_ROW_52_691,VGND,li1,18.6300,152.6110,0.000197
TAP_TAPCELL_ROW_51_690,VGND,li1,237.5900,152.0280,0.000616
TAP_TAPCELL_ROW_51_689,VGND,li1,211.8300,152.0280,0.000537
TAP_TAPCELL_ROW_51_688,VGND,li1,186.0700,152.0280,0.000301
TAP_TAPCELL_ROW_51_687,VGND,li1,160.3100,152.0280,0.000396
TAP_TAPCELL_ROW_51_686,VGND,li1,134.5500,152.0280,0.000563
TAP_TAPCELL_ROW_51_685,VGND,li1,108.7900,152.0280,0.000696
TAP_TAPCELL_ROW_51_684,VGND,li1,83.0300,152.0280,0.000723
TAP_TAPCELL_ROW_51_683,VGND,li1,57.2700,152.0280,0.000592
TAP_TAPCELL_ROW_51_682,VGND,li1,31.5100,152.0280,0.000281
TAP_TAPCELL_ROW_50_681,VGND,li1,250.4700,147.1710,0.000346
TAP_TAPCELL_ROW_50_680,VGND,li1,224.7100,147.1710,0.000306
TAP_TAPCELL_ROW_50_679,VGND,li1,198.9500,147.1710,0.000243
TAP_TAPCELL_ROW_50_678,VGND,li1,173.1900,147.1710,0.000241
TAP_TAPCELL_ROW_50_677,VGND,li1,147.4300,147.1710,0.000500
TAP_TAPCELL_ROW_50_676,VGND,li1,121.6700,147.1710,0.000672
TAP_TAPCELL_ROW_50_675,VGND,li1,95.9100,147.1710,0.000665
TAP_TAPCELL_ROW_50_674,VGND,li1,70.1500,147.1710,0.000575
TAP_TAPCELL_ROW_50_673,VGND,li1,44.3900,147.1710,0.000406
TAP_TAPCELL_ROW_50_672,VGND,li1,18.6300,147.1710,0.000202
TAP_TAPCELL_ROW_49_671,VGND,li1,237.5900,146.5880,0.000328
TAP_TAPCELL_ROW_49_670,VGND,li1,211.8300,146.5880,0.000275
TAP_TAPCELL_ROW_49_669,VGND,li1,186.0700,146.5880,0.000200
TAP_TAPCELL_ROW_49_668,VGND,li1,160.3100,146.5880,0.000377
TAP_TAPCELL_ROW_49_667,VGND,li1,134.5500,146.5880,0.000617
TAP_TAPCELL_ROW_49_666,VGND,li1,108.7900,146.5880,0.000680
TAP_TAPCELL_ROW_49_665,VGND,li1,83.0300,146.5880,0.000624
TAP_TAPCELL_ROW_49_664,VGND,li1,57.2700,146.5880,0.000510
TAP_TAPCELL_ROW_49_663,VGND,li1,31.5100,146.5880,0.000264
TAP_TAPCELL_ROW_48_662,VGND,li1,250.4700,141.7310,0.000610
TAP_TAPCELL_ROW_48_661,VGND,li1,224.7100,141.7310,0.000539
TAP_TAPCELL_ROW_48_660,VGND,li1,198.9500,141.7310,0.000360
TAP_TAPCELL_ROW_48_659,VGND,li1,173.1900,141.7310,0.000215
TAP_TAPCELL_ROW_48_658,VGND,li1,147.4300,141.7310,0.000352
TAP_TAPCELL_ROW_48_657,VGND,li1,121.6700,141.7310,0.000431
TAP_TAPCELL_ROW_48_656,VGND,li1,95.9100,141.7310,0.000432
TAP_TAPCELL_ROW_48_655,VGND,li1,70.1500,141.7310,0.000357
TAP_TAPCELL_ROW_48_654,VGND,li1,44.3900,141.7310,0.000234
TAP_TAPCELL_ROW_48_653,VGND,li1,18.6300,141.7310,0.000085
TAP_TAPCELL_ROW_47_652,VGND,li1,237.5900,141.1480,0.000597
TAP_TAPCELL_ROW_47_651,VGND,li1,211.8300,141.1480,0.000463
TAP_TAPCELL_ROW_47_650,VGND,li1,186.0700,141.1480,0.000240
TAP_TAPCELL_ROW_47_649,VGND,li1,160.3100,141.1480,0.000302
TAP_TAPCELL_ROW_47_648,VGND,li1,134.5500,141.1480,0.000402
TAP_TAPCELL_ROW_47_647,VGND,li1,108.7900,141.1480,0.000439
TAP_TAPCELL_ROW_47_646,VGND,li1,83.0300,141.1480,0.000419
TAP_TAPCELL_ROW_47_645,VGND,li1,57.2700,141.1480,0.000302
TAP_TAPCELL_ROW_47_644,VGND,li1,31.5100,141.1480,0.000140
TAP_TAPCELL_ROW_46_643,VGND,li1,250.4700,136.2910,0.000531
TAP_TAPCELL_ROW_46_642,VGND,li1,224.7100,136.2910,0.000485
TAP_TAPCELL_ROW_46_641,VGND,li1,198.9500,136.2910,0.000372
TAP_TAPCELL_ROW_46_640,VGND,li1,173.1900,136.2910,0.000236
TAP_TAPCELL_ROW_46_639,VGND,li1,147.4300,136.2910,0.000398
TAP_TAPCELL_ROW_46_638,VGND,li1,121.6700,136.2910,0.000527
TAP_TAPCELL_ROW_46_637,VGND,li1,95.9100,136.2910,0.000567
TAP_TAPCELL_ROW_46_636,VGND,li1,70.1500,136.2910,0.000485
TAP_TAPCELL_ROW_46_635,VGND,li1,44.3900,136.2910,0.000327
TAP_TAPCELL_ROW_46_634,VGND,li1,18.6300,136.2910,0.000137
TAP_TAPCELL_ROW_45_633,VGND,li1,237.5900,135.7080,0.000518
TAP_TAPCELL_ROW_45_632,VGND,li1,211.8300,135.7080,0.000440
TAP_TAPCELL_ROW_45_631,VGND,li1,186.0700,135.7080,0.000256
TAP_TAPCELL_ROW_45_630,VGND,li1,160.3100,135.7080,0.000312
TAP_TAPCELL_ROW_45_629,VGND,li1,134.5500,135.7080,0.000475
TAP_TAPCELL_ROW_45_628,VGND,li1,108.7900,135.7080,0.000553
TAP_TAPCELL_ROW_45_627,VGND,li1,83.0300,135.7080,0.000539
TAP_TAPCELL_ROW_45_626,VGND,li1,57.2700,135.7080,0.000415
TAP_TAPCELL_ROW_45_625,VGND,li1,31.5100,135.7080,0.000215
TAP_TAPCELL_ROW_44_624,VGND,li1,250.4700,130.8510,0.001067
TAP_TAPCELL_ROW_44_623,VGND,li1,224.7100,130.8510,0.000962
TAP_TAPCELL_ROW_44_622,VGND,li1,198.9500,130.8510,0.000675
TAP_TAPCELL_ROW_44_621,VGND,li1,173.1900,130.8510,0.000400
TAP_TAPCELL_ROW_44_620,VGND,li1,147.4300,130.8510,0.000584
TAP_TAPCELL_ROW_44_619,VGND,li1,121.6700,130.8510,0.000662
TAP_TAPCELL_ROW_44_618,VGND,li1,95.9100,130.8510,0.000681
TAP_TAPCELL_ROW_44_617,VGND,li1,70.1500,130.8510,0.000613
TAP_TAPCELL_ROW_44_616,VGND,li1,44.3900,130.8510,0.000443
TAP_TAPCELL_ROW_44_615,VGND,li1,18.6300,130.8510,0.000185
TAP_TAPCELL_ROW_43_614,VGND,li1,237.5900,130.2680,0.001046
TAP_TAPCELL_ROW_43_613,VGND,li1,211.8300,130.2680,0.000839
TAP_TAPCELL_ROW_43_612,VGND,li1,186.0700,130.2680,0.000432
TAP_TAPCELL_ROW_43_611,VGND,li1,160.3100,130.2680,0.000509
TAP_TAPCELL_ROW_43_610,VGND,li1,134.5500,130.2680,0.000626
TAP_TAPCELL_ROW_43_609,VGND,li1,108.7900,130.2680,0.000682
TAP_TAPCELL_ROW_43_608,VGND,li1,83.0300,130.2680,0.000655
TAP_TAPCELL_ROW_43_607,VGND,li1,57.2700,130.2680,0.000547
TAP_TAPCELL_ROW_43_606,VGND,li1,31.5100,130.2680,0.000266
TAP_TAPCELL_ROW_42_605,VGND,li1,250.4700,125.4110,0.000785
TAP_TAPCELL_ROW_42_604,VGND,li1,224.7100,125.4110,0.000668
TAP_TAPCELL_ROW_42_603,VGND,li1,198.9500,125.4110,0.000463
TAP_TAPCELL_ROW_42_602,VGND,li1,173.1900,125.4110,0.000325
TAP_TAPCELL_ROW_42_601,VGND,li1,147.4300,125.4110,0.000541
TAP_TAPCELL_ROW_42_600,VGND,li1,121.6700,125.4110,0.000669
TAP_TAPCELL_ROW_42_599,VGND,li1,95.9100,125.4110,0.000752
TAP_TAPCELL_ROW_42_598,VGND,li1,70.1500,125.4110,0.000656
TAP_TAPCELL_ROW_42_597,VGND,li1,44.3900,125.4110,0.000424
TAP_TAPCELL_ROW_42_596,VGND,li1,18.6300,125.4110,0.000162
TAP_TAPCELL_ROW_41_595,VGND,li1,237.5900,124.8280,0.000735
TAP_TAPCELL_ROW_41_594,VGND,li1,211.8300,124.8280,0.000566
TAP_TAPCELL_ROW_41_593,VGND,li1,186.0700,124.8280,0.000343
TAP_TAPCELL_ROW_41_592,VGND,li1,160.3100,124.8280,0.000445
TAP_TAPCELL_ROW_41_591,VGND,li1,134.5500,124.8280,0.000610
TAP_TAPCELL_ROW_41_590,VGND,li1,108.7900,124.8280,0.000722
TAP_TAPCELL_ROW_41_589,VGND,li1,83.0300,124.8280,0.000721
TAP_TAPCELL_ROW_41_588,VGND,li1,57.2700,124.8280,0.000558
TAP_TAPCELL_ROW_41_587,VGND,li1,31.5100,124.8280,0.000235
TAP_TAPCELL_ROW_40_586,VGND,li1,250.4700,119.9710,0.000366
TAP_TAPCELL_ROW_40_585,VGND,li1,224.7100,119.9710,0.000333
TAP_TAPCELL_ROW_40_584,VGND,li1,198.9500,119.9710,0.000274
TAP_TAPCELL_ROW_40_583,VGND,li1,173.1900,119.9710,0.000208
TAP_TAPCELL_ROW_40_582,VGND,li1,147.4300,119.9710,0.000349
TAP_TAPCELL_ROW_40_581,VGND,li1,121.6700,119.9710,0.000440
TAP_TAPCELL_ROW_40_580,VGND,li1,95.9100,119.9710,0.000479
TAP_TAPCELL_ROW_40_579,VGND,li1,70.1500,119.9710,0.000427
TAP_TAPCELL_ROW_40_578,VGND,li1,44.3900,119.9710,0.000307
TAP_TAPCELL_ROW_40_577,VGND,li1,18.6300,119.9710,0.000132
TAP_TAPCELL_ROW_39_576,VGND,li1,237.5900,119.3880,0.000354
TAP_TAPCELL_ROW_39_575,VGND,li1,211.8300,119.3880,0.000308
TAP_TAPCELL_ROW_39_574,VGND,li1,186.0700,119.3880,0.000206
TAP_TAPCELL_ROW_39_573,VGND,li1,160.3100,119.3880,0.000294
TAP_TAPCELL_ROW_39_572,VGND,li1,134.5500,119.3880,0.000396
TAP_TAPCELL_ROW_39_571,VGND,li1,108.7900,119.3880,0.000471
TAP_TAPCELL_ROW_39_570,VGND,li1,83.0300,119.3880,0.000467
TAP_TAPCELL_ROW_39_569,VGND,li1,57.2700,119.3880,0.000384
TAP_TAPCELL_ROW_39_568,VGND,li1,31.5100,119.3880,0.000188
TAP_TAPCELL_ROW_38_567,VGND,li1,250.4700,114.5310,0.000626
TAP_TAPCELL_ROW_38_566,VGND,li1,224.7100,114.5310,0.000567
TAP_TAPCELL_ROW_38_565,VGND,li1,198.9500,114.5310,0.000471
TAP_TAPCELL_ROW_38_564,VGND,li1,173.1900,114.5310,0.000330
TAP_TAPCELL_ROW_38_563,VGND,li1,147.4300,114.5310,0.000571
TAP_TAPCELL_ROW_38_562,VGND,li1,121.6700,114.5310,0.000712
TAP_TAPCELL_ROW_38_561,VGND,li1,95.9100,114.5310,0.000744
TAP_TAPCELL_ROW_38_560,VGND,li1,70.1500,114.5310,0.000668
TAP_TAPCELL_ROW_38_559,VGND,li1,44.3900,114.5310,0.000411
TAP_TAPCELL_ROW_38_558,VGND,li1,18.6300,114.5310,0.000155
TAP_TAPCELL_ROW_37_557,VGND,li1,237.5900,113.9480,0.000605
TAP_TAPCELL_ROW_37_556,VGND,li1,211.8300,113.9480,0.000523
TAP_TAPCELL_ROW_37_555,VGND,li1,186.0700,113.9480,0.000372
TAP_TAPCELL_ROW_37_554,VGND,li1,160.3100,113.9480,0.000454
TAP_TAPCELL_ROW_37_553,VGND,li1,134.5500,113.9480,0.000666
TAP_TAPCELL_ROW_37_552,VGND,li1,108.7900,113.9480,0.000742
TAP_TAPCELL_ROW_37_551,VGND,li1,83.0300,113.9480,0.000708
TAP_TAPCELL_ROW_37_550,VGND,li1,57.2700,113.9480,0.000576
TAP_TAPCELL_ROW_37_549,VGND,li1,31.5100,113.9480,0.000234
TAP_TAPCELL_ROW_36_548,VGND,li1,250.4700,109.0910,0.000584
TAP_TAPCELL_ROW_36_547,VGND,li1,224.7100,109.0910,0.000532
TAP_TAPCELL_ROW_36_546,VGND,li1,198.9500,109.0910,0.000410
TAP_TAPCELL_ROW_36_545,VGND,li1,173.1900,109.0910,0.000289
TAP_TAPCELL_ROW_36_544,VGND,li1,147.4300,109.0910,0.000429
TAP_TAPCELL_ROW_36_543,VGND,li1,121.6700,109.0910,0.000524
TAP_TAPCELL_ROW_36_542,VGND,li1,95.9100,109.0910,0.000575
TAP_TAPCELL_ROW_36_541,VGND,li1,70.1500,109.0910,0.000578
TAP_TAPCELL_ROW_36_540,VGND,li1,44.3900,109.0910,0.000401
TAP_TAPCELL_ROW_36_539,VGND,li1,18.6300,109.0910,0.000173
TAP_TAPCELL_ROW_35_538,VGND,li1,237.5900,108.5080,0.000583
TAP_TAPCELL_ROW_35_537,VGND,li1,211.8300,108.5080,0.000477
TAP_TAPCELL_ROW_35_536,VGND,li1,186.0700,108.5080,0.000316
TAP_TAPCELL_ROW_35_535,VGND,li1,160.3100,108.5080,0.000364
TAP_TAPCELL_ROW_35_534,VGND,li1,134.5500,108.5080,0.000485
TAP_TAPCELL_ROW_35_533,VGND,li1,108.7900,108.5080,0.000550
TAP_TAPCELL_ROW_35_532,VGND,li1,83.0300,108.5080,0.000590
TAP_TAPCELL_ROW_35_531,VGND,li1,57.2700,108.5080,0.000519
TAP_TAPCELL_ROW_35_530,VGND,li1,31.5100,108.5080,0.000252
TAP_TAPCELL_ROW_34_529,VGND,li1,250.4700,103.6510,0.001178
TAP_TAPCELL_ROW_34_528,VGND,li1,224.7100,103.6510,0.001135
TAP_TAPCELL_ROW_34_527,VGND,li1,198.9500,103.6510,0.000911
TAP_TAPCELL_ROW_34_526,VGND,li1,173.1900,103.6510,0.000401
TAP_TAPCELL_ROW_34_525,VGND,li1,147.4300,103.6510,0.000544
TAP_TAPCELL_ROW_34_524,VGND,li1,121.6700,103.6510,0.000617
TAP_TAPCELL_ROW_34_523,VGND,li1,95.9100,103.6510,0.000578
TAP_TAPCELL_ROW_34_522,VGND,li1,70.1500,103.6510,0.000520
TAP_TAPCELL_ROW_34_521,VGND,li1,44.3900,103.6510,0.000340
TAP_TAPCELL_ROW_34_520,VGND,li1,18.6300,103.6510,0.000148
TAP_TAPCELL_ROW_33_519,VGND,li1,237.5900,103.0680,0.001177
TAP_TAPCELL_ROW_33_518,VGND,li1,211.8300,103.0680,0.001044
TAP_TAPCELL_ROW_33_517,VGND,li1,186.0700,103.0680,0.000570
TAP_TAPCELL_ROW_33_516,VGND,li1,160.3100,103.0680,0.000481
TAP_TAPCELL_ROW_33_515,VGND,li1,134.5500,103.0680,0.000592
TAP_TAPCELL_ROW_33_514,VGND,li1,108.7900,103.0680,0.000604
TAP_TAPCELL_ROW_33_513,VGND,li1,83.0300,103.0680,0.000551
TAP_TAPCELL_ROW_33_512,VGND,li1,57.2700,103.0680,0.000459
TAP_TAPCELL_ROW_33_511,VGND,li1,31.5100,103.0680,0.000205
TAP_TAPCELL_ROW_32_510,VGND,li1,250.4700,98.2110,0.001014
TAP_TAPCELL_ROW_32_509,VGND,li1,224.7100,98.2110,0.000983
TAP_TAPCELL_ROW_32_508,VGND,li1,198.9500,98.2110,0.000776
TAP_TAPCELL_ROW_32_507,VGND,li1,173.1900,98.2110,0.000370
TAP_TAPCELL_ROW_32_506,VGND,li1,147.4300,98.2110,0.000403
TAP_TAPCELL_ROW_32_505,VGND,li1,121.6700,98.2110,0.000384
TAP_TAPCELL_ROW_32_504,VGND,li1,95.9100,98.2110,0.000352
TAP_TAPCELL_ROW_32_503,VGND,li1,70.1500,98.2110,0.000298
TAP_TAPCELL_ROW_32_502,VGND,li1,44.3900,98.2110,0.000216
TAP_TAPCELL_ROW_32_501,VGND,li1,18.6300,98.2110,0.000104
TAP_TAPCELL_ROW_31_500,VGND,li1,237.5900,97.6280,0.001011
TAP_TAPCELL_ROW_31_499,VGND,li1,211.8300,97.6280,0.000936
TAP_TAPCELL_ROW_31_498,VGND,li1,186.0700,97.6280,0.000519
TAP_TAPCELL_ROW_31_497,VGND,li1,160.3100,97.6280,0.000403
TAP_TAPCELL_ROW_31_496,VGND,li1,134.5500,97.6280,0.000394
TAP_TAPCELL_ROW_31_495,VGND,li1,108.7900,97.6280,0.000374
TAP_TAPCELL_ROW_31_494,VGND,li1,83.0300,97.6280,0.000324
TAP_TAPCELL_ROW_31_493,VGND,li1,57.2700,97.6280,0.000265
TAP_TAPCELL_ROW_31_492,VGND,li1,31.5100,97.6280,0.000140
TAP_TAPCELL_ROW_30_491,VGND,li1,250.4700,92.7710,0.000758
TAP_TAPCELL_ROW_30_490,VGND,li1,224.7100,92.7710,0.000727
TAP_TAPCELL_ROW_30_489,VGND,li1,198.9500,92.7710,0.000541
TAP_TAPCELL_ROW_30_488,VGND,li1,173.1900,92.7710,0.000242
TAP_TAPCELL_ROW_30_487,VGND,li1,147.4300,92.7710,0.000360
TAP_TAPCELL_ROW_30_486,VGND,li1,121.6700,92.7710,0.000421
TAP_TAPCELL_ROW_30_485,VGND,li1,95.9100,92.7710,0.000389
TAP_TAPCELL_ROW_30_484,VGND,li1,70.1500,92.7710,0.000321
TAP_TAPCELL_ROW_30_483,VGND,li1,44.3900,92.7710,0.000216
TAP_TAPCELL_ROW_30_482,VGND,li1,18.6300,92.7710,0.000098
TAP_TAPCELL_ROW_29_481,VGND,li1,237.5900,92.1880,0.000757
TAP_TAPCELL_ROW_29_480,VGND,li1,211.8300,92.1880,0.000699
TAP_TAPCELL_ROW_29_479,VGND,li1,186.0700,92.1880,0.000364
TAP_TAPCELL_ROW_29_478,VGND,li1,160.3100,92.1880,0.000306
TAP_TAPCELL_ROW_29_477,VGND,li1,134.5500,92.1880,0.000404
TAP_TAPCELL_ROW_29_476,VGND,li1,108.7900,92.1880,0.000416
TAP_TAPCELL_ROW_29_475,VGND,li1,83.0300,92.1880,0.000357
TAP_TAPCELL_ROW_29_474,VGND,li1,57.2700,92.1880,0.000278
TAP_TAPCELL_ROW_29_473,VGND,li1,31.5100,92.1880,0.000138
TAP_TAPCELL_ROW_28_472,VGND,li1,250.4700,87.3310,0.000627
TAP_TAPCELL_ROW_28_471,VGND,li1,224.7100,87.3310,0.000564
TAP_TAPCELL_ROW_28_470,VGND,li1,198.9500,87.3310,0.000397
TAP_TAPCELL_ROW_28_469,VGND,li1,173.1900,87.3310,0.000203
TAP_TAPCELL_ROW_28_468,VGND,li1,147.4300,87.3310,0.000318
TAP_TAPCELL_ROW_28_467,VGND,li1,121.6700,87.3310,0.000410
TAP_TAPCELL_ROW_28_466,VGND,li1,95.9100,87.3310,0.000433
TAP_TAPCELL_ROW_28_465,VGND,li1,70.1500,87.3310,0.000385
TAP_TAPCELL_ROW_28_464,VGND,li1,44.3900,87.3310,0.000292
TAP_TAPCELL_ROW_28_463,VGND,li1,18.6300,87.3310,0.000133
TAP_TAPCELL_ROW_27_462,VGND,li1,237.5900,86.7480,0.000619
TAP_TAPCELL_ROW_27_461,VGND,li1,211.8300,86.7480,0.000508
TAP_TAPCELL_ROW_27_460,VGND,li1,186.0700,86.7480,0.000258
TAP_TAPCELL_ROW_27_459,VGND,li1,160.3100,86.7480,0.000259
TAP_TAPCELL_ROW_27_458,VGND,li1,134.5500,86.7480,0.000368
TAP_TAPCELL_ROW_27_457,VGND,li1,108.7900,86.7480,0.000441
TAP_TAPCELL_ROW_27_456,VGND,li1,83.0300,86.7480,0.000409
TAP_TAPCELL_ROW_27_455,VGND,li1,57.2700,86.7480,0.000357
TAP_TAPCELL_ROW_27_454,VGND,li1,31.5100,86.7480,0.000172
TAP_TAPCELL_ROW_26_453,VGND,li1,250.4700,81.8910,0.000356
TAP_TAPCELL_ROW_26_452,VGND,li1,224.7100,81.8910,0.000340
TAP_TAPCELL_ROW_26_451,VGND,li1,198.9500,81.8910,0.000284
TAP_TAPCELL_ROW_26_450,VGND,li1,173.1900,81.8910,0.000263
TAP_TAPCELL_ROW_26_449,VGND,li1,147.4300,81.8910,0.000499
TAP_TAPCELL_ROW_26_448,VGND,li1,121.6700,81.8910,0.000571
TAP_TAPCELL_ROW_26_447,VGND,li1,95.9100,81.8910,0.000554
TAP_TAPCELL_ROW_26_446,VGND,li1,70.1500,81.8910,0.000458
TAP_TAPCELL_ROW_26_445,VGND,li1,44.3900,81.8910,0.000343
TAP_TAPCELL_ROW_26_444,VGND,li1,18.6300,81.8910,0.000144
TAP_TAPCELL_ROW_25_443,VGND,li1,237.5900,81.3080,0.000354
TAP_TAPCELL_ROW_25_442,VGND,li1,211.8300,81.3080,0.000324
TAP_TAPCELL_ROW_25_441,VGND,li1,186.0700,81.3080,0.000229
TAP_TAPCELL_ROW_25_440,VGND,li1,160.3100,81.3080,0.000400
TAP_TAPCELL_ROW_25_439,VGND,li1,134.5500,81.3080,0.000565
TAP_TAPCELL_ROW_25_438,VGND,li1,108.7900,81.3080,0.000569
TAP_TAPCELL_ROW_25_437,VGND,li1,83.0300,81.3080,0.000507
TAP_TAPCELL_ROW_25_436,VGND,li1,57.2700,81.3080,0.000406
TAP_TAPCELL_ROW_25_435,VGND,li1,31.5100,81.3080,0.000212
TAP_TAPCELL_ROW_24_434,VGND,li1,250.4700,76.4510,0.000299
TAP_TAPCELL_ROW_24_433,VGND,li1,224.7100,76.4510,0.000284
TAP_TAPCELL_ROW_24_432,VGND,li1,198.9500,76.4510,0.000221
TAP_TAPCELL_ROW_24_431,VGND,li1,173.1900,76.4510,0.000154
TAP_TAPCELL_ROW_24_430,VGND,li1,147.4300,76.4510,0.000285
TAP_TAPCELL_ROW_24_429,VGND,li1,121.6700,76.4510,0.000356
TAP_TAPCELL_ROW_24_428,VGND,li1,95.9100,76.4510,0.000373
TAP_TAPCELL_ROW_24_427,VGND,li1,70.1500,76.4510,0.000353
TAP_TAPCELL_ROW_24_426,VGND,li1,44.3900,76.4510,0.000262
TAP_TAPCELL_ROW_24_425,VGND,li1,18.6300,76.4510,0.000116
TAP_TAPCELL_ROW_23_424,VGND,li1,237.5900,75.8680,0.000298
TAP_TAPCELL_ROW_23_423,VGND,li1,211.8300,75.8680,0.000267
TAP_TAPCELL_ROW_23_422,VGND,li1,186.0700,75.8680,0.000157
TAP_TAPCELL_ROW_23_421,VGND,li1,160.3100,75.8680,0.000228
TAP_TAPCELL_ROW_23_420,VGND,li1,134.5500,75.8680,0.000332
TAP_TAPCELL_ROW_23_419,VGND,li1,108.7900,75.8680,0.000374
TAP_TAPCELL_ROW_23_418,VGND,li1,83.0300,75.8680,0.000363
TAP_TAPCELL_ROW_23_417,VGND,li1,57.2700,75.8680,0.000333
TAP_TAPCELL_ROW_23_416,VGND,li1,31.5100,75.8680,0.000169
TAP_TAPCELL_ROW_22_415,VGND,li1,250.4700,71.0110,0.000235
TAP_TAPCELL_ROW_22_414,VGND,li1,224.7100,71.0110,0.000232
TAP_TAPCELL_ROW_22_413,VGND,li1,198.9500,71.0110,0.000210
TAP_TAPCELL_ROW_22_412,VGND,li1,173.1900,71.0110,0.000197
TAP_TAPCELL_ROW_22_411,VGND,li1,147.4300,71.0110,0.000397
TAP_TAPCELL_ROW_22_410,VGND,li1,121.6700,71.0110,0.000517
TAP_TAPCELL_ROW_22_409,VGND,li1,95.9100,71.0110,0.000556
TAP_TAPCELL_ROW_22_408,VGND,li1,70.1500,71.0110,0.000492
TAP_TAPCELL_ROW_22_407,VGND,li1,44.3900,71.0110,0.000377
TAP_TAPCELL_ROW_22_406,VGND,li1,18.6300,71.0110,0.000168
TAP_TAPCELL_ROW_21_405,VGND,li1,237.5900,70.4280,0.000235
TAP_TAPCELL_ROW_21_404,VGND,li1,211.8300,70.4280,0.000225
TAP_TAPCELL_ROW_21_403,VGND,li1,186.0700,70.4280,0.000167
TAP_TAPCELL_ROW_21_402,VGND,li1,160.3100,70.4280,0.000291
TAP_TAPCELL_ROW_21_401,VGND,li1,134.5500,70.4280,0.000468
TAP_TAPCELL_ROW_21_400,VGND,li1,108.7900,70.4280,0.000547
TAP_TAPCELL_ROW_21_399,VGND,li1,83.0300,70.4280,0.000532
TAP_TAPCELL_ROW_21_398,VGND,li1,57.2700,70.4280,0.000444
TAP_TAPCELL_ROW_21_397,VGND,li1,31.5100,70.4280,0.000242
TAP_TAPCELL_ROW_20_396,VGND,li1,250.4700,65.5710,0.000392
TAP_TAPCELL_ROW_20_395,VGND,li1,224.7100,65.5710,0.000391
TAP_TAPCELL_ROW_20_394,VGND,li1,198.9500,65.5710,0.000362
TAP_TAPCELL_ROW_20_393,VGND,li1,173.1900,65.5710,0.000217
TAP_TAPCELL_ROW_20_392,VGND,li1,147.4300,65.5710,0.000420
TAP_TAPCELL_ROW_20_391,VGND,li1,121.6700,65.5710,0.000566
TAP_TAPCELL_ROW_20_390,VGND,li1,95.9100,65.5710,0.000628
TAP_TAPCELL_ROW_20_389,VGND,li1,70.1500,65.5710,0.000553
TAP_TAPCELL_ROW_20_388,VGND,li1,44.3900,65.5710,0.000386
TAP_TAPCELL_ROW_20_387,VGND,li1,18.6300,65.5710,0.000136
TAP_TAPCELL_ROW_19_386,VGND,li1,237.5900,64.9880,0.000392
TAP_TAPCELL_ROW_19_385,VGND,li1,211.8300,64.9880,0.000389
TAP_TAPCELL_ROW_19_384,VGND,li1,186.0700,64.9880,0.000257
TAP_TAPCELL_ROW_19_383,VGND,li1,160.3100,64.9880,0.000330
TAP_TAPCELL_ROW_19_382,VGND,li1,134.5500,64.9880,0.000501
TAP_TAPCELL_ROW_19_381,VGND,li1,108.7900,64.9880,0.000609
TAP_TAPCELL_ROW_19_380,VGND,li1,83.0300,64.9880,0.000610
TAP_TAPCELL_ROW_19_379,VGND,li1,57.2700,64.9880,0.000475
TAP_TAPCELL_ROW_19_378,VGND,li1,31.5100,64.9880,0.000223
TAP_TAPCELL_ROW_18_377,VGND,li1,250.4700,60.1310,0.000093
TAP_TAPCELL_ROW_18_376,VGND,li1,224.7100,60.1310,0.000093
TAP_TAPCELL_ROW_18_375,VGND,li1,198.9500,60.1310,0.000086
TAP_TAPCELL_ROW_18_374,VGND,li1,173.1900,60.1310,0.000105
TAP_TAPCELL_ROW_18_373,VGND,li1,147.4300,60.1310,0.000250
TAP_TAPCELL_ROW_18_372,VGND,li1,121.6700,60.1310,0.000348
TAP_TAPCELL_ROW_18_371,VGND,li1,95.9100,60.1310,0.000386
TAP_TAPCELL_ROW_18_370,VGND,li1,70.1500,60.1310,0.000352
TAP_TAPCELL_ROW_18_369,VGND,li1,44.3900,60.1310,0.000287
TAP_TAPCELL_ROW_18_368,VGND,li1,18.6300,60.1310,0.000129
TAP_TAPCELL_ROW_17_367,VGND,li1,237.5900,59.5480,0.000093
TAP_TAPCELL_ROW_17_366,VGND,li1,211.8300,59.5480,0.000091
TAP_TAPCELL_ROW_17_365,VGND,li1,186.0700,59.5480,0.000077
TAP_TAPCELL_ROW_17_364,VGND,li1,160.3100,59.5480,0.000183
TAP_TAPCELL_ROW_17_363,VGND,li1,134.5500,59.5480,0.000310
TAP_TAPCELL_ROW_17_362,VGND,li1,108.7900,59.5480,0.000377
TAP_TAPCELL_ROW_17_361,VGND,li1,83.0300,59.5480,0.000380
TAP_TAPCELL_ROW_17_360,VGND,li1,57.2700,59.5480,0.000325
TAP_TAPCELL_ROW_17_359,VGND,li1,31.5100,59.5480,0.000192
TAP_TAPCELL_ROW_16_358,VGND,li1,250.4700,54.6910,0.000091
TAP_TAPCELL_ROW_16_357,VGND,li1,224.7100,54.6910,0.000089
TAP_TAPCELL_ROW_16_356,VGND,li1,198.9500,54.6910,0.000073
TAP_TAPCELL_ROW_16_355,VGND,li1,173.1900,54.6910,0.000085
TAP_TAPCELL_ROW_16_354,VGND,li1,147.4300,54.6910,0.000214
TAP_TAPCELL_ROW_16_353,VGND,li1,121.6700,54.6910,0.000297
TAP_TAPCELL_ROW_16_352,VGND,li1,95.9100,54.6910,0.000347
TAP_TAPCELL_ROW_16_351,VGND,li1,70.1500,54.6910,0.000345
TAP_TAPCELL_ROW_16_350,VGND,li1,44.3900,54.6910,0.000271
TAP_TAPCELL_ROW_16_349,VGND,li1,18.6300,54.6910,0.000131
TAP_TAPCELL_ROW_15_348,VGND,li1,237.5900,54.1080,0.000091
TAP_TAPCELL_ROW_15_347,VGND,li1,211.8300,54.1080,0.000081
TAP_TAPCELL_ROW_15_346,VGND,li1,186.0700,54.1080,0.000065
TAP_TAPCELL_ROW_15_345,VGND,li1,160.3100,54.1080,0.000153
TAP_TAPCELL_ROW_15_344,VGND,li1,134.5500,54.1080,0.000257
TAP_TAPCELL_ROW_15_343,VGND,li1,108.7900,54.1080,0.000322
TAP_TAPCELL_ROW_15_342,VGND,li1,83.0300,54.1080,0.000355
TAP_TAPCELL_ROW_15_341,VGND,li1,57.2700,54.1080,0.000318
TAP_TAPCELL_ROW_15_340,VGND,li1,31.5100,54.1080,0.000186
TAP_TAPCELL_ROW_14_339,VGND,li1,250.4700,49.2510,0.000055
TAP_TAPCELL_ROW_14_338,VGND,li1,224.7100,49.2510,0.000055
TAP_TAPCELL_ROW_14_337,VGND,li1,198.9500,49.2510,0.000054
TAP_TAPCELL_ROW_14_336,VGND,li1,173.1900,49.2510,0.000084
TAP_TAPCELL_ROW_14_335,VGND,li1,147.4300,49.2510,0.000224
TAP_TAPCELL_ROW_14_334,VGND,li1,121.6700,49.2510,0.000305
TAP_TAPCELL_ROW_14_333,VGND,li1,95.9100,49.2510,0.000312
TAP_TAPCELL_ROW_14_332,VGND,li1,70.1500,49.2510,0.000262
TAP_TAPCELL_ROW_14_331,VGND,li1,44.3900,49.2510,0.000175
TAP_TAPCELL_ROW_14_330,VGND,li1,18.6300,49.2510,0.000074
TAP_TAPCELL_ROW_13_329,VGND,li1,237.5900,48.6680,0.000055
TAP_TAPCELL_ROW_13_328,VGND,li1,211.8300,48.6680,0.000055
TAP_TAPCELL_ROW_13_327,VGND,li1,186.0700,48.6680,0.000054
TAP_TAPCELL_ROW_13_326,VGND,li1,160.3100,48.6680,0.000153
TAP_TAPCELL_ROW_13_325,VGND,li1,134.5500,48.6680,0.000277
TAP_TAPCELL_ROW_13_324,VGND,li1,108.7900,48.6680,0.000315
TAP_TAPCELL_ROW_13_323,VGND,li1,83.0300,48.6680,0.000294
TAP_TAPCELL_ROW_13_322,VGND,li1,57.2700,48.6680,0.000218
TAP_TAPCELL_ROW_13_321,VGND,li1,31.5100,48.6680,0.000106
TAP_TAPCELL_ROW_12_320,VGND,li1,250.4700,43.8110,0.000030
TAP_TAPCELL_ROW_12_319,VGND,li1,224.7100,43.8110,0.000030
TAP_TAPCELL_ROW_12_318,VGND,li1,198.9500,43.8110,0.000030
TAP_TAPCELL_ROW_12_317,VGND,li1,173.1900,43.8110,0.000049
TAP_TAPCELL_ROW_12_316,VGND,li1,147.4300,43.8110,0.000119
TAP_TAPCELL_ROW_12_315,VGND,li1,121.6700,43.8110,0.000163
TAP_TAPCELL_ROW_12_314,VGND,li1,95.9100,43.8110,0.000187
TAP_TAPCELL_ROW_12_313,VGND,li1,70.1500,43.8110,0.000191
TAP_TAPCELL_ROW_12_312,VGND,li1,44.3900,43.8110,0.000136
TAP_TAPCELL_ROW_12_311,VGND,li1,18.6300,43.8110,0.000068
TAP_TAPCELL_ROW_11_310,VGND,li1,237.5900,43.2280,0.000030
TAP_TAPCELL_ROW_11_309,VGND,li1,211.8300,43.2280,0.000030
TAP_TAPCELL_ROW_11_308,VGND,li1,186.0700,43.2280,0.000030
TAP_TAPCELL_ROW_11_307,VGND,li1,160.3100,43.2280,0.000088
TAP_TAPCELL_ROW_11_306,VGND,li1,134.5500,43.2280,0.000143
TAP_TAPCELL_ROW_11_305,VGND,li1,108.7900,43.2280,0.000178
TAP_TAPCELL_ROW_11_304,VGND,li1,83.0300,43.2280,0.000190
TAP_TAPCELL_ROW_11_303,VGND,li1,57.2700,43.2280,0.000174
TAP_TAPCELL_ROW_11_302,VGND,li1,31.5100,43.2280,0.000083
TAP_TAPCELL_ROW_10_301,VGND,li1,250.4700,38.3710,0.000051
TAP_TAPCELL_ROW_10_300,VGND,li1,224.7100,38.3710,0.000051
TAP_TAPCELL_ROW_10_299,VGND,li1,198.9500,38.3710,0.000051
TAP_TAPCELL_ROW_10_298,VGND,li1,173.1900,38.3710,0.000074
TAP_TAPCELL_ROW_10_297,VGND,li1,147.4300,38.3710,0.000167
TAP_TAPCELL_ROW_10_296,VGND,li1,121.6700,38.3710,0.000210
TAP_TAPCELL_ROW_10_295,VGND,li1,95.9100,38.3710,0.000219
TAP_TAPCELL_ROW_10_294,VGND,li1,70.1500,38.3710,0.000210
TAP_TAPCELL_ROW_10_293,VGND,li1,44.3900,38.3710,0.000149
TAP_TAPCELL_ROW_10_292,VGND,li1,18.6300,38.3710,0.000053
TAP_TAPCELL_ROW_9_291,VGND,li1,237.5900,37.7880,0.000051
TAP_TAPCELL_ROW_9_290,VGND,li1,211.8300,37.7880,0.000051
TAP_TAPCELL_ROW_9_289,VGND,li1,186.0700,37.7880,0.000051
TAP_TAPCELL_ROW_9_288,VGND,li1,160.3100,37.7880,0.000118
TAP_TAPCELL_ROW_9_287,VGND,li1,134.5500,37.7880,0.000194
TAP_TAPCELL_ROW_9_286,VGND,li1,108.7900,37.7880,0.000216
TAP_TAPCELL_ROW_9_285,VGND,li1,83.0300,37.7880,0.000219
TAP_TAPCELL_ROW_9_284,VGND,li1,57.2700,37.7880,0.000192
TAP_TAPCELL_ROW_9_283,VGND,li1,31.5100,37.7880,0.000079
TAP_TAPCELL_ROW_8_282,VGND,li1,250.4700,32.9310,0.000058
TAP_TAPCELL_ROW_8_281,VGND,li1,224.7100,32.9310,0.000058
TAP_TAPCELL_ROW_8_280,VGND,li1,198.9500,32.9310,0.000058
TAP_TAPCELL_ROW_8_279,VGND,li1,173.1900,32.9310,0.000084
TAP_TAPCELL_ROW_8_278,VGND,li1,147.4300,32.9310,0.000146
TAP_TAPCELL_ROW_8_277,VGND,li1,121.6700,32.9310,0.000168
TAP_TAPCELL_ROW_8_276,VGND,li1,95.9100,32.9310,0.000161
TAP_TAPCELL_ROW_8_275,VGND,li1,70.1500,32.9310,0.000141
TAP_TAPCELL_ROW_8_274,VGND,li1,44.3900,32.9310,0.000092
TAP_TAPCELL_ROW_8_273,VGND,li1,18.6300,32.9310,0.000032
TAP_TAPCELL_ROW_7_272,VGND,li1,237.5900,32.3480,0.000058
TAP_TAPCELL_ROW_7_271,VGND,li1,211.8300,32.3480,0.000058
TAP_TAPCELL_ROW_7_270,VGND,li1,186.0700,32.3480,0.000058
TAP_TAPCELL_ROW_7_269,VGND,li1,160.3100,32.3480,0.000122
TAP_TAPCELL_ROW_7_268,VGND,li1,134.5500,32.3480,0.000158
TAP_TAPCELL_ROW_7_267,VGND,li1,108.7900,32.3480,0.000167
TAP_TAPCELL_ROW_7_266,VGND,li1,83.0300,32.3480,0.000152
TAP_TAPCELL_ROW_7_265,VGND,li1,57.2700,32.3480,0.000125
TAP_TAPCELL_ROW_7_264,VGND,li1,31.5100,32.3480,0.000047
TAP_TAPCELL_ROW_6_263,VGND,li1,250.4700,27.4910,0.000066
TAP_TAPCELL_ROW_6_262,VGND,li1,224.7100,27.4910,0.000066
TAP_TAPCELL_ROW_6_261,VGND,li1,198.9500,27.4910,0.000066
TAP_TAPCELL_ROW_6_260,VGND,li1,173.1900,27.4910,0.000101
TAP_TAPCELL_ROW_6_259,VGND,li1,147.4300,27.4910,0.000254
TAP_TAPCELL_ROW_6_258,VGND,li1,121.6700,27.4910,0.000300
TAP_TAPCELL_ROW_6_257,VGND,li1,95.9100,27.4910,0.000250
TAP_TAPCELL_ROW_6_256,VGND,li1,70.1500,27.4910,0.000194
TAP_TAPCELL_ROW_6_255,VGND,li1,44.3900,27.4910,0.000114
TAP_TAPCELL_ROW_6_254,VGND,li1,18.6300,27.4910,0.000039
TAP_TAPCELL_ROW_5_253,VGND,li1,237.5900,26.9080,0.000066
TAP_TAPCELL_ROW_5_252,VGND,li1,211.8300,26.9080,0.000066
TAP_TAPCELL_ROW_5_251,VGND,li1,186.0700,26.9080,0.000066
TAP_TAPCELL_ROW_5_250,VGND,li1,160.3100,26.9080,0.000174
TAP_TAPCELL_ROW_5_249,VGND,li1,134.5500,26.9080,0.000289
TAP_TAPCELL_ROW_5_248,VGND,li1,108.7900,26.9080,0.000275
TAP_TAPCELL_ROW_5_247,VGND,li1,83.0300,26.9080,0.000220
TAP_TAPCELL_ROW_5_246,VGND,li1,57.2700,26.9080,0.000157
TAP_TAPCELL_ROW_5_245,VGND,li1,31.5100,26.9080,0.000058
TAP_TAPCELL_ROW_4_244,VGND,li1,250.4700,22.0510,0.000032
TAP_TAPCELL_ROW_4_243,VGND,li1,224.7100,22.0510,0.000032
TAP_TAPCELL_ROW_4_242,VGND,li1,198.9500,22.0510,0.000032
TAP_TAPCELL_ROW_4_241,VGND,li1,173.1900,22.0510,0.000052
TAP_TAPCELL_ROW_4_240,VGND,li1,147.4300,22.0510,0.000111
TAP_TAPCELL_ROW_4_239,VGND,li1,121.6700,22.0510,0.000142
TAP_TAPCELL_ROW_4_238,VGND,li1,95.9100,22.0510,0.000132
TAP_TAPCELL_ROW_4_237,VGND,li1,70.1500,22.0510,0.000104
TAP_TAPCELL_ROW_4_236,VGND,li1,44.3900,22.0510,0.000057
TAP_TAPCELL_ROW_4_235,VGND,li1,18.6300,22.0510,0.000019
TAP_TAPCELL_ROW_3_234,VGND,li1,237.5900,21.4680,0.000032
TAP_TAPCELL_ROW_3_233,VGND,li1,211.8300,21.4680,0.000032
TAP_TAPCELL_ROW_3_232,VGND,li1,186.0700,21.4680,0.000032
TAP_TAPCELL_ROW_3_231,VGND,li1,160.3100,21.4680,0.000083
TAP_TAPCELL_ROW_3_230,VGND,li1,134.5500,21.4680,0.000133
TAP_TAPCELL_ROW_3_229,VGND,li1,108.7900,21.4680,0.000139
TAP_TAPCELL_ROW_3_228,VGND,li1,83.0300,21.4680,0.000118
TAP_TAPCELL_ROW_3_227,VGND,li1,57.2700,21.4680,0.000082
TAP_TAPCELL_ROW_3_226,VGND,li1,31.5100,21.4680,0.000029
TAP_TAPCELL_ROW_2_225,VGND,li1,250.4700,16.6110,0.000040
TAP_TAPCELL_ROW_2_224,VGND,li1,224.7100,16.6110,0.000040
TAP_TAPCELL_ROW_2_223,VGND,li1,198.9500,16.6110,0.000040
TAP_TAPCELL_ROW_2_222,VGND,li1,173.1900,16.6110,0.000058
TAP_TAPCELL_ROW_2_221,VGND,li1,147.4300,16.6110,0.000118
TAP_TAPCELL_ROW_2_220,VGND,li1,121.6700,16.6110,0.000138
TAP_TAPCELL_ROW_2_219,VGND,li1,95.9100,16.6110,0.000119
TAP_TAPCELL_ROW_2_218,VGND,li1,70.1500,16.6110,0.000085
TAP_TAPCELL_ROW_2_217,VGND,li1,44.3900,16.6110,0.000046
TAP_TAPCELL_ROW_2_216,VGND,li1,18.6300,16.6110,0.000016
TAP_TAPCELL_ROW_1_215,VGND,li1,237.5900,16.0280,0.000040
TAP_TAPCELL_ROW_1_214,VGND,li1,211.8300,16.0280,0.000040
TAP_TAPCELL_ROW_1_213,VGND,li1,186.0700,16.0280,0.000040
TAP_TAPCELL_ROW_1_212,VGND,li1,160.3100,16.0280,0.000092
TAP_TAPCELL_ROW_1_211,VGND,li1,134.5500,16.0280,0.000137
TAP_TAPCELL_ROW_1_210,VGND,li1,108.7900,16.0280,0.000131
TAP_TAPCELL_ROW_1_209,VGND,li1,83.0300,16.0280,0.000102
TAP_TAPCELL_ROW_1_208,VGND,li1,57.2700,16.0280,0.000066
TAP_TAPCELL_ROW_1_207,VGND,li1,31.5100,16.0280,0.000023
TAP_TAPCELL_ROW_0_206,VGND,li1,250.4700,11.1710,0.000014
TAP_TAPCELL_ROW_0_205,VGND,li1,237.5900,11.1710,0.000014
TAP_TAPCELL_ROW_0_204,VGND,li1,224.7100,11.1710,0.000014
TAP_TAPCELL_ROW_0_203,VGND,li1,211.8300,11.1710,0.000014
TAP_TAPCELL_ROW_0_202,VGND,li1,198.9500,11.1710,0.000014
TAP_TAPCELL_ROW_0_201,VGND,li1,186.0700,11.1710,0.000014
TAP_TAPCELL_ROW_0_200,VGND,li1,173.1900,11.1710,0.000018
TAP_TAPCELL_ROW_0_199,VGND,li1,160.3100,11.1710,0.000030
TAP_TAPCELL_ROW_0_198,VGND,li1,147.4300,11.1710,0.000037
TAP_TAPCELL_ROW_0_197,VGND,li1,134.5500,11.1710,0.000039
TAP_TAPCELL_ROW_0_196,VGND,li1,121.6700,11.1710,0.000039
TAP_TAPCELL_ROW_0_195,VGND,li1,108.7900,11.1710,0.000035
TAP_TAPCELL_ROW_0_194,VGND,li1,95.9100,11.1710,0.000030
TAP_TAPCELL_ROW_0_193,VGND,li1,83.0300,11.1710,0.000025
TAP_TAPCELL_ROW_0_192,VGND,li1,70.1500,11.1710,0.000020
TAP_TAPCELL_ROW_0_191,VGND,li1,57.2700,11.1710,0.000015
TAP_TAPCELL_ROW_0_190,VGND,li1,44.3900,11.1710,0.000011
TAP_TAPCELL_ROW_0_189,VGND,li1,31.5100,11.1710,0.000006
TAP_TAPCELL_ROW_0_188,VGND,li1,18.6300,11.1710,0.000004
PHY_EDGE_ROW_93_Left_187,VGND,li1,6.2100,266.5600,0.000002
PHY_EDGE_ROW_92_Left_186,VGND,li1,6.2100,261.1200,0.000011
PHY_EDGE_ROW_91_Left_185,VGND,li1,6.2100,261.1200,0.000011
PHY_EDGE_ROW_90_Left_184,VGND,li1,6.2100,255.6800,0.000007
PHY_EDGE_ROW_89_Left_183,VGND,li1,6.2100,255.6800,0.000007
PHY_EDGE_ROW_88_Left_182,VGND,li1,6.2100,250.2400,0.000019
PHY_EDGE_ROW_87_Left_181,VGND,li1,6.2100,250.2400,0.000019
PHY_EDGE_ROW_86_Left_180,VGND,li1,6.2100,244.8000,0.000006
PHY_EDGE_ROW_85_Left_179,VGND,li1,6.2100,244.8000,0.000006
PHY_EDGE_ROW_84_Left_178,VGND,li1,6.2100,239.3600,0.000012
PHY_EDGE_ROW_83_Left_177,VGND,li1,6.2100,239.3600,0.000012
PHY_EDGE_ROW_82_Left_176,VGND,li1,6.2100,233.9200,0.000056
PHY_EDGE_ROW_81_Left_175,VGND,li1,6.2100,233.9200,0.000056
PHY_EDGE_ROW_80_Left_174,VGND,li1,6.2100,228.4800,0.000053
PHY_EDGE_ROW_79_Left_173,VGND,li1,6.2100,228.4800,0.000053
PHY_EDGE_ROW_78_Left_172,VGND,li1,6.2100,223.0400,0.000082
PHY_EDGE_ROW_77_Left_171,VGND,li1,6.2100,223.0400,0.000082
PHY_EDGE_ROW_76_Left_170,VGND,li1,6.2100,217.6000,0.000175
PHY_EDGE_ROW_75_Left_169,VGND,li1,6.2100,217.6000,0.000175
PHY_EDGE_ROW_74_Left_168,VGND,li1,6.2100,212.1600,0.000112
PHY_EDGE_ROW_73_Left_167,VGND,li1,6.2100,212.1600,0.000112
PHY_EDGE_ROW_72_Left_166,VGND,li1,6.2100,206.7200,0.000146
PHY_EDGE_ROW_71_Left_165,VGND,li1,6.2100,206.7200,0.000146
PHY_EDGE_ROW_70_Left_164,VGND,li1,6.2100,201.2800,0.000105
PHY_EDGE_ROW_69_Left_163,VGND,li1,6.2100,201.2800,0.000105
PHY_EDGE_ROW_68_Left_162,VGND,li1,6.2100,195.8400,0.000057
PHY_EDGE_ROW_67_Left_161,VGND,li1,6.2100,195.8400,0.000057
PHY_EDGE_ROW_66_Left_160,VGND,li1,6.2100,190.4000,0.000155
PHY_EDGE_ROW_65_Left_159,VGND,li1,6.2100,190.4000,0.000155
PHY_EDGE_ROW_64_Left_158,VGND,li1,6.2100,184.9600,0.000107
PHY_EDGE_ROW_63_Left_157,VGND,li1,6.2100,184.9600,0.000107
PHY_EDGE_ROW_62_Left_156,VGND,li1,6.2100,179.5200,0.000097
PHY_EDGE_ROW_61_Left_155,VGND,li1,6.2100,179.5200,0.000097
PHY_EDGE_ROW_60_Left_154,VGND,li1,6.2100,174.0800,0.000095
PHY_EDGE_ROW_59_Left_153,VGND,li1,6.2100,174.0800,0.000095
PHY_EDGE_ROW_58_Left_152,VGND,li1,6.2100,168.6400,0.000114
PHY_EDGE_ROW_57_Left_151,VGND,li1,6.2100,168.6400,0.000114
PHY_EDGE_ROW_56_Left_150,VGND,li1,6.2100,163.2000,0.000147
PHY_EDGE_ROW_55_Left_149,VGND,li1,6.2100,163.2000,0.000147
PHY_EDGE_ROW_54_Left_148,VGND,li1,6.2100,157.7600,0.000163
PHY_EDGE_ROW_53_Left_147,VGND,li1,6.2100,157.7600,0.000163
PHY_EDGE_ROW_52_Left_146,VGND,li1,6.2100,152.3200,0.000199
PHY_EDGE_ROW_51_Left_145,VGND,li1,6.2100,152.3200,0.000199
PHY_EDGE_ROW_50_Left_144,VGND,li1,6.2100,146.8800,0.000210
PHY_EDGE_ROW_49_Left_143,VGND,li1,6.2100,146.8800,0.000210
PHY_EDGE_ROW_48_Left_142,VGND,li1,6.2100,141.4400,0.000086
PHY_EDGE_ROW_47_Left_141,VGND,li1,6.2100,141.4400,0.000086
PHY_EDGE_ROW_46_Left_140,VGND,li1,6.2100,136.0000,0.000137
PHY_EDGE_ROW_45_Left_139,VGND,li1,6.2100,136.0000,0.000137
PHY_EDGE_ROW_44_Left_138,VGND,li1,6.2100,130.5600,0.000188
PHY_EDGE_ROW_43_Left_137,VGND,li1,6.2100,130.5600,0.000188
PHY_EDGE_ROW_42_Left_136,VGND,li1,6.2100,125.1200,0.000170
PHY_EDGE_ROW_41_Left_135,VGND,li1,6.2100,125.1200,0.000170
PHY_EDGE_ROW_40_Left_134,VGND,li1,6.2100,119.6800,0.000136
PHY_EDGE_ROW_39_Left_133,VGND,li1,6.2100,119.6800,0.000136
PHY_EDGE_ROW_38_Left_132,VGND,li1,6.2100,114.2400,0.000165
PHY_EDGE_ROW_37_Left_131,VGND,li1,6.2100,114.2400,0.000165
PHY_EDGE_ROW_36_Left_130,VGND,li1,6.2100,108.8000,0.000177
PHY_EDGE_ROW_35_Left_129,VGND,li1,6.2100,108.8000,0.000177
PHY_EDGE_ROW_34_Left_128,VGND,li1,6.2100,103.3600,0.000153
PHY_EDGE_ROW_33_Left_127,VGND,li1,6.2100,103.3600,0.000153
PHY_EDGE_ROW_32_Left_126,VGND,li1,6.2100,97.9200,0.000109
PHY_EDGE_ROW_31_Left_125,VGND,li1,6.2100,97.9200,0.000109
PHY_EDGE_ROW_30_Left_124,VGND,li1,6.2100,92.4800,0.000098
PHY_EDGE_ROW_29_Left_123,VGND,li1,6.2100,92.4800,0.000098
PHY_EDGE_ROW_28_Left_122,VGND,li1,6.2100,87.0400,0.000137
PHY_EDGE_ROW_27_Left_121,VGND,li1,6.2100,87.0400,0.000137
PHY_EDGE_ROW_26_Left_120,VGND,li1,6.2100,81.6000,0.000148
PHY_EDGE_ROW_25_Left_119,VGND,li1,6.2100,81.6000,0.000148
PHY_EDGE_ROW_24_Left_118,VGND,li1,6.2100,76.1600,0.000116
PHY_EDGE_ROW_23_Left_117,VGND,li1,6.2100,76.1600,0.000116
PHY_EDGE_ROW_22_Left_116,VGND,li1,6.2100,70.7200,0.000168
PHY_EDGE_ROW_21_Left_115,VGND,li1,6.2100,70.7200,0.000168
PHY_EDGE_ROW_20_Left_114,VGND,li1,6.2100,65.2800,0.000136
PHY_EDGE_ROW_19_Left_113,VGND,li1,6.2100,65.2800,0.000136
PHY_EDGE_ROW_18_Left_112,VGND,li1,6.2100,59.8400,0.000130
PHY_EDGE_ROW_17_Left_111,VGND,li1,6.2100,59.8400,0.000130
PHY_EDGE_ROW_16_Left_110,VGND,li1,6.2100,54.4000,0.000134
PHY_EDGE_ROW_15_Left_109,VGND,li1,6.2100,54.4000,0.000134
PHY_EDGE_ROW_14_Left_108,VGND,li1,6.2100,48.9600,0.000076
PHY_EDGE_ROW_13_Left_107,VGND,li1,6.2100,48.9600,0.000076
PHY_EDGE_ROW_12_Left_106,VGND,li1,6.2100,43.5200,0.000075
PHY_EDGE_ROW_11_Left_105,VGND,li1,6.2100,43.5200,0.000075
PHY_EDGE_ROW_10_Left_104,VGND,li1,6.2100,38.0800,0.000053
PHY_EDGE_ROW_9_Left_103,VGND,li1,6.2100,38.0800,0.000053
PHY_EDGE_ROW_8_Left_102,VGND,li1,6.2100,32.6400,0.000032
PHY_EDGE_ROW_7_Left_101,VGND,li1,6.2100,32.6400,0.000032
PHY_EDGE_ROW_6_Left_100,VGND,li1,6.2100,27.2000,0.000039
PHY_EDGE_ROW_5_Left_99,VGND,li1,6.2100,27.2000,0.000039
PHY_EDGE_ROW_4_Left_98,VGND,li1,6.2100,21.7600,0.000019
PHY_EDGE_ROW_3_Left_97,VGND,li1,6.2100,21.7600,0.000019
PHY_EDGE_ROW_2_Left_96,VGND,li1,6.2100,16.3200,0.000016
PHY_EDGE_ROW_1_Left_95,VGND,li1,6.2100,16.3200,0.000016
PHY_EDGE_ROW_0_Left_94,VGND,li1,6.2100,10.8800,0.000004
PHY_EDGE_ROW_93_Right_93,VGND,li1,261.0500,266.5600,0.000006
PHY_EDGE_ROW_92_Right_92,VGND,li1,261.0500,261.1200,0.000063
PHY_EDGE_ROW_91_Right_91,VGND,li1,261.0500,261.1200,0.000063
PHY_EDGE_ROW_90_Right_90,VGND,li1,261.0500,255.6800,0.000043
PHY_EDGE_ROW_89_Right_89,VGND,li1,261.0500,255.6800,0.000043
PHY_EDGE_ROW_88_Right_88,VGND,li1,261.0500,250.2400,0.000103
PHY_EDGE_ROW_87_Right_87,VGND,li1,261.0500,250.2400,0.000103
PHY_EDGE_ROW_86_Right_86,VGND,li1,261.0500,244.8000,0.000349
PHY_EDGE_ROW_85_Right_85,VGND,li1,261.0500,244.8000,0.000349
PHY_EDGE_ROW_84_Right_84,VGND,li1,261.0500,239.3600,0.000136
PHY_EDGE_ROW_83_Right_83,VGND,li1,261.0500,239.3600,0.000136
PHY_EDGE_ROW_82_Right_82,VGND,li1,261.0500,233.9200,0.000325
PHY_EDGE_ROW_81_Right_81,VGND,li1,261.0500,233.9200,0.000325
PHY_EDGE_ROW_80_Right_80,VGND,li1,261.0500,228.4800,0.000399
PHY_EDGE_ROW_79_Right_79,VGND,li1,261.0500,228.4800,0.000399
PHY_EDGE_ROW_78_Right_78,VGND,li1,261.0500,223.0400,0.001456
PHY_EDGE_ROW_77_Right_77,VGND,li1,261.0500,223.0400,0.001456
PHY_EDGE_ROW_76_Right_76,VGND,li1,261.0500,217.6000,0.000485
PHY_EDGE_ROW_75_Right_75,VGND,li1,261.0500,217.6000,0.000485
PHY_EDGE_ROW_74_Right_74,VGND,li1,261.0500,212.1600,0.000220
PHY_EDGE_ROW_73_Right_73,VGND,li1,261.0500,212.1600,0.000220
PHY_EDGE_ROW_72_Right_72,VGND,li1,261.0500,206.7200,0.000328
PHY_EDGE_ROW_71_Right_71,VGND,li1,261.0500,206.7200,0.000328
PHY_EDGE_ROW_70_Right_70,VGND,li1,261.0500,201.2800,0.000561
PHY_EDGE_ROW_69_Right_69,VGND,li1,261.0500,201.2800,0.000561
PHY_EDGE_ROW_68_Right_68,VGND,li1,261.0500,195.8400,0.000483
PHY_EDGE_ROW_67_Right_67,VGND,li1,261.0500,195.8400,0.000483
PHY_EDGE_ROW_66_Right_66,VGND,li1,261.0500,190.4000,0.000752
PHY_EDGE_ROW_65_Right_65,VGND,li1,261.0500,190.4000,0.000752
PHY_EDGE_ROW_64_Right_64,VGND,li1,261.0500,184.9600,0.000770
PHY_EDGE_ROW_63_Right_63,VGND,li1,261.0500,184.9600,0.000770
PHY_EDGE_ROW_62_Right_62,VGND,li1,261.0500,179.5200,0.000362
PHY_EDGE_ROW_61_Right_61,VGND,li1,261.0500,179.5200,0.000362
PHY_EDGE_ROW_60_Right_60,VGND,li1,261.0500,174.0800,0.000813
PHY_EDGE_ROW_59_Right_59,VGND,li1,261.0500,174.0800,0.000813
PHY_EDGE_ROW_58_Right_58,VGND,li1,261.0500,168.6400,0.000639
PHY_EDGE_ROW_57_Right_57,VGND,li1,261.0500,168.6400,0.000639
PHY_EDGE_ROW_56_Right_56,VGND,li1,261.0500,163.2000,0.000762
PHY_EDGE_ROW_55_Right_55,VGND,li1,261.0500,163.2000,0.000762
PHY_EDGE_ROW_54_Right_54,VGND,li1,261.0500,157.7600,0.000947
PHY_EDGE_ROW_53_Right_53,VGND,li1,261.0500,157.7600,0.000947
PHY_EDGE_ROW_52_Right_52,VGND,li1,261.0500,152.3200,0.000631
PHY_EDGE_ROW_51_Right_51,VGND,li1,261.0500,152.3200,0.000631
PHY_EDGE_ROW_50_Right_50,VGND,li1,261.0500,146.8800,0.000350
PHY_EDGE_ROW_49_Right_49,VGND,li1,261.0500,146.8800,0.000350
PHY_EDGE_ROW_48_Right_48,VGND,li1,261.0500,141.4400,0.000616
PHY_EDGE_ROW_47_Right_47,VGND,li1,261.0500,141.4400,0.000616
PHY_EDGE_ROW_46_Right_46,VGND,li1,261.0500,136.0000,0.000534
PHY_EDGE_ROW_45_Right_45,VGND,li1,261.0500,136.0000,0.000534
PHY_EDGE_ROW_44_Right_44,VGND,li1,261.0500,130.5600,0.001072
PHY_EDGE_ROW_43_Right_43,VGND,li1,261.0500,130.5600,0.001072
PHY_EDGE_ROW_42_Right_42,VGND,li1,261.0500,125.1200,0.000787
PHY_EDGE_ROW_41_Right_41,VGND,li1,261.0500,125.1200,0.000787
PHY_EDGE_ROW_40_Right_40,VGND,li1,261.0500,119.6800,0.000368
PHY_EDGE_ROW_39_Right_39,VGND,li1,261.0500,119.6800,0.000368
PHY_EDGE_ROW_38_Right_38,VGND,li1,261.0500,114.2400,0.000632
PHY_EDGE_ROW_37_Right_37,VGND,li1,261.0500,114.2400,0.000632
PHY_EDGE_ROW_36_Right_36,VGND,li1,261.0500,108.8000,0.000584
PHY_EDGE_ROW_35_Right_35,VGND,li1,261.0500,108.8000,0.000584
PHY_EDGE_ROW_34_Right_34,VGND,li1,261.0500,103.3600,0.001178
PHY_EDGE_ROW_33_Right_33,VGND,li1,261.0500,103.3600,0.001178
PHY_EDGE_ROW_32_Right_32,VGND,li1,261.0500,97.9200,0.001014
PHY_EDGE_ROW_31_Right_31,VGND,li1,261.0500,97.9200,0.001014
PHY_EDGE_ROW_30_Right_30,VGND,li1,261.0500,92.4800,0.000758
PHY_EDGE_ROW_29_Right_29,VGND,li1,261.0500,92.4800,0.000758
PHY_EDGE_ROW_28_Right_28,VGND,li1,261.0500,87.0400,0.000627
PHY_EDGE_ROW_27_Right_27,VGND,li1,261.0500,87.0400,0.000627
PHY_EDGE_ROW_26_Right_26,VGND,li1,261.0500,81.6000,0.000356
PHY_EDGE_ROW_25_Right_25,VGND,li1,261.0500,81.6000,0.000356
PHY_EDGE_ROW_24_Right_24,VGND,li1,261.0500,76.1600,0.000299
PHY_EDGE_ROW_23_Right_23,VGND,li1,261.0500,76.1600,0.000299
PHY_EDGE_ROW_22_Right_22,VGND,li1,261.0500,70.7200,0.000235
PHY_EDGE_ROW_21_Right_21,VGND,li1,261.0500,70.7200,0.000235
PHY_EDGE_ROW_20_Right_20,VGND,li1,261.0500,65.2800,0.000392
PHY_EDGE_ROW_19_Right_19,VGND,li1,261.0500,65.2800,0.000392
PHY_EDGE_ROW_18_Right_18,VGND,li1,261.0500,59.8400,0.000093
PHY_EDGE_ROW_17_Right_17,VGND,li1,261.0500,59.8400,0.000093
PHY_EDGE_ROW_16_Right_16,VGND,li1,261.0500,54.4000,0.000091
PHY_EDGE_ROW_15_Right_15,VGND,li1,261.0500,54.4000,0.000091
PHY_EDGE_ROW_14_Right_14,VGND,li1,261.0500,48.9600,0.000055
PHY_EDGE_ROW_13_Right_13,VGND,li1,261.0500,48.9600,0.000055
PHY_EDGE_ROW_12_Right_12,VGND,li1,261.0500,43.5200,0.000030
PHY_EDGE_ROW_11_Right_11,VGND,li1,261.0500,43.5200,0.000030
PHY_EDGE_ROW_10_Right_10,VGND,li1,261.0500,38.0800,0.000051
PHY_EDGE_ROW_9_Right_9,VGND,li1,261.0500,38.0800,0.000051
PHY_EDGE_ROW_8_Right_8,VGND,li1,261.0500,32.6400,0.000058
PHY_EDGE_ROW_7_Right_7,VGND,li1,261.0500,32.6400,0.000058
PHY_EDGE_ROW_6_Right_6,VGND,li1,261.0500,27.2000,0.000066
PHY_EDGE_ROW_5_Right_5,VGND,li1,261.0500,27.2000,0.000066
PHY_EDGE_ROW_4_Right_4,VGND,li1,261.0500,21.7600,0.000032
PHY_EDGE_ROW_3_Right_3,VGND,li1,261.0500,21.7600,0.000032
PHY_EDGE_ROW_2_Right_2,VGND,li1,261.0500,16.3200,0.000040
PHY_EDGE_ROW_1_Right_1,VGND,li1,261.0500,16.3200,0.000040
PHY_EDGE_ROW_0_Right_0,VGND,li1,261.0500,10.8800,0.000014
_4520_,VGND,li1,11.5000,97.9200,0.000109
_4519_,VGND,li1,155.4800,21.7600,0.000095
_4518_,VGND,li1,148.5800,27.2000,0.000243
_4517_,VGND,li1,132.9400,16.3200,0.000137
_4516_,VGND,li1,129.7200,16.3200,0.000139
_4515_,VGND,li1,128.3400,21.7600,0.000139
_4514_,VGND,li1,142.1400,16.3200,0.000127
_4513_,VGND,li1,152.2600,16.3200,0.000109
_4512_,VGND,li1,151.8000,261.1200,0.000112
_4511_,VGND,li1,190.9000,261.1200,0.000061
_4510_,VGND,li1,160.0800,255.6800,0.000058
_4509_,VGND,li1,126.5000,255.6800,0.000076
_4508_,VGND,li1,114.5400,261.1200,0.000112
_4507_,VGND,li1,123.7400,261.1200,0.000116
_4506_,VGND,li1,109.9400,233.9200,0.000467
_4505_,VGND,li1,113.6200,239.3600,0.000118
_4504_,VGND,li1,135.7000,146.8800,0.000600
_4503_,VGND,li1,227.4700,54.4000,0.000091
_4502_,VGND,li1,141.9100,146.8800,0.000557
_4501_,VGND,li1,138.6900,141.4400,0.000383
_4500_,VGND,li1,109.9400,119.6800,0.000469
_4499_,VGND,li1,86.0200,119.6800,0.000472
_4498_,VGND,li1,69.4600,136.0000,0.000485
_4497_,VGND,li1,52.9000,114.2400,0.000521
_4496_,VGND,li1,25.7600,119.6800,0.000126
_4495_,VGND,li1,44.1600,92.4800,0.000216
_4494_,VGND,li1,18.8600,92.4800,0.000098
_4493_,VGND,li1,26.6800,59.8400,0.000125
_4492_,VGND,li1,27.1400,43.5200,0.000072
_4491_,VGND,li1,23.0000,108.8000,0.000169
_4490_,VGND,li1,109.4800,76.1600,0.000374
_4489_,VGND,li1,121.4400,32.6400,0.000168
_4488_,VGND,li1,140.7600,38.0800,0.000185
_4487_,VGND,li1,152.2600,43.5200,0.000107
_4486_,VGND,li1,139.3800,92.4800,0.000394
_4485_,VGND,li1,141.6800,103.3600,0.000571
_4484_,VGND,li1,113.6200,119.6800,0.000462
_4483_,VGND,li1,87.8600,125.1200,0.000737
_4482_,VGND,li1,69.4600,130.5600,0.000613
_4481_,VGND,li1,56.1200,119.6800,0.000374
_4480_,VGND,li1,25.7600,119.6800,0.000126
_4479_,VGND,li1,44.6200,97.9200,0.000216
_4478_,VGND,li1,18.8600,87.0400,0.000133
_4477_,VGND,li1,26.6800,54.4000,0.000126
_4476_,VGND,li1,26.6800,48.9600,0.000072
_4475_,VGND,li1,23.0000,103.3600,0.000145
_4474_,VGND,li1,109.0200,70.7200,0.000547
_4473_,VGND,li1,121.4400,38.0800,0.000210
_4472_,VGND,li1,140.3000,38.0800,0.000185
_4471_,VGND,li1,147.2000,48.9600,0.000224
_4470_,VGND,li1,137.5400,87.0400,0.000353
_4469_,VGND,li1,132.4800,103.3600,0.000600
_4468_,VGND,li1,164.6800,32.6400,0.000113
_4467_,VGND,li1,120.9800,168.6400,0.000458
_4466_,VGND,li1,11.5000,125.1200,0.000169
_4465_,VGND,li1,11.5000,141.4400,0.000086
_4464_,VGND,li1,12.4200,119.6800,0.000136
_4463_,VGND,li1,12.8800,114.2400,0.000163
_4462_,VGND,li1,11.5000,97.9200,0.000109
_4461_,VGND,li1,11.5000,81.6000,0.000148
_4460_,VGND,li1,13.3400,54.4000,0.000134
_4459_,VGND,li1,13.3400,43.5200,0.000073
_4458_,VGND,li1,11.5000,108.8000,0.000177
_4457_,VGND,li1,114.5400,16.3200,0.000136
_4456_,VGND,li1,119.1400,21.7600,0.000143
_4455_,VGND,li1,147.2000,32.6400,0.000146
_4454_,VGND,li1,155.4800,38.0800,0.000136
_4453_,VGND,li1,138.4600,21.7600,0.000128
_4452_,VGND,li1,132.9400,27.2000,0.000293
_4451_,VGND,li1,93.8400,190.4000,0.000478
_4450_,VGND,li1,77.9700,152.3200,0.000717
_4449_,VGND,li1,75.9000,157.7600,0.000544
_4448_,VGND,li1,74.9800,163.2000,0.000454
_4447_,VGND,li1,74.9800,163.2000,0.000454
_4446_,VGND,li1,108.7900,103.3600,0.000604
_4445_,VGND,li1,38.1800,81.6000,0.000293
_4444_,VGND,li1,108.5600,97.9200,0.000374
_4443_,VGND,li1,255.7600,141.4400,0.000616
_4442_,VGND,li1,250.2400,174.0800,0.000808
_4441_,VGND,li1,248.4000,136.0000,0.000530
_4440_,VGND,li1,245.6400,163.2000,0.000756
_4439_,VGND,li1,245.6400,152.3200,0.000626
_4438_,VGND,li1,249.3200,114.2400,0.000626
_4437_,VGND,li1,255.7600,168.6400,0.000638
_4436_,VGND,li1,255.7600,114.2400,0.000631
_4435_,VGND,li1,255.3000,174.0800,0.000813
_4434_,VGND,li1,254.3800,125.1200,0.000786
_4433_,VGND,li1,158.2400,168.6400,0.000313
_4432_,VGND,li1,255.3000,130.5600,0.001071
_4431_,VGND,li1,255.7600,146.8800,0.000350
_4430_,VGND,li1,141.2200,174.0800,0.000336
_4429_,VGND,li1,255.7600,157.7600,0.000946
_4428_,VGND,li1,245.6400,146.8800,0.000341
_4427_,VGND,li1,106.2600,250.2400,0.000174
_4426_,VGND,li1,95.9100,223.0400,0.000403
_4425_,VGND,li1,81.8800,228.4800,0.000259
_4424_,VGND,li1,100.7400,223.0400,0.000411
_4423_,VGND,li1,104.8800,217.6000,0.000855
_4422_,VGND,li1,107.1800,201.2800,0.000498
_4421_,VGND,li1,109.4800,190.4000,0.000499
_4420_,VGND,li1,113.6200,184.9600,0.000379
_4419_,VGND,li1,95.6800,130.5600,0.000681
_4418_,VGND,li1,87.8600,141.4400,0.000427
_4417_,VGND,li1,68.0800,152.3200,0.000677
_4416_,VGND,li1,57.0400,141.4400,0.000302
_4415_,VGND,li1,48.3000,136.0000,0.000348
_4414_,VGND,li1,42.3200,146.8800,0.000388
_4413_,VGND,li1,33.1200,136.0000,0.000215
_4412_,VGND,li1,26.6800,152.3200,0.000218
_4411_,VGND,li1,17.4800,152.3200,0.000197
_4410_,VGND,li1,18.4000,136.0000,0.000137
_4409_,VGND,li1,92.0000,152.3200,0.000731
_4408_,VGND,li1,103.9600,146.8800,0.000682
_4407_,VGND,li1,127.8800,136.0000,0.000513
_4406_,VGND,li1,128.3400,157.7600,0.000600
_4405_,VGND,li1,120.5200,146.8800,0.000672
_4404_,VGND,li1,113.6200,130.5600,0.000679
_4403_,VGND,li1,178.0200,195.8400,0.000199
_4402_,VGND,li1,183.3100,206.7200,0.000218
_4401_,VGND,li1,176.8700,206.7200,0.000232
_4400_,VGND,li1,167.6700,206.7200,0.000363
_4399_,VGND,li1,194.1200,119.6800,0.000259
_4398_,VGND,li1,198.2600,141.4400,0.000360
_4397_,VGND,li1,185.3800,152.3200,0.000301
_4396_,VGND,li1,178.0200,174.0800,0.000228
_4395_,VGND,li1,96.6000,136.0000,0.000567
_4394_,VGND,li1,82.8000,136.0000,0.000539
_4393_,VGND,li1,65.3200,146.8800,0.000556
_4392_,VGND,li1,56.1200,146.8800,0.000498
_4391_,VGND,li1,49.2200,130.5600,0.000501
_4390_,VGND,li1,39.5600,146.8800,0.000360
_4389_,VGND,li1,30.8200,130.5600,0.000266
_4388_,VGND,li1,12.8800,146.8800,0.000210
_4387_,VGND,li1,12.8800,146.8800,0.000210
_4386_,VGND,li1,17.4800,130.5600,0.000188
_4385_,VGND,li1,88.7800,146.8800,0.000648
_4384_,VGND,li1,103.5000,146.8800,0.000682
_4383_,VGND,li1,126.5000,136.0000,0.000513
_4382_,VGND,li1,126.9600,152.3200,0.000610
_4381_,VGND,li1,114.5400,141.4400,0.000441
_4380_,VGND,li1,109.9400,130.5600,0.000682
_4379_,VGND,li1,218.5000,184.9600,0.000674
_4378_,VGND,li1,231.8400,174.0800,0.000782
_4377_,VGND,li1,241.9600,184.9600,0.000766
_4376_,VGND,li1,232.3000,195.8400,0.000483
_4375_,VGND,li1,211.1400,168.6400,0.000460
_4374_,VGND,li1,232.7600,184.9600,0.000751
_4373_,VGND,li1,205.1600,179.5200,0.000311
_4372_,VGND,li1,202.8600,190.4000,0.000568
_4371_,VGND,li1,187.2200,195.8400,0.000277
_4370_,VGND,li1,177.5600,195.8400,0.000199
_4369_,VGND,li1,157.3200,190.4000,0.000433
_4368_,VGND,li1,142.6000,190.4000,0.000488
_4367_,VGND,li1,149.9600,179.5200,0.000359
_4366_,VGND,li1,131.1000,168.6400,0.000438
_4365_,VGND,li1,165.6000,179.5200,0.000282
_4364_,VGND,li1,180.7800,179.5200,0.000184
_4363_,VGND,li1,209.3000,184.9600,0.000580
_4362_,VGND,li1,222.6400,174.0800,0.000755
_4361_,VGND,li1,232.7600,184.9600,0.000751
_4360_,VGND,li1,230.0000,195.8400,0.000480
_4359_,VGND,li1,207.0000,174.0800,0.000652
_4358_,VGND,li1,222.1800,184.9600,0.000704
_4357_,VGND,li1,195.9600,179.5200,0.000276
_4356_,VGND,li1,193.6600,190.4000,0.000481
_4355_,VGND,li1,181.7000,190.4000,0.000293
_4354_,VGND,li1,168.3600,195.8400,0.000281
_4353_,VGND,li1,155.4800,195.8400,0.000344
_4352_,VGND,li1,139.3800,190.4000,0.000496
_4351_,VGND,li1,152.2600,179.5200,0.000350
_4350_,VGND,li1,134.3200,163.2000,0.000525
_4349_,VGND,li1,164.6800,179.5200,0.000282
_4348_,VGND,li1,180.3200,179.5200,0.000169
_4347_,VGND,li1,146.2800,81.6000,0.000499
_4346_,VGND,li1,162.6100,65.2800,0.000316
_4345_,VGND,li1,154.5600,65.2800,0.000378
_4344_,VGND,li1,146.7400,76.1600,0.000285
_4343_,VGND,li1,145.3600,65.2800,0.000434
_4342_,VGND,li1,142.1400,48.9600,0.000251
_4341_,VGND,li1,151.3400,59.8400,0.000233
_4340_,VGND,li1,156.4000,54.4000,0.000170
_4339_,VGND,li1,97.9800,119.6800,0.000480
_4338_,VGND,li1,78.2000,119.6800,0.000455
_4337_,VGND,li1,63.4800,130.5600,0.000586
_4336_,VGND,li1,52.4400,114.2400,0.000521
_4335_,VGND,li1,37.2600,125.1200,0.000321
_4334_,VGND,li1,43.2400,103.3600,0.000340
_4333_,VGND,li1,30.3600,92.4800,0.000126
_4332_,VGND,li1,31.2800,59.8400,0.000192
_4331_,VGND,li1,21.1600,70.7200,0.000168
_4330_,VGND,li1,31.2800,103.3600,0.000205
_4329_,VGND,li1,100.7400,81.6000,0.000565
_4328_,VGND,li1,112.7000,87.0400,0.000433
_4327_,VGND,li1,138.9200,59.8400,0.000295
_4326_,VGND,li1,141.6800,65.2800,0.000457
_4325_,VGND,li1,127.8800,92.4800,0.000417
_4324_,VGND,li1,123.2800,108.8000,0.000518
_4323_,VGND,li1,106.2600,114.2400,0.000747
_4322_,VGND,li1,81.4200,125.1200,0.000721
_4321_,VGND,li1,65.3200,125.1200,0.000626
_4320_,VGND,li1,54.7400,125.1200,0.000533
_4319_,VGND,li1,36.8000,119.6800,0.000247
_4318_,VGND,li1,49.2200,103.3600,0.000395
_4317_,VGND,li1,30.3600,87.0400,0.000172
_4316_,VGND,li1,31.7400,70.7200,0.000242
_4315_,VGND,li1,23.0000,76.1600,0.000116
_4314_,VGND,li1,30.3600,108.8000,0.000226
_4313_,VGND,li1,96.1400,81.6000,0.000554
_4312_,VGND,li1,113.6200,92.4800,0.000423
_4311_,VGND,li1,135.2400,70.7200,0.000468
_4310_,VGND,li1,138.9200,76.1600,0.000321
_4309_,VGND,li1,126.5000,87.0400,0.000397
_4308_,VGND,li1,122.3600,114.2400,0.000706
_4307_,VGND,li1,216.6600,141.4400,0.000507
_4306_,VGND,li1,245.6400,168.6400,0.000629
_4305_,VGND,li1,236.9000,136.0000,0.000518
_4304_,VGND,li1,233.6800,152.3200,0.000612
_4303_,VGND,li1,218.5000,157.7600,0.000862
_4302_,VGND,li1,242.4200,125.1200,0.000766
_4301_,VGND,li1,204.2400,152.3200,0.000492
_4300_,VGND,li1,201.9400,130.5600,0.000724
_4299_,VGND,li1,191.3600,168.6400,0.000296
_4298_,VGND,li1,190.9000,130.5600,0.000554
_4297_,VGND,li1,158.2400,163.2000,0.000406
_4296_,VGND,li1,141.6800,130.5600,0.000605
_4295_,VGND,li1,153.6400,141.4400,0.000332
_4294_,VGND,li1,141.6800,157.7600,0.000568
_4293_,VGND,li1,178.0200,163.2000,0.000238
_4292_,VGND,li1,193.6600,146.8800,0.000226
_4291_,VGND,li1,176.1800,43.5200,0.000037
_4290_,VGND,li1,177.1000,38.0800,0.000051
_4289_,VGND,li1,174.8000,38.0800,0.000061
_4288_,VGND,li1,181.2400,16.3200,0.000040
_4287_,VGND,li1,167.4400,16.3200,0.000073
_4286_,VGND,li1,167.4400,21.7600,0.000065
_4285_,VGND,li1,180.7800,27.2000,0.000066
_4284_,VGND,li1,138.0000,114.2400,0.000644
_4283_,VGND,li1,130.6400,114.2400,0.000679
_4282_,VGND,li1,129.2600,125.1200,0.000634
_4281_,VGND,li1,129.7200,125.1200,0.000634
_4280_,VGND,li1,126.0400,130.5600,0.000655
_4279_,VGND,li1,213.4400,141.4400,0.000487
_4278_,VGND,li1,236.4400,168.6400,0.000610
_4277_,VGND,li1,232.7600,141.4400,0.000577
_4276_,VGND,li1,232.3000,157.7600,0.000915
_4275_,VGND,li1,218.0400,152.3200,0.000569
_4274_,VGND,li1,242.4200,130.5600,0.001060
_4273_,VGND,li1,202.4000,163.2000,0.000529
_4272_,VGND,li1,203.7800,130.5600,0.000748
_4271_,VGND,li1,190.4400,163.2000,0.000389
_4270_,VGND,li1,188.1400,130.5600,0.000504
_4269_,VGND,li1,158.2400,157.7600,0.000485
_4268_,VGND,li1,141.6800,130.5600,0.000605
_4267_,VGND,li1,153.6400,146.8800,0.000452
_4266_,VGND,li1,142.1400,157.7600,0.000568
_4265_,VGND,li1,172.9600,157.7600,0.000379
_4264_,VGND,li1,189.0600,141.4400,0.000275
_4263_,VGND,li1,11.7300,92.4800,0.000098
_4262_,VGND,li1,161.2300,21.7600,0.000083
_4261_,VGND,li1,153.8700,27.2000,0.000212
_4260_,VGND,li1,137.3100,16.3200,0.000134
_4259_,VGND,li1,133.6300,21.7600,0.000133
_4258_,VGND,li1,127.6500,16.3200,0.000139
_4257_,VGND,li1,142.8300,16.3200,0.000127
_4256_,VGND,li1,148.8100,16.3200,0.000118
_4255_,VGND,li1,152.4900,255.6800,0.000066
_4254_,VGND,li1,188.3700,255.6800,0.000033
_4253_,VGND,li1,161.2300,261.1200,0.000104
_4252_,VGND,li1,123.5100,261.1200,0.000116
_4251_,VGND,li1,120.2900,255.6800,0.000072
_4250_,VGND,li1,129.0300,261.1200,0.000115
_4249_,VGND,li1,115.2300,233.9200,0.000481
_4248_,VGND,li1,112.9300,239.3600,0.000116
_4247_,VGND,li1,140.9900,146.8800,0.000557
_4246_,VGND,li1,227.9300,48.9600,0.000055
_4245_,VGND,li1,142.8300,146.8800,0.000541
_4244_,VGND,li1,138.6900,141.4400,0.000383
_4243_,VGND,li1,115.2300,119.6800,0.000462
_4242_,VGND,li1,94.9900,119.6800,0.000479
_4241_,VGND,li1,70.6100,141.4400,0.000367
_4240_,VGND,li1,65.0900,119.6800,0.000414
_4239_,VGND,li1,30.5900,125.1200,0.000235
_4238_,VGND,li1,39.3300,92.4800,0.000188
_4237_,VGND,li1,17.7100,87.0400,0.000133
_4236_,VGND,li1,32.4300,54.4000,0.000186
_4235_,VGND,li1,36.5700,48.9600,0.000135
_4234_,VGND,li1,19.5500,103.3600,0.000148
_4233_,VGND,li1,110.6300,76.1600,0.000372
_4232_,VGND,li1,123.0500,32.6400,0.000168
_4231_,VGND,li1,144.2100,43.5200,0.000125
_4230_,VGND,li1,150.1900,48.9600,0.000212
_4229_,VGND,li1,139.6100,92.4800,0.000394
_4228_,VGND,li1,133.6300,103.3600,0.000600
_4227_,VGND,li1,114.3100,114.2400,0.000732
_4226_,VGND,li1,93.1500,125.1200,0.000748
_4225_,VGND,li1,74.7500,136.0000,0.000508
_4224_,VGND,li1,61.4100,119.6800,0.000402
_4223_,VGND,li1,31.0500,119.6800,0.000188
_4222_,VGND,li1,49.4500,92.4800,0.000244
_4221_,VGND,li1,19.5500,87.0400,0.000131
_4220_,VGND,li1,25.9900,59.8400,0.000125
_4219_,VGND,li1,31.0500,48.9600,0.000106
_4218_,VGND,li1,20.9300,103.3600,0.000147
_4217_,VGND,li1,110.6300,81.6000,0.000569
_4216_,VGND,li1,120.7500,32.6400,0.000168
_4215_,VGND,li1,146.0500,38.0800,0.000167
_4214_,VGND,li1,148.3500,48.9600,0.000224
_4213_,VGND,li1,140.9900,92.4800,0.000384
_4212_,VGND,li1,140.5300,108.8000,0.000455
_4211_,VGND,li1,165.3700,32.6400,0.000113
_4210_,VGND,li1,120.7500,168.6400,0.000458
_4209_,VGND,li1,11.7300,130.5600,0.000188
_4208_,VGND,li1,14.0300,141.4400,0.000086
_4207_,VGND,li1,17.7100,119.6800,0.000132
_4206_,VGND,li1,13.5700,114.2400,0.000161
_4205_,VGND,li1,16.7900,97.9200,0.000105
_4204_,VGND,li1,9.4300,87.0400,0.000137
_4203_,VGND,li1,16.3300,59.8400,0.000129
_4202_,VGND,li1,16.3300,48.9600,0.000074
_4201_,VGND,li1,16.7900,108.8000,0.000175
_4200_,VGND,li1,119.8300,16.3200,0.000137
_4199_,VGND,li1,122.5900,16.3200,0.000138
_4198_,VGND,li1,152.4900,32.6400,0.000135
_4197_,VGND,li1,160.7700,38.0800,0.000118
_4196_,VGND,li1,143.7500,21.7600,0.000117
_4195_,VGND,li1,133.6300,32.6400,0.000158
_4194_,VGND,li1,96.8300,190.4000,0.000481
_4193_,VGND,li1,78.8900,152.3200,0.000717
_4192_,VGND,li1,80.2700,152.3200,0.000720
_4191_,VGND,li1,77.0500,168.6400,0.000435
_4190_,VGND,li1,76.1300,157.7600,0.000544
_4189_,VGND,li1,109.7100,108.8000,0.000550
_4188_,VGND,li1,43.4700,81.6000,0.000343
_4187_,VGND,li1,112.9300,103.3600,0.000610
_4186_,VGND,li1,257.8300,136.0000,0.000534
_4185_,VGND,li1,257.8300,163.2000,0.000762
_4184_,VGND,li1,251.3900,136.0000,0.000531
_4183_,VGND,li1,251.3900,163.2000,0.000759
_4182_,VGND,li1,255.0700,152.3200,0.000630
_4181_,VGND,li1,249.5500,114.2400,0.000626
_4180_,VGND,li1,259.6700,174.0800,0.000813
_4179_,VGND,li1,255.9900,114.2400,0.000631
_4178_,VGND,li1,253.2300,179.5200,0.000360
_4177_,VGND,li1,259.6700,125.1200,0.000787
_4176_,VGND,li1,159.3900,174.0800,0.000286
_4175_,VGND,li1,254.1500,130.5600,0.001071
_4174_,VGND,li1,255.9900,152.3200,0.000630
_4173_,VGND,li1,146.5100,174.0800,0.000321
_4172_,VGND,li1,256.4500,152.3200,0.000630
_4171_,VGND,li1,251.3900,152.3200,0.000629
_4170_,VGND,li1,111.5500,250.2400,0.000179
_4169_,VGND,li1,94.9900,223.0400,0.000398
_4168_,VGND,li1,87.1700,228.4800,0.000269
_4167_,VGND,li1,101.8900,223.0400,0.000411
_4166_,VGND,li1,110.1700,217.6000,0.000856
_4165_,VGND,li1,107.8700,201.2800,0.000498
_4164_,VGND,li1,110.1700,190.4000,0.000499
_4163_,VGND,li1,114.3100,184.9600,0.000379
_4162_,VGND,li1,101.4300,130.5600,0.000682
_4161_,VGND,li1,93.1500,141.4400,0.000431
_4160_,VGND,li1,71.0700,146.8800,0.000584
_4159_,VGND,li1,53.1300,146.8800,0.000471
_4158_,VGND,li1,50.3700,141.4400,0.000263
_4157_,VGND,li1,47.6100,146.8800,0.000426
_4156_,VGND,li1,37.9500,136.0000,0.000272
_4155_,VGND,li1,32.4300,152.3200,0.000281
_4154_,VGND,li1,18.1700,146.8800,0.000202
_4153_,VGND,li1,21.3900,136.0000,0.000134
_4152_,VGND,li1,94.0700,146.8800,0.000660
_4151_,VGND,li1,105.1100,141.4400,0.000437
_4150_,VGND,li1,130.4100,141.4400,0.000412
_4149_,VGND,li1,133.6300,157.7600,0.000589
_4148_,VGND,li1,129.0300,141.4400,0.000419
_4147_,VGND,li1,110.6300,136.0000,0.000550
_4146_,VGND,li1,186.9900,190.4000,0.000384
_4145_,VGND,li1,183.7700,206.7200,0.000218
_4144_,VGND,li1,177.3300,212.1600,0.000133
_4143_,VGND,li1,168.1300,206.7200,0.000363
_4142_,VGND,li1,198.0300,119.6800,0.000268
_4141_,VGND,li1,199.8700,141.4400,0.000377
_4140_,VGND,li1,186.9900,157.7600,0.000458
_4139_,VGND,li1,175.0300,174.0800,0.000238
_4138_,VGND,li1,101.8900,136.0000,0.000561
_4137_,VGND,li1,78.8900,141.4400,0.000398
_4136_,VGND,li1,71.0700,157.7600,0.000526
_4135_,VGND,li1,66.9300,146.8800,0.000567
_4134_,VGND,li1,54.5100,136.0000,0.000399
_4133_,VGND,li1,48.5300,152.3200,0.000496
_4132_,VGND,li1,27.8300,136.0000,0.000177
_4131_,VGND,li1,20.9300,141.4400,0.000085
_4130_,VGND,li1,12.1900,152.3200,0.000199
_4129_,VGND,li1,17.7100,130.5600,0.000188
_4128_,VGND,li1,94.0700,152.3200,0.000727
_4127_,VGND,li1,106.4900,141.4400,0.000437
_4126_,VGND,li1,128.5700,130.5600,0.000649
_4125_,VGND,li1,132.2500,152.3200,0.000577
_4124_,VGND,li1,122.5900,136.0000,0.000527
_4123_,VGND,li1,119.3700,130.5600,0.000668
_4122_,VGND,li1,216.4300,184.9600,0.000655
_4121_,VGND,li1,229.3100,168.6400,0.000576
_4120_,VGND,li1,242.1900,190.4000,0.000752
_4119_,VGND,li1,236.6700,195.8400,0.000483
_4118_,VGND,li1,216.8900,174.0800,0.000725
_4117_,VGND,li1,235.7500,179.5200,0.000351
_4116_,VGND,li1,206.3100,174.0800,0.000652
_4115_,VGND,li1,196.1900,184.9600,0.000417
_4114_,VGND,li1,186.9900,201.2800,0.000276
_4113_,VGND,li1,169.5100,195.8400,0.000260
_4112_,VGND,li1,161.6900,201.2800,0.000324
_4111_,VGND,li1,148.3500,190.4000,0.000473
_4110_,VGND,li1,158.4700,184.9600,0.000313
_4109_,VGND,li1,133.6300,168.6400,0.000428
_4108_,VGND,li1,166.2900,190.4000,0.000395
_4107_,VGND,li1,186.0700,179.5200,0.000215
_4106_,VGND,li1,210.9100,184.9600,0.000603
_4105_,VGND,li1,223.7900,174.0800,0.000762
_4104_,VGND,li1,235.7500,190.4000,0.000750
_4103_,VGND,li1,235.2900,195.8400,0.000483
_4102_,VGND,li1,215.9700,179.5200,0.000332
_4101_,VGND,li1,227.4700,184.9600,0.000732
_4100_,VGND,li1,197.1100,174.0800,0.000527
_4099_,VGND,li1,194.8100,184.9600,0.000394
_4098_,VGND,li1,188.3700,190.4000,0.000384
_4097_,VGND,li1,168.5900,190.4000,0.000373
_4096_,VGND,li1,163.9900,195.8400,0.000297
_4095_,VGND,li1,137.3100,190.4000,0.000498
_4094_,VGND,li1,157.0900,184.9600,0.000313
_4093_,VGND,li1,142.8300,168.6400,0.000389
_4092_,VGND,li1,165.8300,174.0800,0.000270
_4091_,VGND,li1,190.6700,179.5200,0.000243
_4090_,VGND,li1,151.5700,81.6000,0.000467
_4089_,VGND,li1,163.0700,65.2800,0.000316
_4088_,VGND,li1,154.7900,65.2800,0.000378
_4087_,VGND,li1,148.3500,70.7200,0.000397
_4086_,VGND,li1,148.3500,65.2800,0.000420
_4085_,VGND,li1,144.6700,54.4000,0.000225
_4084_,VGND,li1,156.6300,59.8400,0.000201
_4083_,VGND,li1,158.0100,59.8400,0.000201
_4082_,VGND,li1,102.3500,119.6800,0.000476
_4081_,VGND,li1,78.8900,119.6800,0.000459
_4080_,VGND,li1,64.1700,136.0000,0.000448
_4079_,VGND,li1,58.1900,114.2400,0.000576
_4078_,VGND,li1,42.0900,119.6800,0.000291
_4077_,VGND,li1,42.0900,103.3600,0.000315
_4076_,VGND,li1,39.7900,87.0400,0.000257
_4075_,VGND,li1,40.2500,59.8400,0.000261
_4074_,VGND,li1,17.7100,70.7200,0.000168
_4073_,VGND,li1,39.7900,108.8000,0.000354
_4072_,VGND,li1,101.8900,87.0400,0.000443
_4071_,VGND,li1,113.3900,87.0400,0.000433
_4070_,VGND,li1,148.3500,59.8400,0.000250
_4069_,VGND,li1,140.0700,65.2800,0.000472
_4068_,VGND,li1,133.1700,92.4800,0.000409
_4067_,VGND,li1,135.4700,108.8000,0.000476
_4066_,VGND,li1,106.9500,114.2400,0.000747
_4065_,VGND,li1,82.1100,125.1200,0.000721
_4064_,VGND,li1,69.2300,125.1200,0.000656
_4063_,VGND,li1,60.0300,125.1200,0.000587
_4062_,VGND,li1,43.4700,119.6800,0.000291
_4061_,VGND,li1,43.4700,103.3600,0.000340
_4060_,VGND,li1,31.9700,81.6000,0.000212
_4059_,VGND,li1,37.0300,70.7200,0.000312
_4058_,VGND,li1,20.4700,70.7200,0.000168
_4057_,VGND,li1,32.4300,103.3600,0.000228
_4056_,VGND,li1,104.1900,81.6000,0.000567
_4055_,VGND,li1,116.6100,92.4800,0.000422
_4054_,VGND,li1,139.6100,76.1600,0.000313
_4053_,VGND,li1,144.2100,76.1600,0.000295
_4052_,VGND,li1,131.7900,87.0400,0.000376
_4051_,VGND,li1,127.6500,114.2400,0.000692
_4050_,VGND,li1,223.3300,146.8800,0.000303
_4049_,VGND,li1,239.8900,174.0800,0.000795
_4048_,VGND,li1,239.8900,141.4400,0.000600
_4047_,VGND,li1,238.9700,152.3200,0.000619
_4046_,VGND,li1,223.3300,152.3200,0.000586
_4045_,VGND,li1,238.5100,125.1200,0.000746
_4044_,VGND,li1,209.5300,157.7600,0.000795
_4043_,VGND,li1,203.0900,125.1200,0.000500
_4042_,VGND,li1,192.5100,168.6400,0.000296
_4041_,VGND,li1,193.4300,136.0000,0.000316
_4040_,VGND,li1,163.9900,163.2000,0.000362
_4039_,VGND,li1,141.9100,125.1200,0.000566
_4038_,VGND,li1,158.9300,141.4400,0.000302
_4037_,VGND,li1,142.3700,152.3200,0.000508
_4036_,VGND,li1,175.4900,168.6400,0.000195
_4035_,VGND,li1,198.9500,146.8800,0.000243
_4034_,VGND,li1,221.9500,146.8800,0.000303
_4033_,VGND,li1,238.5100,174.0800,0.000790
_4032_,VGND,li1,243.5700,141.4400,0.000604
_4031_,VGND,li1,236.2100,157.7600,0.000926
_4030_,VGND,li1,219.1900,163.2000,0.000624
_4029_,VGND,li1,239.8900,125.1200,0.000746
_4028_,VGND,li1,203.5500,163.2000,0.000529
_4027_,VGND,li1,207.2300,130.5600,0.000787
_4026_,VGND,li1,195.7300,163.2000,0.000444
_4025_,VGND,li1,189.7500,125.1200,0.000384
_4024_,VGND,li1,155.7100,163.2000,0.000425
_4023_,VGND,li1,146.0500,125.1200,0.000541
_4022_,VGND,li1,155.2500,146.8800,0.000429
_4021_,VGND,li1,146.9700,157.7600,0.000542
_4020_,VGND,li1,178.2500,163.2000,0.000238
_4019_,VGND,li1,181.9300,38.0800,0.000051
_4018_,VGND,li1,184.0000,38.0800,0.000051
_4017_,VGND,li1,171.5800,38.0800,0.000074
_4016_,VGND,li1,177.5600,32.6400,0.000058
_4015_,VGND,li1,175.2600,32.6400,0.000072
_4014_,VGND,li1,169.7400,38.0800,0.000081
_4013_,VGND,li1,175.7200,16.3200,0.000047
_4012_,VGND,li1,178.9400,21.7600,0.000032
_4011_,VGND,li1,180.7800,16.3200,0.000040
_4010_,VGND,li1,172.7300,16.3200,0.000058
_4009_,VGND,li1,183.3100,16.3200,0.000040
_4008_,VGND,li1,186.0700,16.3200,0.000040
_4007_,VGND,li1,183.3100,21.7600,0.000032
_4006_,VGND,li1,181.4700,21.7600,0.000032
_4005_,VGND,li1,171.5800,21.7600,0.000052
_4004_,VGND,li1,176.1800,21.7600,0.000041
_4003_,VGND,li1,165.8300,21.7600,0.000072
_4002_,VGND,li1,178.0200,21.7600,0.000032
_4001_,VGND,li1,171.3500,27.2000,0.000117
_4000_,VGND,li1,175.4900,27.2000,0.000084
_3999_,VGND,li1,179.6300,21.7600,0.000032
_3998_,VGND,li1,170.8900,32.6400,0.000097
_3997_,VGND,li1,173.1900,27.2000,0.000101
_3996_,VGND,li1,180.0900,32.6400,0.000058
_3995_,VGND,li1,135.9300,114.2400,0.000653
_3994_,VGND,li1,132.7100,119.6800,0.000404
_3993_,VGND,li1,134.5500,125.1200,0.000610
_3992_,VGND,li1,135.9300,130.5600,0.000626
_3991_,VGND,li1,124.4300,119.6800,0.000427
_3990_,VGND,li1,169.7400,16.3200,0.000065
_3989_,VGND,li1,188.3700,146.8800,0.000209
_3988_,VGND,li1,186.3000,146.8800,0.000200
_3987_,VGND,li1,171.3500,157.7600,0.000379
_3986_,VGND,li1,172.2700,163.2000,0.000290
_3985_,VGND,li1,141.6800,163.2000,0.000506
_3984_,VGND,li1,144.2100,163.2000,0.000485
_3983_,VGND,li1,164.6800,146.8800,0.000330
_3982_,VGND,li1,152.9500,146.8800,0.000452
_3981_,VGND,li1,143.9800,125.1200,0.000555
_3980_,VGND,li1,144.2100,136.0000,0.000418
_3979_,VGND,li1,161.9200,163.2000,0.000379
_3978_,VGND,li1,158.0100,163.2000,0.000406
_3977_,VGND,li1,187.6800,136.0000,0.000278
_3976_,VGND,li1,183.7700,136.0000,0.000237
_3975_,VGND,li1,187.2200,157.7600,0.000458
_3974_,VGND,li1,184.2300,163.2000,0.000321
_3973_,VGND,li1,203.3200,136.0000,0.000396
_3972_,VGND,li1,200.3300,136.0000,0.000372
_3971_,VGND,li1,201.0200,163.2000,0.000505
_3970_,VGND,li1,201.2500,157.7600,0.000706
_3969_,VGND,li1,231.8400,130.5600,0.001032
_3968_,VGND,li1,232.9900,130.5600,0.001032
_3967_,VGND,li1,212.9800,157.7600,0.000818
_3966_,VGND,li1,222.4100,157.7600,0.000881
_3965_,VGND,li1,226.3200,157.7600,0.000900
_3964_,VGND,li1,230.6900,157.7600,0.000915
_3963_,VGND,li1,237.8200,141.4400,0.000597
_3962_,VGND,li1,234.8300,141.4400,0.000589
_3961_,VGND,li1,235.9800,168.6400,0.000610
_3960_,VGND,li1,232.9900,168.6400,0.000595
_3959_,VGND,li1,206.7700,141.4400,0.000438
_3958_,VGND,li1,203.0900,146.8800,0.000255
_3957_,VGND,li1,145.3600,146.8800,0.000518
_3956_,VGND,li1,207.6900,141.4400,0.000438
_3955_,VGND,li1,201.2500,141.4400,0.000377
_3954_,VGND,li1,147.4300,152.3200,0.000477
_3953_,VGND,li1,188.8300,152.3200,0.000339
_3952_,VGND,li1,183.5400,146.8800,0.000189
_3951_,VGND,li1,180.7800,146.8800,0.000177
_3950_,VGND,li1,171.1200,163.2000,0.000306
_3949_,VGND,li1,168.5900,157.7600,0.000401
_3948_,VGND,li1,173.6500,152.3200,0.000282
_3947_,VGND,li1,147.6600,163.2000,0.000473
_3946_,VGND,li1,144.6700,163.2000,0.000485
_3945_,VGND,li1,166.7500,157.7600,0.000416
_3944_,VGND,li1,156.4000,141.4400,0.000314
_3943_,VGND,li1,153.4100,152.3200,0.000434
_3942_,VGND,li1,173.1900,141.4400,0.000215
_3941_,VGND,li1,175.0300,141.4400,0.000201
_3940_,VGND,li1,153.1800,125.1200,0.000493
_3939_,VGND,li1,149.2700,130.5600,0.000572
_3938_,VGND,li1,171.8100,130.5600,0.000400
_3937_,VGND,li1,174.1100,130.5600,0.000373
_3936_,VGND,li1,164.2200,163.2000,0.000362
_3935_,VGND,li1,158.4700,168.6400,0.000301
_3934_,VGND,li1,175.0300,125.1200,0.000301
_3933_,VGND,li1,184.4600,130.5600,0.000432
_3932_,VGND,li1,181.9300,130.5600,0.000378
_3931_,VGND,li1,190.6700,119.6800,0.000245
_3930_,VGND,li1,188.8300,119.6800,0.000235
_3929_,VGND,li1,188.1400,168.6400,0.000270
_3928_,VGND,li1,184.2300,163.2000,0.000321
_3927_,VGND,li1,194.1200,114.2400,0.000456
_3926_,VGND,li1,189.5200,114.2400,0.000399
_3925_,VGND,li1,201.0200,125.1200,0.000483
_3924_,VGND,li1,197.1100,136.0000,0.000357
_3923_,VGND,li1,200.7900,103.3600,0.000950
_3922_,VGND,li1,202.1700,152.3200,0.000473
_3921_,VGND,li1,193.8900,157.7600,0.000595
_3920_,VGND,li1,199.4100,103.3600,0.000911
_3919_,VGND,li1,194.1200,97.9200,0.000701
_3918_,VGND,li1,236.4400,125.1200,0.000735
_3917_,VGND,li1,234.8300,130.5600,0.001040
_3916_,VGND,li1,213.6700,97.9200,0.000953
_3915_,VGND,li1,211.3700,152.3200,0.000537
_3914_,VGND,li1,215.5100,152.3200,0.000557
_3913_,VGND,li1,209.5300,92.4800,0.000686
_3912_,VGND,li1,212.5200,92.4800,0.000699
_3911_,VGND,li1,231.3800,152.3200,0.000603
_3910_,VGND,li1,233.9100,157.7600,0.000922
_3909_,VGND,li1,222.4100,103.3600,0.001127
_3908_,VGND,li1,214.5900,103.3600,0.001073
_3907_,VGND,li1,234.6000,136.0000,0.000513
_3906_,VGND,li1,233.4500,146.8800,0.000324
_3905_,VGND,li1,235.2900,108.8000,0.000582
_3904_,VGND,li1,236.6700,103.3600,0.001175
_3903_,VGND,li1,234.1400,163.2000,0.000704
_3902_,VGND,li1,231.1500,163.2000,0.000692
_3901_,VGND,li1,229.7700,130.5600,0.001010
_3900_,VGND,li1,214.1300,146.8800,0.000282
_3899_,VGND,li1,192.0500,152.3200,0.000371
_3898_,VGND,li1,157.0900,152.3200,0.000413
_3897_,VGND,li1,213.2100,152.3200,0.000546
_3896_,VGND,li1,190.6700,157.7600,0.000538
_3895_,VGND,li1,150.6500,157.7600,0.000528
_3894_,VGND,li1,218.7300,136.0000,0.000474
_3893_,VGND,li1,216.4300,130.5600,0.000890
_3892_,VGND,li1,213.6700,130.5600,0.000860
_3891_,VGND,li1,210.4500,130.5600,0.000816
_3890_,VGND,li1,214.1300,136.0000,0.000453
_3889_,VGND,li1,215.2800,125.1200,0.000600
_3888_,VGND,li1,226.3200,130.5600,0.000991
_3887_,VGND,li1,232.9900,103.3600,0.001170
_3886_,VGND,li1,235.2900,103.3600,0.001175
_3885_,VGND,li1,215.0500,97.9200,0.000961
_3884_,VGND,li1,213.4400,92.4800,0.000699
_3883_,VGND,li1,211.1400,87.0400,0.000508
_3882_,VGND,li1,209.0700,97.9200,0.000908
_3881_,VGND,li1,204.0100,103.3600,0.000986
_3880_,VGND,li1,209.9900,97.9200,0.000908
_3879_,VGND,li1,203.7800,103.3600,0.000986
_3878_,VGND,li1,201.0200,97.9200,0.000821
_3877_,VGND,li1,198.0300,97.9200,0.000776
_3876_,VGND,li1,205.8500,103.3600,0.001005
_3875_,VGND,li1,196.6500,103.3600,0.000832
_3874_,VGND,li1,200.7900,97.9200,0.000821
_3873_,VGND,li1,188.6000,97.9200,0.000565
_3872_,VGND,li1,194.8100,92.4800,0.000510
_3871_,VGND,li1,200.7900,108.8000,0.000427
_3870_,VGND,li1,190.2100,108.8000,0.000362
_3869_,VGND,li1,191.1300,114.2400,0.000429
_3868_,VGND,li1,192.0500,119.6800,0.000245
_3867_,VGND,li1,187.9100,114.2400,0.000399
_3866_,VGND,li1,184.6900,114.2400,0.000329
_3865_,VGND,li1,181.9300,108.8000,0.000292
_3864_,VGND,li1,176.4100,125.1200,0.000301
_3863_,VGND,li1,173.1900,125.1200,0.000325
_3862_,VGND,li1,178.7100,125.1200,0.000264
_3861_,VGND,li1,174.5700,136.0000,0.000213
_3860_,VGND,li1,170.8900,141.4400,0.000241
_3859_,VGND,li1,175.4900,152.3200,0.000258
_3858_,VGND,li1,178.7100,146.8800,0.000167
_3857_,VGND,li1,181.7000,141.4400,0.000205
_3856_,VGND,li1,192.5100,146.8800,0.000226
_3855_,VGND,li1,170.4300,146.8800,0.000265
_3854_,VGND,li1,165.8300,141.4400,0.000266
_3853_,VGND,li1,167.4400,141.4400,0.000254
_3852_,VGND,li1,171.8100,136.0000,0.000236
_3851_,VGND,li1,169.5100,136.0000,0.000251
_3850_,VGND,li1,178.7100,125.1200,0.000264
_3849_,VGND,li1,171.3500,119.6800,0.000226
_3848_,VGND,li1,174.5700,114.2400,0.000306
_3847_,VGND,li1,165.6000,119.6800,0.000262
_3846_,VGND,li1,170.4300,108.8000,0.000311
_3845_,VGND,li1,177.3300,125.1200,0.000264
_3844_,VGND,li1,171.5800,136.0000,0.000236
_3843_,VGND,li1,162.1500,125.1200,0.000429
_3842_,VGND,li1,168.5900,141.4400,0.000254
_3841_,VGND,li1,165.3700,141.4400,0.000266
_3840_,VGND,li1,166.7500,136.0000,0.000269
_3839_,VGND,li1,170.4300,146.8800,0.000265
_3838_,VGND,li1,171.3500,141.4400,0.000227
_3837_,VGND,li1,175.2600,146.8800,0.000219
_3836_,VGND,li1,168.1300,146.8800,0.000306
_3835_,VGND,li1,173.1900,146.8800,0.000241
_3834_,VGND,li1,175.4900,157.7600,0.000339
_3833_,VGND,li1,159.3900,136.0000,0.000327
_3832_,VGND,li1,156.4000,136.0000,0.000341
_3831_,VGND,li1,167.6700,125.1200,0.000385
_3830_,VGND,li1,162.6100,119.6800,0.000281
_3829_,VGND,li1,158.9300,119.6800,0.000304
_3828_,VGND,li1,167.2100,119.6800,0.000262
_3827_,VGND,li1,169.0500,125.1200,0.000385
_3826_,VGND,li1,164.9100,125.1200,0.000413
_3825_,VGND,li1,153.4100,130.5600,0.000552
_3824_,VGND,li1,159.3900,125.1200,0.000460
_3823_,VGND,li1,162.3800,125.1200,0.000429
_3822_,VGND,li1,157.7800,125.1200,0.000460
_3821_,VGND,li1,157.5500,130.5600,0.000535
_3820_,VGND,li1,153.8700,130.5600,0.000552
_3819_,VGND,li1,158.0100,130.5600,0.000521
_3818_,VGND,li1,152.0300,136.0000,0.000365
_3817_,VGND,li1,149.7300,157.7600,0.000528
_3816_,VGND,li1,150.6500,119.6800,0.000342
_3815_,VGND,li1,157.0900,114.2400,0.000488
_3814_,VGND,li1,163.0700,119.6800,0.000281
_3813_,VGND,li1,186.9900,108.8000,0.000340
_3812_,VGND,li1,190.2100,108.8000,0.000362
_3811_,VGND,li1,187.9100,103.3600,0.000647
_3810_,VGND,li1,187.9100,97.9200,0.000565
_3809_,VGND,li1,190.9000,97.9200,0.000631
_3808_,VGND,li1,172.9600,97.9200,0.000370
_3807_,VGND,li1,183.7700,92.4800,0.000334
_3806_,VGND,li1,180.7800,108.8000,0.000264
_3805_,VGND,li1,178.2500,103.3600,0.000371
_3804_,VGND,li1,175.0300,108.8000,0.000271
_3803_,VGND,li1,169.9700,108.8000,0.000311
_3802_,VGND,li1,177.7900,108.8000,0.000239
_3801_,VGND,li1,174.1100,103.3600,0.000401
_3800_,VGND,li1,174.5700,108.8000,0.000271
_3799_,VGND,li1,163.5300,103.3600,0.000455
_3798_,VGND,li1,166.2900,103.3600,0.000440
_3797_,VGND,li1,154.7900,108.8000,0.000396
_3796_,VGND,li1,151.1100,114.2400,0.000546
_3795_,VGND,li1,158.4700,108.8000,0.000374
_3794_,VGND,li1,158.7000,108.8000,0.000374
_3793_,VGND,li1,162.1500,108.8000,0.000354
_3792_,VGND,li1,165.3700,108.8000,0.000341
_3791_,VGND,li1,162.6100,108.8000,0.000354
_3790_,VGND,li1,150.6500,108.8000,0.000411
_3789_,VGND,li1,150.6500,114.2400,0.000546
_3788_,VGND,li1,149.2700,119.6800,0.000342
_3787_,VGND,li1,152.9500,119.6800,0.000326
_3786_,VGND,li1,153.4100,114.2400,0.000522
_3785_,VGND,li1,148.3500,114.2400,0.000571
_3784_,VGND,li1,152.9500,141.4400,0.000332
_3783_,VGND,li1,149.2700,103.3600,0.000533
_3782_,VGND,li1,159.3900,97.9200,0.000403
_3781_,VGND,li1,176.4100,97.9200,0.000349
_3780_,VGND,li1,168.5900,97.9200,0.000386
_3779_,VGND,li1,167.6700,92.4800,0.000274
_3778_,VGND,li1,162.6100,97.9200,0.000400
_3777_,VGND,li1,152.9500,97.9200,0.000406
_3776_,VGND,li1,158.4700,97.9200,0.000404
_3775_,VGND,li1,155.2500,97.9200,0.000405
_3774_,VGND,li1,149.2700,97.9200,0.000404
_3773_,VGND,li1,144.6700,103.3600,0.000554
_3772_,VGND,li1,151.5700,103.3600,0.000519
_3771_,VGND,li1,152.0300,97.9200,0.000406
_3770_,VGND,li1,146.5100,97.9200,0.000402
_3769_,VGND,li1,149.7300,125.1200,0.000525
_3768_,VGND,li1,150.6500,92.4800,0.000348
_3767_,VGND,li1,164.9100,81.6000,0.000342
_3766_,VGND,li1,175.9500,103.3600,0.000389
_3765_,VGND,li1,175.7200,97.9200,0.000349
_3764_,VGND,li1,178.4800,97.9200,0.000328
_3763_,VGND,li1,177.3300,92.4800,0.000221
_3762_,VGND,li1,181.2400,97.9200,0.000380
_3761_,VGND,li1,163.5300,97.9200,0.000395
_3760_,VGND,li1,161.9200,92.4800,0.000295
_3759_,VGND,li1,161.2300,92.4800,0.000306
_3758_,VGND,li1,158.9300,92.4800,0.000315
_3757_,VGND,li1,164.4500,92.4800,0.000283
_3756_,VGND,li1,197.1100,97.9200,0.000743
_3755_,VGND,li1,200.7900,65.2800,0.000379
_3754_,VGND,li1,195.0400,92.4800,0.000510
_3753_,VGND,li1,192.0500,87.0400,0.000347
_3752_,VGND,li1,181.7000,87.0400,0.000222
_3751_,VGND,li1,194.8100,87.0400,0.000372
_3750_,VGND,li1,184.4600,87.0400,0.000258
_3749_,VGND,li1,181.0100,81.6000,0.000202
_3748_,VGND,li1,178.7100,87.0400,0.000176
_3747_,VGND,li1,175.0300,81.6000,0.000224
_3746_,VGND,li1,177.7900,81.6000,0.000189
_3745_,VGND,li1,174.5700,59.8400,0.000093
_3744_,VGND,li1,176.1800,59.8400,0.000093
_3743_,VGND,li1,163.5300,70.7200,0.000276
_3742_,VGND,li1,180.5500,97.9200,0.000380
_3741_,VGND,li1,182.3900,103.3600,0.000493
_3740_,VGND,li1,183.7700,81.6000,0.000218
_3739_,VGND,li1,161.9200,81.6000,0.000372
_3738_,VGND,li1,158.9300,81.6000,0.000400
_3737_,VGND,li1,163.5300,76.1600,0.000213
_3736_,VGND,li1,161.9200,76.1600,0.000213
_3735_,VGND,li1,160.3100,70.7200,0.000291
_3734_,VGND,li1,162.1500,70.7200,0.000276
_3733_,VGND,li1,159.8500,76.1600,0.000228
_3732_,VGND,li1,155.2500,81.6000,0.000430
_3731_,VGND,li1,154.7900,87.0400,0.000287
_3730_,VGND,li1,151.5700,87.0400,0.000299
_3729_,VGND,li1,152.9500,92.4800,0.000336
_3728_,VGND,li1,154.3300,87.0400,0.000287
_3727_,VGND,li1,156.1700,87.0400,0.000278
_3726_,VGND,li1,157.5500,157.7600,0.000485
_3725_,VGND,li1,157.0900,81.6000,0.000416
_3724_,VGND,li1,179.6300,76.1600,0.000123
_3723_,VGND,li1,192.5100,70.7200,0.000194
_3722_,VGND,li1,206.7700,87.0400,0.000482
_3721_,VGND,li1,209.5300,87.0400,0.000497
_3720_,VGND,li1,201.4800,59.8400,0.000087
_3719_,VGND,li1,196.1900,65.2800,0.000348
_3718_,VGND,li1,188.1400,59.8400,0.000080
_3717_,VGND,li1,205.1600,65.2800,0.000386
_3716_,VGND,li1,192.2800,65.2800,0.000326
_3715_,VGND,li1,189.2900,70.7200,0.000185
_3714_,VGND,li1,191.5900,59.8400,0.000082
_3713_,VGND,li1,183.7700,54.4000,0.000063
_3712_,VGND,li1,186.5300,54.4000,0.000065
_3711_,VGND,li1,185.1500,59.8400,0.000077
_3710_,VGND,li1,180.7800,54.4000,0.000061
_3709_,VGND,li1,171.1200,65.2800,0.000235
_3708_,VGND,li1,181.4700,59.8400,0.000074
_3707_,VGND,li1,178.2500,59.8400,0.000071
_3706_,VGND,li1,174.1100,59.8400,0.000105
_3705_,VGND,li1,176.1800,59.8400,0.000093
_3704_,VGND,li1,179.1700,59.8400,0.000071
_3703_,VGND,li1,194.8100,65.2800,0.000348
_3702_,VGND,li1,178.9400,70.7200,0.000136
_3701_,VGND,li1,176.4100,76.1600,0.000137
_3700_,VGND,li1,175.0300,65.2800,0.000201
_3699_,VGND,li1,173.1900,70.7200,0.000197
_3698_,VGND,li1,169.7400,70.7200,0.000212
_3697_,VGND,li1,169.0500,65.2800,0.000252
_3696_,VGND,li1,171.8100,70.7200,0.000197
_3695_,VGND,li1,176.8700,70.7200,0.000154
_3694_,VGND,li1,175.4900,81.6000,0.000224
_3693_,VGND,li1,170.8900,81.6000,0.000288
_3692_,VGND,li1,153.4100,81.6000,0.000451
_3691_,VGND,li1,171.8100,81.6000,0.000263
_3690_,VGND,li1,169.0500,87.0400,0.000218
_3689_,VGND,li1,183.7700,125.1200,0.000312
_3688_,VGND,li1,176.8700,76.1600,0.000137
_3687_,VGND,li1,190.6700,70.7200,0.000185
_3686_,VGND,li1,202.6300,65.2800,0.000384
_3685_,VGND,li1,206.7700,81.6000,0.000316
_3684_,VGND,li1,209.9900,92.4800,0.000686
_3683_,VGND,li1,208.3800,76.1600,0.000262
_3682_,VGND,li1,207.6900,76.1600,0.000262
_3681_,VGND,li1,207.9200,59.8400,0.000090
_3680_,VGND,li1,210.6800,76.1600,0.000267
_3679_,VGND,li1,204.7000,70.7200,0.000220
_3678_,VGND,li1,201.2500,70.7200,0.000216
_3677_,VGND,li1,204.9300,59.8400,0.000089
_3676_,VGND,li1,209.9900,59.8400,0.000091
_3675_,VGND,li1,211.6000,59.8400,0.000091
_3674_,VGND,li1,213.9000,59.8400,0.000092
_3673_,VGND,li1,217.8100,65.2800,0.000391
_3672_,VGND,li1,219.8800,59.8400,0.000093
_3671_,VGND,li1,186.5300,59.8400,0.000077
_3670_,VGND,li1,181.0100,54.4000,0.000061
_3669_,VGND,li1,183.7700,54.4000,0.000063
_3668_,VGND,li1,184.0000,59.8400,0.000075
_3667_,VGND,li1,182.8500,59.8400,0.000075
_3666_,VGND,li1,203.5500,70.7200,0.000220
_3665_,VGND,li1,193.6600,70.7200,0.000194
_3664_,VGND,li1,189.7500,76.1600,0.000180
_3663_,VGND,li1,213.2100,65.2800,0.000389
_3662_,VGND,li1,215.5100,65.2800,0.000390
_3661_,VGND,li1,212.0600,65.2800,0.000389
_3660_,VGND,li1,214.5900,65.2800,0.000390
_3659_,VGND,li1,219.4200,65.2800,0.000391
_3658_,VGND,li1,216.4300,70.7200,0.000228
_3657_,VGND,li1,217.3500,65.2800,0.000391
_3656_,VGND,li1,192.5100,76.1600,0.000193
_3655_,VGND,li1,191.1300,81.6000,0.000257
_3654_,VGND,li1,187.9100,81.6000,0.000243
_3653_,VGND,li1,179.1700,76.1600,0.000123
_3652_,VGND,li1,186.5300,81.6000,0.000229
_3651_,VGND,li1,183.7700,81.6000,0.000218
_3650_,VGND,li1,189.2900,163.2000,0.000389
_3649_,VGND,li1,194.3500,81.6000,0.000266
_3648_,VGND,li1,197.8000,81.6000,0.000284
_3647_,VGND,li1,204.4700,76.1600,0.000249
_3646_,VGND,li1,238.5100,76.1600,0.000299
_3645_,VGND,li1,234.8300,76.1600,0.000296
_3644_,VGND,li1,240.8100,87.0400,0.000627
_3643_,VGND,li1,234.3700,97.9200,0.001005
_3642_,VGND,li1,241.0400,92.4800,0.000758
_3641_,VGND,li1,238.7400,92.4800,0.000757
_3640_,VGND,li1,239.4300,81.6000,0.000356
_3639_,VGND,li1,235.7500,87.0400,0.000615
_3638_,VGND,li1,239.8900,76.1600,0.000299
_3637_,VGND,li1,233.2200,70.7200,0.000235
_3636_,VGND,li1,238.0500,87.0400,0.000619
_3635_,VGND,li1,239.2000,81.6000,0.000356
_3634_,VGND,li1,236.6700,76.1600,0.000298
_3633_,VGND,li1,234.8300,81.6000,0.000352
_3632_,VGND,li1,234.8300,70.7200,0.000235
_3631_,VGND,li1,231.6100,70.7200,0.000235
_3630_,VGND,li1,231.3800,65.2800,0.000392
_3629_,VGND,li1,228.3900,70.7200,0.000233
_3628_,VGND,li1,225.6300,76.1600,0.000284
_3627_,VGND,li1,226.0900,59.8400,0.000093
_3626_,VGND,li1,220.8000,59.8400,0.000093
_3625_,VGND,li1,217.1200,59.8400,0.000092
_3624_,VGND,li1,220.5700,65.2800,0.000391
_3623_,VGND,li1,209.7600,81.6000,0.000321
_3622_,VGND,li1,201.2500,81.6000,0.000297
_3621_,VGND,li1,218.7300,76.1600,0.000277
_3620_,VGND,li1,220.3400,76.1600,0.000280
_3619_,VGND,li1,221.7200,76.1600,0.000280
_3618_,VGND,li1,222.6400,81.6000,0.000338
_3617_,VGND,li1,219.6500,81.6000,0.000334
_3616_,VGND,li1,204.0100,81.6000,0.000307
_3615_,VGND,li1,204.9300,157.7600,0.000745
_3614_,VGND,li1,195.7300,81.6000,0.000276
_3613_,VGND,li1,201.2500,119.6800,0.000282
_3612_,VGND,li1,232.0700,87.0400,0.000598
_3611_,VGND,li1,231.3800,87.0400,0.000598
_3610_,VGND,li1,235.7500,92.4800,0.000754
_3609_,VGND,li1,239.4300,97.9200,0.001014
_3608_,VGND,li1,240.5800,103.3600,0.001178
_3607_,VGND,li1,238.0500,103.3600,0.001177
_3606_,VGND,li1,238.7400,103.3600,0.001177
_3605_,VGND,li1,242.4200,97.9200,0.001014
_3604_,VGND,li1,226.7800,92.4800,0.000734
_3603_,VGND,li1,238.9700,97.9200,0.001014
_3602_,VGND,li1,236.2100,97.9200,0.001011
_3601_,VGND,li1,236.9000,97.9200,0.001011
_3600_,VGND,li1,236.2100,92.4800,0.000754
_3599_,VGND,li1,228.3900,92.4800,0.000739
_3598_,VGND,li1,223.7900,92.4800,0.000727
_3597_,VGND,li1,223.3300,92.4800,0.000727
_3596_,VGND,li1,221.4900,92.4800,0.000719
_3595_,VGND,li1,221.2600,97.9200,0.000977
_3594_,VGND,li1,225.1700,70.7200,0.000232
_3593_,VGND,li1,227.0100,65.2800,0.000392
_3592_,VGND,li1,225.6300,65.2800,0.000392
_3591_,VGND,li1,221.7200,65.2800,0.000391
_3590_,VGND,li1,221.9500,70.7200,0.000231
_3589_,VGND,li1,238.5100,92.4800,0.000757
_3588_,VGND,li1,233.4500,92.4800,0.000750
_3587_,VGND,li1,231.6100,92.4800,0.000744
_3586_,VGND,li1,229.3100,87.0400,0.000589
_3585_,VGND,li1,235.2900,119.6800,0.000352
_3584_,VGND,li1,221.4900,81.6000,0.000338
_3583_,VGND,li1,216.8900,81.6000,0.000332
_3582_,VGND,li1,222.4100,87.0400,0.000553
_3581_,VGND,li1,228.8500,114.2400,0.000584
_3580_,VGND,li1,223.1000,114.2400,0.000567
_3579_,VGND,li1,240.3500,108.8000,0.000584
_3578_,VGND,li1,238.0500,108.8000,0.000583
_3577_,VGND,li1,235.7500,108.8000,0.000582
_3576_,VGND,li1,232.9900,108.8000,0.000567
_3575_,VGND,li1,228.3900,130.5600,0.001010
_3574_,VGND,li1,226.5500,125.1200,0.000680
_3573_,VGND,li1,227.0100,130.5600,0.000991
_3572_,VGND,li1,230.4600,114.2400,0.000592
_3571_,VGND,li1,236.2100,114.2400,0.000605
_3570_,VGND,li1,233.9100,114.2400,0.000600
_3569_,VGND,li1,233.2200,108.8000,0.000574
_3568_,VGND,li1,238.5100,108.8000,0.000583
_3567_,VGND,li1,230.2300,108.8000,0.000557
_3566_,VGND,li1,224.7100,108.8000,0.000532
_3565_,VGND,li1,226.7800,108.8000,0.000547
_3564_,VGND,li1,221.2600,97.9200,0.000977
_3563_,VGND,li1,220.3400,103.3600,0.001112
_3562_,VGND,li1,215.9700,108.8000,0.000498
_3561_,VGND,li1,218.2700,108.8000,0.000509
_3560_,VGND,li1,233.4500,114.2400,0.000600
_3559_,VGND,li1,239.8900,157.7600,0.000931
_3558_,VGND,li1,226.0900,114.2400,0.000577
_3557_,VGND,li1,227.0100,152.3200,0.000596
_3556_,VGND,li1,223.3300,81.6000,0.000340
_3555_,VGND,li1,228.3900,119.6800,0.000342
_3554_,VGND,li1,226.0900,119.6800,0.000338
_3553_,VGND,li1,220.8000,125.1200,0.000643
_3552_,VGND,li1,221.4900,125.1200,0.000643
_3551_,VGND,li1,217.8100,125.1200,0.000620
_3550_,VGND,li1,223.7900,125.1200,0.000655
_3549_,VGND,li1,231.1500,141.4400,0.000577
_3548_,VGND,li1,215.0500,119.6800,0.000315
_3547_,VGND,li1,215.9700,119.6800,0.000315
_3546_,VGND,li1,219.1900,125.1200,0.000620
_3545_,VGND,li1,215.9700,125.1200,0.000600
_3544_,VGND,li1,229.3100,168.6400,0.000576
_3543_,VGND,li1,218.2700,119.6800,0.000323
_3542_,VGND,li1,216.4300,114.2400,0.000540
_3541_,VGND,li1,220.5700,108.8000,0.000519
_3540_,VGND,li1,213.2100,108.8000,0.000486
_3539_,VGND,li1,215.5100,114.2400,0.000540
_3538_,VGND,li1,210.9100,114.2400,0.000523
_3537_,VGND,li1,210.4500,119.6800,0.000303
_3536_,VGND,li1,204.9300,114.2400,0.000499
_3535_,VGND,li1,212.0600,114.2400,0.000523
_3534_,VGND,li1,218.7300,114.2400,0.000552
_3533_,VGND,li1,210.4500,108.8000,0.000465
_3532_,VGND,li1,117.0700,114.2400,0.000721
_3531_,VGND,li1,116.3800,103.3600,0.000613
_3530_,VGND,li1,121.9000,92.4800,0.000421
_3529_,VGND,li1,124.4300,97.9200,0.000387
_3528_,VGND,li1,132.4800,76.1600,0.000338
_3527_,VGND,li1,129.9500,76.1600,0.000344
_3526_,VGND,li1,128.8000,76.1600,0.000344
_3525_,VGND,li1,131.3300,76.1600,0.000338
_3524_,VGND,li1,109.4800,92.4800,0.000416
_3523_,VGND,li1,104.6500,92.4800,0.000406
_3522_,VGND,li1,102.1200,81.6000,0.000565
_3521_,VGND,li1,97.7500,76.1600,0.000374
_3520_,VGND,li1,29.4400,108.8000,0.000226
_3519_,VGND,li1,22.3100,103.3600,0.000147
_3518_,VGND,li1,25.7600,70.7200,0.000162
_3517_,VGND,li1,30.1300,76.1600,0.000153
_3516_,VGND,li1,29.4400,76.1600,0.000153
_3515_,VGND,li1,28.2900,70.7200,0.000206
_3514_,VGND,li1,29.9000,81.6000,0.000181
_3513_,VGND,li1,29.6700,92.4800,0.000126
_3512_,VGND,li1,42.7800,108.8000,0.000381
_3511_,VGND,li1,40.2500,108.8000,0.000354
_3510_,VGND,li1,38.1800,119.6800,0.000263
_3509_,VGND,li1,42.5500,125.1200,0.000402
_3508_,VGND,li1,53.3600,125.1200,0.000533
_3507_,VGND,li1,49.4500,119.6800,0.000335
_3506_,VGND,li1,63.9400,125.1200,0.000626
_3505_,VGND,li1,66.9300,125.1200,0.000643
_3504_,VGND,li1,79.5800,125.1200,0.000713
_3503_,VGND,li1,74.7500,119.6800,0.000449
_3502_,VGND,li1,102.8100,114.2400,0.000750
_3501_,VGND,li1,115.6900,114.2400,0.000727
_3500_,VGND,li1,128.8000,119.6800,0.000412
_3499_,VGND,li1,120.2900,114.2400,0.000712
_3498_,VGND,li1,131.3300,119.6800,0.000404
_3497_,VGND,li1,98.6700,114.2400,0.000748
_3496_,VGND,li1,117.0700,108.8000,0.000532
_3495_,VGND,li1,115.0000,108.8000,0.000537
_3494_,VGND,li1,119.1400,103.3600,0.000615
_3493_,VGND,li1,120.5200,103.3600,0.000617
_3492_,VGND,li1,124.4300,92.4800,0.000420
_3491_,VGND,li1,127.6500,81.6000,0.000571
_3490_,VGND,li1,123.7400,81.6000,0.000571
_3489_,VGND,li1,128.5700,92.4800,0.000417
_3488_,VGND,li1,136.3900,70.7200,0.000459
_3487_,VGND,li1,132.9400,114.2400,0.000666
_3486_,VGND,li1,132.2500,70.7200,0.000476
_3485_,VGND,li1,126.7300,70.7200,0.000497
_3484_,VGND,li1,122.8200,70.7200,0.000509
_3483_,VGND,li1,134.5500,65.2800,0.000501
_3482_,VGND,li1,139.3800,136.0000,0.000444
_3481_,VGND,li1,133.6300,70.7200,0.000476
_3480_,VGND,li1,123.9700,70.7200,0.000509
_3479_,VGND,li1,106.9500,92.4800,0.000412
_3478_,VGND,li1,106.2600,92.4800,0.000412
_3477_,VGND,li1,107.4100,87.0400,0.000444
_3476_,VGND,li1,110.1700,70.7200,0.000543
_3475_,VGND,li1,109.9400,65.2800,0.000609
_3474_,VGND,li1,93.6100,81.6000,0.000546
_3473_,VGND,li1,99.1300,87.0400,0.000438
_3472_,VGND,li1,100.7400,70.7200,0.000555
_3471_,VGND,li1,37.4900,108.8000,0.000327
_3470_,VGND,li1,24.8400,130.5600,0.000177
_3469_,VGND,li1,28.7500,103.3600,0.000176
_3468_,VGND,li1,91.7700,70.7200,0.000556
_3467_,VGND,li1,33.8100,76.1600,0.000187
_3466_,VGND,li1,80.2700,65.2800,0.000604
_3465_,VGND,li1,83.9500,65.2800,0.000614
_3464_,VGND,li1,26.4500,76.1600,0.000111
_3463_,VGND,li1,29.6700,65.2800,0.000198
_3462_,VGND,li1,28.9800,146.8800,0.000244
_3461_,VGND,li1,31.9700,65.2800,0.000223
_3460_,VGND,li1,51.2900,65.2800,0.000444
_3459_,VGND,li1,33.8100,87.0400,0.000207
_3458_,VGND,li1,46.2300,59.8400,0.000299
_3457_,VGND,li1,47.1500,59.8400,0.000299
_3456_,VGND,li1,33.8100,92.4800,0.000153
_3455_,VGND,li1,46.2300,108.8000,0.000418
_3454_,VGND,li1,42.3200,141.4400,0.000222
_3453_,VGND,li1,40.7100,103.3600,0.000315
_3452_,VGND,li1,43.0100,70.7200,0.000377
_3451_,VGND,li1,44.6200,65.2800,0.000386
_3450_,VGND,li1,38.8700,125.1200,0.000356
_3449_,VGND,li1,41.6300,81.6000,0.000330
_3448_,VGND,li1,41.1700,70.7200,0.000359
_3447_,VGND,li1,42.7800,65.2800,0.000348
_3446_,VGND,li1,43.9300,125.1200,0.000402
_3445_,VGND,li1,51.7500,119.6800,0.000355
_3444_,VGND,li1,54.2800,141.4400,0.000290
_3443_,VGND,li1,47.6100,114.2400,0.000447
_3442_,VGND,li1,48.5300,87.0400,0.000318
_3441_,VGND,li1,62.7900,136.0000,0.000448
_3440_,VGND,li1,64.1700,108.8000,0.000562
_3439_,VGND,li1,66.4700,108.8000,0.000571
_3438_,VGND,li1,67.3900,136.0000,0.000474
_3437_,VGND,li1,77.5100,114.2400,0.000694
_3436_,VGND,li1,136.8500,97.9200,0.000396
_3435_,VGND,li1,80.9600,136.0000,0.000526
_3434_,VGND,li1,72.9100,119.6800,0.000438
_3433_,VGND,li1,69.6900,114.2400,0.000668
_3432_,VGND,li1,104.6500,119.6800,0.000475
_3431_,VGND,li1,90.8500,114.2400,0.000736
_3430_,VGND,li1,88.5500,108.8000,0.000589
_3429_,VGND,li1,90.8500,108.8000,0.000584
_3428_,VGND,li1,96.8300,108.8000,0.000575
_3427_,VGND,li1,99.5900,114.2400,0.000748
_3426_,VGND,li1,88.3200,108.8000,0.000589
_3425_,VGND,li1,71.9900,108.8000,0.000583
_3424_,VGND,li1,67.3900,108.8000,0.000571
_3423_,VGND,li1,61.8700,103.3600,0.000491
_3422_,VGND,li1,58.6500,103.3600,0.000459
_3421_,VGND,li1,48.5300,81.6000,0.000373
_3420_,VGND,li1,52.6700,87.0400,0.000343
_3419_,VGND,li1,47.1500,76.1600,0.000290
_3418_,VGND,li1,50.3700,65.2800,0.000444
_3417_,VGND,li1,46.0000,70.7200,0.000397
_3416_,VGND,li1,47.3800,54.4000,0.000281
_3415_,VGND,li1,48.5300,59.8400,0.000305
_3414_,VGND,li1,53.5900,65.2800,0.000463
_3413_,VGND,li1,54.9700,54.4000,0.000313
_3412_,VGND,li1,55.6600,54.4000,0.000318
_3411_,VGND,li1,58.6500,54.4000,0.000324
_3410_,VGND,li1,58.6500,54.4000,0.000324
_3409_,VGND,li1,61.6400,43.5200,0.000186
_3408_,VGND,li1,79.1200,65.2800,0.000604
_3407_,VGND,li1,90.8500,70.7200,0.000556
_3406_,VGND,li1,94.5300,65.2800,0.000628
_3405_,VGND,li1,98.6700,65.2800,0.000629
_3404_,VGND,li1,107.8700,65.2800,0.000616
_3403_,VGND,li1,119.1400,65.2800,0.000579
_3402_,VGND,li1,121.2100,70.7200,0.000517
_3401_,VGND,li1,126.0400,81.6000,0.000571
_3400_,VGND,li1,118.2200,103.3600,0.000615
_3399_,VGND,li1,123.9700,103.3600,0.000620
_3398_,VGND,li1,126.5000,81.6000,0.000571
_3397_,VGND,li1,124.2000,65.2800,0.000555
_3396_,VGND,li1,123.2800,65.2800,0.000555
_3395_,VGND,li1,117.7600,65.2800,0.000579
_3394_,VGND,li1,120.2900,59.8400,0.000356
_3393_,VGND,li1,120.7500,65.2800,0.000566
_3392_,VGND,li1,127.6500,65.2800,0.000533
_3391_,VGND,li1,126.7300,59.8400,0.000333
_3390_,VGND,li1,124.2000,59.8400,0.000341
_3389_,VGND,li1,127.4200,59.8400,0.000333
_3388_,VGND,li1,129.7200,54.4000,0.000273
_3387_,VGND,li1,124.4300,81.6000,0.000571
_3386_,VGND,li1,129.0300,87.0400,0.000386
_3385_,VGND,li1,121.6700,81.6000,0.000571
_3384_,VGND,li1,118.9100,81.6000,0.000571
_3383_,VGND,li1,130.8700,59.8400,0.000318
_3382_,VGND,li1,123.2800,54.4000,0.000290
_3381_,VGND,li1,114.0800,65.2800,0.000594
_3380_,VGND,li1,97.5200,65.2800,0.000629
_3379_,VGND,li1,104.6500,65.2800,0.000620
_3378_,VGND,li1,111.0900,65.2800,0.000603
_3377_,VGND,li1,106.7200,65.2800,0.000616
_3376_,VGND,li1,116.6100,59.8400,0.000362
_3375_,VGND,li1,125.5800,54.4000,0.000284
_3374_,VGND,li1,124.6600,48.9600,0.000298
_3373_,VGND,li1,118.2200,54.4000,0.000302
_3372_,VGND,li1,115.2300,54.4000,0.000309
_3371_,VGND,li1,127.6500,48.9600,0.000291
_3370_,VGND,li1,133.4000,48.9600,0.000277
_3369_,VGND,li1,131.1000,48.9600,0.000285
_3368_,VGND,li1,135.4700,48.9600,0.000270
_3367_,VGND,li1,131.7900,43.5200,0.000147
_3366_,VGND,li1,127.8800,43.5200,0.000152
_3365_,VGND,li1,112.2400,59.8400,0.000373
_3364_,VGND,li1,105.5700,65.2800,0.000620
_3363_,VGND,li1,100.2800,65.2800,0.000626
_3362_,VGND,li1,92.9200,65.2800,0.000628
_3361_,VGND,li1,90.3900,59.8400,0.000386
_3360_,VGND,li1,93.8400,59.8400,0.000387
_3359_,VGND,li1,102.5800,65.2800,0.000623
_3358_,VGND,li1,99.5900,59.8400,0.000384
_3357_,VGND,li1,103.0400,59.8400,0.000381
_3356_,VGND,li1,108.7900,54.4000,0.000322
_3355_,VGND,li1,99.5900,59.8400,0.000384
_3354_,VGND,li1,97.0600,59.8400,0.000386
_3353_,VGND,li1,111.0900,59.8400,0.000373
_3352_,VGND,li1,114.5400,59.8400,0.000367
_3351_,VGND,li1,112.7000,54.4000,0.000315
_3350_,VGND,li1,117.5300,48.9600,0.000311
_3349_,VGND,li1,114.3100,48.9600,0.000312
_3348_,VGND,li1,111.3200,48.9600,0.000314
_3347_,VGND,li1,120.2900,54.4000,0.000297
_3346_,VGND,li1,126.0400,48.9600,0.000298
_3345_,VGND,li1,131.3300,43.5200,0.000147
_3344_,VGND,li1,136.8500,48.9600,0.000270
_3343_,VGND,li1,128.5700,43.5200,0.000152
_3342_,VGND,li1,124.4300,43.5200,0.000157
_3341_,VGND,li1,113.3900,32.6400,0.000168
_3340_,VGND,li1,103.0400,48.9600,0.000316
_3339_,VGND,li1,90.6200,54.4000,0.000354
_3338_,VGND,li1,85.1000,59.8400,0.000383
_3337_,VGND,li1,81.6500,65.2800,0.000610
_3336_,VGND,li1,81.1900,59.8400,0.000377
_3335_,VGND,li1,80.0400,48.9600,0.000290
_3334_,VGND,li1,80.2700,54.4000,0.000354
_3333_,VGND,li1,78.2000,54.4000,0.000353
_3332_,VGND,li1,80.0400,48.9600,0.000290
_3331_,VGND,li1,77.9700,48.9600,0.000285
_3330_,VGND,li1,83.9500,48.9600,0.000298
_3329_,VGND,li1,76.3600,43.5200,0.000191
_3328_,VGND,li1,87.6300,59.8400,0.000385
_3327_,VGND,li1,92.9200,54.4000,0.000350
_3326_,VGND,li1,87.8600,54.4000,0.000355
_3325_,VGND,li1,99.1300,54.4000,0.000342
_3324_,VGND,li1,90.1600,54.4000,0.000354
_3323_,VGND,li1,88.0900,54.4000,0.000355
_3322_,VGND,li1,100.0500,48.9600,0.000316
_3321_,VGND,li1,100.5100,38.0800,0.000218
_3320_,VGND,li1,102.5800,38.0800,0.000217
_3319_,VGND,li1,101.2000,43.5200,0.000184
_3318_,VGND,li1,105.8000,43.5200,0.000180
_3317_,VGND,li1,105.8000,48.9600,0.000315
_3316_,VGND,li1,102.8100,48.9600,0.000316
_3315_,VGND,li1,94.7600,43.5200,0.000187
_3314_,VGND,li1,109.2500,32.6400,0.000167
_3313_,VGND,li1,112.7000,27.2000,0.000280
_3312_,VGND,li1,110.6300,32.6400,0.000167
_3311_,VGND,li1,116.1500,32.6400,0.000168
_3310_,VGND,li1,113.8500,32.6400,0.000168
_3309_,VGND,li1,111.7800,48.9600,0.000314
_3308_,VGND,li1,115.2300,43.5200,0.000170
_3307_,VGND,li1,116.3800,48.9600,0.000311
_3306_,VGND,li1,112.4700,43.5200,0.000173
_3305_,VGND,li1,117.5300,43.5200,0.000167
_3304_,VGND,li1,88.5500,48.9600,0.000303
_3303_,VGND,li1,84.6400,48.9600,0.000298
_3302_,VGND,li1,86.9400,38.0800,0.000220
_3301_,VGND,li1,84.6400,38.0800,0.000219
_3300_,VGND,li1,100.2800,38.0800,0.000218
_3299_,VGND,li1,107.1800,38.0800,0.000216
_3298_,VGND,li1,94.3000,38.0800,0.000219
_3297_,VGND,li1,81.8800,54.4000,0.000355
_3296_,VGND,li1,85.1000,54.4000,0.000356
_3295_,VGND,li1,72.2200,54.4000,0.000348
_3294_,VGND,li1,75.6700,54.4000,0.000350
_3293_,VGND,li1,71.7600,54.4000,0.000345
_3292_,VGND,li1,70.3800,59.8400,0.000352
_3291_,VGND,li1,103.0400,32.6400,0.000165
_3290_,VGND,li1,104.6500,32.6400,0.000165
_3289_,VGND,li1,106.4900,32.6400,0.000166
_3288_,VGND,li1,105.1100,38.0800,0.000216
_3287_,VGND,li1,100.0500,32.6400,0.000162
_3286_,VGND,li1,109.7100,48.9600,0.000315
_3285_,VGND,li1,97.9800,48.9600,0.000314
_3284_,VGND,li1,103.7300,43.5200,0.000182
_3283_,VGND,li1,101.8900,76.1600,0.000376
_3282_,VGND,li1,94.5300,48.9600,0.000309
_3281_,VGND,li1,97.2900,43.5200,0.000186
_3280_,VGND,li1,42.5500,54.4000,0.000254
_3279_,VGND,li1,46.2300,54.4000,0.000281
_3278_,VGND,li1,48.3000,48.9600,0.000193
_3277_,VGND,li1,51.7500,48.9600,0.000200
_3276_,VGND,li1,45.7700,48.9600,0.000175
_3275_,VGND,li1,52.4400,38.0800,0.000181
_3274_,VGND,li1,48.9900,54.4000,0.000293
_3273_,VGND,li1,58.6500,43.5200,0.000179
_3272_,VGND,li1,62.1000,38.0800,0.000203
_3271_,VGND,li1,53.5900,48.9600,0.000208
_3270_,VGND,li1,62.5600,38.0800,0.000203
_3269_,VGND,li1,75.4400,38.0800,0.000216
_3268_,VGND,li1,80.9600,38.0800,0.000218
_3267_,VGND,li1,69.2300,43.5200,0.000191
_3266_,VGND,li1,66.4700,43.5200,0.000190
_3265_,VGND,li1,64.1700,43.5200,0.000188
_3264_,VGND,li1,64.1700,43.5200,0.000188
_3263_,VGND,li1,59.5700,43.5200,0.000179
_3262_,VGND,li1,51.9800,43.5200,0.000160
_3261_,VGND,li1,92.2300,38.0800,0.000219
_3260_,VGND,li1,68.0800,54.4000,0.000341
_3259_,VGND,li1,74.2900,54.4000,0.000350
_3258_,VGND,li1,37.9500,103.3600,0.000287
_3257_,VGND,li1,68.3100,54.4000,0.000341
_3256_,VGND,li1,65.5500,54.4000,0.000334
_3255_,VGND,li1,85.3300,38.0800,0.000220
_3254_,VGND,li1,83.2600,27.2000,0.000224
_3253_,VGND,li1,91.5400,32.6400,0.000158
_3252_,VGND,li1,98.2100,27.2000,0.000255
_3251_,VGND,li1,101.6600,21.7600,0.000136
_3250_,VGND,li1,88.5500,38.0800,0.000220
_3249_,VGND,li1,91.3100,38.0800,0.000219
_3248_,VGND,li1,89.0100,32.6400,0.000157
_3247_,VGND,li1,90.3900,38.0800,0.000219
_3246_,VGND,li1,61.6400,32.6400,0.000132
_3245_,VGND,li1,43.9300,81.6000,0.000343
_3244_,VGND,li1,50.1400,76.1600,0.000302
_3243_,VGND,li1,48.0700,81.6000,0.000373
_3242_,VGND,li1,50.3700,76.1600,0.000302
_3241_,VGND,li1,54.5100,76.1600,0.000325
_3240_,VGND,li1,46.2300,65.2800,0.000406
_3239_,VGND,li1,43.4700,70.7200,0.000377
_3238_,VGND,li1,46.6900,43.5200,0.000150
_3237_,VGND,li1,48.3000,38.0800,0.000169
_3236_,VGND,li1,51.9800,27.2000,0.000141
_3235_,VGND,li1,51.9800,32.6400,0.000115
_3234_,VGND,li1,55.2000,32.6400,0.000121
_3233_,VGND,li1,59.5700,32.6400,0.000129
_3232_,VGND,li1,62.1000,27.2000,0.000173
_3231_,VGND,li1,51.7500,38.0800,0.000181
_3230_,VGND,li1,48.9900,38.0800,0.000169
_3229_,VGND,li1,46.2300,38.0800,0.000160
_3228_,VGND,li1,46.2300,32.6400,0.000098
_3227_,VGND,li1,43.0100,43.5200,0.000136
_3226_,VGND,li1,40.4800,43.5200,0.000126
_3225_,VGND,li1,75.6700,32.6400,0.000146
_3224_,VGND,li1,54.2800,43.5200,0.000170
_3223_,VGND,li1,55.8900,43.5200,0.000174
_3222_,VGND,li1,28.2900,48.9600,0.000091
_3221_,VGND,li1,62.3300,48.9600,0.000236
_3220_,VGND,li1,59.5700,48.9600,0.000225
_3219_,VGND,li1,65.3200,27.2000,0.000182
_3218_,VGND,li1,85.1000,27.2000,0.000228
_3217_,VGND,li1,85.5600,27.2000,0.000228
_3216_,VGND,li1,94.3000,21.7600,0.000130
_3215_,VGND,li1,76.5900,32.6400,0.000148
_3214_,VGND,li1,79.1200,27.2000,0.000214
_3213_,VGND,li1,79.5800,32.6400,0.000150
_3212_,VGND,li1,84.6400,32.6400,0.000154
_3211_,VGND,li1,79.8100,32.6400,0.000150
_3210_,VGND,li1,96.6000,27.2000,0.000250
_3209_,VGND,li1,103.0400,21.7600,0.000136
_3208_,VGND,li1,98.6700,21.7600,0.000134
_3207_,VGND,li1,100.9700,32.6400,0.000164
_3206_,VGND,li1,68.0800,21.7600,0.000101
_3205_,VGND,li1,49.2200,27.2000,0.000133
_3204_,VGND,li1,40.7100,70.7200,0.000337
_3203_,VGND,li1,46.0000,70.7200,0.000397
_3202_,VGND,li1,48.9900,70.7200,0.000410
_3201_,VGND,li1,50.3700,70.7200,0.000419
_3200_,VGND,li1,48.9900,32.6400,0.000107
_3199_,VGND,li1,54.9700,27.2000,0.000149
_3198_,VGND,li1,62.1000,21.7600,0.000091
_3197_,VGND,li1,42.5500,38.0800,0.000137
_3196_,VGND,li1,42.5500,38.0800,0.000137
_3195_,VGND,li1,51.2900,27.2000,0.000141
_3194_,VGND,li1,64.4000,21.7600,0.000095
_3193_,VGND,li1,68.0800,21.7600,0.000101
_3192_,VGND,li1,71.3000,21.7600,0.000104
_3191_,VGND,li1,88.3200,21.7600,0.000124
_3190_,VGND,li1,68.7700,27.2000,0.000188
_3189_,VGND,li1,88.7800,21.7600,0.000124
_3188_,VGND,li1,99.3600,16.3200,0.000121
_3187_,VGND,li1,95.6800,21.7600,0.000130
_3186_,VGND,li1,100.0500,21.7600,0.000134
_3185_,VGND,li1,102.3500,16.3200,0.000125
_3184_,VGND,li1,99.5900,16.3200,0.000121
_3183_,VGND,li1,91.0800,16.3200,0.000114
_3182_,VGND,li1,67.6200,16.3200,0.000083
_3181_,VGND,li1,61.8700,70.7200,0.000459
_3180_,VGND,li1,40.0200,43.5200,0.000126
_3179_,VGND,li1,40.7100,38.0800,0.000128
_3178_,VGND,li1,37.4900,38.0800,0.000119
_3177_,VGND,li1,42.7800,43.5200,0.000136
_3176_,VGND,li1,38.8700,59.8400,0.000245
_3175_,VGND,li1,37.0300,87.0400,0.000235
_3174_,VGND,li1,65.0900,32.6400,0.000136
_3173_,VGND,li1,68.5400,32.6400,0.000138
_3172_,VGND,li1,68.3100,32.6400,0.000138
_3171_,VGND,li1,69.2300,27.2000,0.000188
_3170_,VGND,li1,71.9900,32.6400,0.000143
_3169_,VGND,li1,58.8800,92.4800,0.000288
_3168_,VGND,li1,57.9600,76.1600,0.000333
_3167_,VGND,li1,61.4100,76.1600,0.000343
_3166_,VGND,li1,63.0200,76.1600,0.000343
_3165_,VGND,li1,65.0900,70.7200,0.000476
_3164_,VGND,li1,60.4900,76.1600,0.000338
_3163_,VGND,li1,55.8900,76.1600,0.000325
_3162_,VGND,li1,58.1900,76.1600,0.000333
_3161_,VGND,li1,51.2900,97.9200,0.000243
_3160_,VGND,li1,65.0900,65.2800,0.000528
_3159_,VGND,li1,68.0800,70.7200,0.000486
_3158_,VGND,li1,64.8600,21.7600,0.000095
_3157_,VGND,li1,71.5300,21.7600,0.000104
_3156_,VGND,li1,76.8200,16.3200,0.000096
_3155_,VGND,li1,64.6300,59.8400,0.000343
_3154_,VGND,li1,66.9300,59.8400,0.000348
_3153_,VGND,li1,64.4000,65.2800,0.000517
_3152_,VGND,li1,70.6100,65.2800,0.000553
_3151_,VGND,li1,67.3900,65.2800,0.000540
_3150_,VGND,li1,77.5100,21.7600,0.000113
_3149_,VGND,li1,89.7000,16.3200,0.000112
_3148_,VGND,li1,93.3800,16.3200,0.000117
_3147_,VGND,li1,94.0700,16.3200,0.000117
_3146_,VGND,li1,86.7100,16.3200,0.000107
_3145_,VGND,li1,92.2300,21.7600,0.000129
_3144_,VGND,li1,79.3500,16.3200,0.000100
_3143_,VGND,li1,70.1500,76.1600,0.000353
_3142_,VGND,li1,69.0000,76.1600,0.000350
_3141_,VGND,li1,57.7300,87.0400,0.000357
_3140_,VGND,li1,56.3500,92.4800,0.000278
_3139_,VGND,li1,66.4700,103.3600,0.000503
_3138_,VGND,li1,65.3200,103.3600,0.000503
_3137_,VGND,li1,64.8600,103.3600,0.000503
_3136_,VGND,li1,63.2500,97.9200,0.000281
_3135_,VGND,li1,60.4900,97.9200,0.000276
_3134_,VGND,li1,62.3300,97.9200,0.000281
_3133_,VGND,li1,61.4100,92.4800,0.000297
_3132_,VGND,li1,64.6300,87.0400,0.000375
_3131_,VGND,li1,54.9700,92.4800,0.000268
_3130_,VGND,li1,56.3500,92.4800,0.000278
_3129_,VGND,li1,59.1100,92.4800,0.000288
_3128_,VGND,li1,42.0900,119.6800,0.000291
_3127_,VGND,li1,71.7600,87.0400,0.000390
_3126_,VGND,li1,71.7600,76.1600,0.000353
_3125_,VGND,li1,74.2900,76.1600,0.000355
_3124_,VGND,li1,78.6600,76.1600,0.000360
_3123_,VGND,li1,69.2300,81.6000,0.000451
_3122_,VGND,li1,71.7600,81.6000,0.000458
_3121_,VGND,li1,67.8500,87.0400,0.000381
_3120_,VGND,li1,76.5900,76.1600,0.000357
_3119_,VGND,li1,76.3600,16.3200,0.000096
_3118_,VGND,li1,74.0600,16.3200,0.000092
_3117_,VGND,li1,83.4900,16.3200,0.000105
_3116_,VGND,li1,79.3500,16.3200,0.000100
_3115_,VGND,li1,81.6500,16.3200,0.000102
_3114_,VGND,li1,79.5800,70.7200,0.000517
_3113_,VGND,li1,72.9100,92.4800,0.000327
_3112_,VGND,li1,74.0600,87.0400,0.000395
_3111_,VGND,li1,62.7900,103.3600,0.000491
_3110_,VGND,li1,74.2900,103.3600,0.000533
_3109_,VGND,li1,71.7600,103.3600,0.000526
_3108_,VGND,li1,74.7500,108.8000,0.000586
_3107_,VGND,li1,71.9900,108.8000,0.000583
_3106_,VGND,li1,70.6100,108.8000,0.000583
_3105_,VGND,li1,72.2200,103.3600,0.000526
_3104_,VGND,li1,68.3100,103.3600,0.000510
_3103_,VGND,li1,61.8700,114.2400,0.000628
_3102_,VGND,li1,73.8300,97.9200,0.000306
_3101_,VGND,li1,76.5900,92.4800,0.000339
_3100_,VGND,li1,74.5200,92.4800,0.000333
_3099_,VGND,li1,75.6700,92.4800,0.000339
_3098_,VGND,li1,76.5900,87.0400,0.000400
_3097_,VGND,li1,77.7400,87.0400,0.000400
_3096_,VGND,li1,80.2700,76.1600,0.000361
_3095_,VGND,li1,80.5000,70.7200,0.000525
_3094_,VGND,li1,84.6400,70.7200,0.000532
_3093_,VGND,li1,84.4100,70.7200,0.000532
_3092_,VGND,li1,80.7300,87.0400,0.000404
_3091_,VGND,li1,79.1200,81.6000,0.000492
_3090_,VGND,li1,80.2700,92.4800,0.000351
_3089_,VGND,li1,75.6700,103.3600,0.000533
_3088_,VGND,li1,76.1300,108.8000,0.000589
_3087_,VGND,li1,81.1900,108.8000,0.000591
_3086_,VGND,li1,78.8900,108.8000,0.000590
_3085_,VGND,li1,80.9600,108.8000,0.000591
_3084_,VGND,li1,74.2900,108.8000,0.000586
_3083_,VGND,li1,72.4500,125.1200,0.000674
_3082_,VGND,li1,80.7300,103.3600,0.000546
_3081_,VGND,li1,84.4100,103.3600,0.000555
_3080_,VGND,li1,86.2500,103.3600,0.000559
_3079_,VGND,li1,83.2600,92.4800,0.000357
_3078_,VGND,li1,82.1100,87.0400,0.000409
_3077_,VGND,li1,83.2600,81.6000,0.000507
_3076_,VGND,li1,87.8600,81.6000,0.000525
_3075_,VGND,li1,84.8700,81.6000,0.000514
_3074_,VGND,li1,86.7100,92.4800,0.000368
_3073_,VGND,li1,92.6900,97.9200,0.000348
_3072_,VGND,li1,84.8700,108.8000,0.000590
_3071_,VGND,li1,85.3300,119.6800,0.000472
_3070_,VGND,li1,90.8500,103.3600,0.000569
_3069_,VGND,li1,93.8400,103.3600,0.000574
_3068_,VGND,li1,91.5400,103.3600,0.000569
_3067_,VGND,li1,97.2900,97.9200,0.000356
_3066_,VGND,li1,94.0700,97.9200,0.000348
_3065_,VGND,li1,89.0100,92.4800,0.000373
_3064_,VGND,li1,97.9800,92.4800,0.000394
_3063_,VGND,li1,96.8300,97.9200,0.000356
_3062_,VGND,li1,91.3100,92.4800,0.000379
_3061_,VGND,li1,90.3900,97.9200,0.000343
_3060_,VGND,li1,94.0700,92.4800,0.000385
_3059_,VGND,li1,96.1400,103.3600,0.000578
_3058_,VGND,li1,94.9900,97.9200,0.000352
_3057_,VGND,li1,96.3700,92.4800,0.000389
_3056_,VGND,li1,99.5900,119.6800,0.000479
_3055_,VGND,li1,173.8800,179.5200,0.000220
_3054_,VGND,li1,158.4700,179.5200,0.000323
_3053_,VGND,li1,141.4500,168.6400,0.000402
_3052_,VGND,li1,145.5900,179.5200,0.000373
_3051_,VGND,li1,139.1500,195.8400,0.000361
_3050_,VGND,li1,149.2700,195.8400,0.000356
_3049_,VGND,li1,164.9100,190.4000,0.000395
_3048_,VGND,li1,183.7700,195.8400,0.000263
_3047_,VGND,li1,194.8100,190.4000,0.000481
_3046_,VGND,li1,193.4300,174.0800,0.000486
_3045_,VGND,li1,226.5500,184.9600,0.000732
_3044_,VGND,li1,208.6100,174.0800,0.000675
_3043_,VGND,li1,225.6300,201.2800,0.000553
_3042_,VGND,li1,233.4500,190.4000,0.000748
_3041_,VGND,li1,221.4900,174.0800,0.000755
_3040_,VGND,li1,208.6100,184.9600,0.000580
_3039_,VGND,li1,205.8500,168.6400,0.000407
_3038_,VGND,li1,178.9400,174.0800,0.000228
_3037_,VGND,li1,174.8000,179.5200,0.000201
_3036_,VGND,li1,169.9700,184.9600,0.000249
_3035_,VGND,li1,134.0900,179.5200,0.000397
_3034_,VGND,li1,131.3300,179.5200,0.000402
_3033_,VGND,li1,136.3900,168.6400,0.000420
_3032_,VGND,li1,130.4100,179.5200,0.000402
_3031_,VGND,li1,150.6500,184.9600,0.000339
_3030_,VGND,li1,141.9100,184.9600,0.000364
_3029_,VGND,li1,138.6900,184.9600,0.000369
_3028_,VGND,li1,142.3700,195.8400,0.000361
_3027_,VGND,li1,143.0600,201.2800,0.000459
_3026_,VGND,li1,140.9900,201.2800,0.000468
_3025_,VGND,li1,161.6900,195.8400,0.000317
_3024_,VGND,li1,146.9700,201.2800,0.000437
_3023_,VGND,li1,162.1500,195.8400,0.000307
_3022_,VGND,li1,158.0100,206.7200,0.000491
_3021_,VGND,li1,183.7700,201.2800,0.000259
_3020_,VGND,li1,162.1500,212.1600,0.000298
_3019_,VGND,li1,192.0500,195.8400,0.000316
_3018_,VGND,li1,186.9900,217.6000,0.000331
_3017_,VGND,li1,189.7500,179.5200,0.000243
_3016_,VGND,li1,187.9100,223.0400,0.000757
_3015_,VGND,li1,184.0000,223.0400,0.000580
_3014_,VGND,li1,230.2300,179.5200,0.000349
_3013_,VGND,li1,209.5300,223.0400,0.001325
_3012_,VGND,li1,213.6700,179.5200,0.000329
_3011_,VGND,li1,206.3100,223.0400,0.001268
_3010_,VGND,li1,209.3000,223.0400,0.001325
_3009_,VGND,li1,209.9900,228.4800,0.000365
_3008_,VGND,li1,208.6100,228.4800,0.000365
_3007_,VGND,li1,222.8700,195.8400,0.000460
_3006_,VGND,li1,224.2500,223.0400,0.001452
_3005_,VGND,li1,227.4700,190.4000,0.000737
_3004_,VGND,li1,226.5500,217.6000,0.000485
_3003_,VGND,li1,226.3200,223.0400,0.001456
_3002_,VGND,li1,221.9500,168.6400,0.000530
_3001_,VGND,li1,222.8700,201.2800,0.000547
_3000_,VGND,li1,221.2600,201.2800,0.000534
_2999_,VGND,li1,209.0700,179.5200,0.000321
_2998_,VGND,li1,211.8300,195.8400,0.000422
_2997_,VGND,li1,208.1500,201.2800,0.000464
_2996_,VGND,li1,203.0900,201.2800,0.000426
_2995_,VGND,li1,200.7900,195.8400,0.000364
_2994_,VGND,li1,209.5300,190.4000,0.000620
_2993_,VGND,li1,206.5400,201.2800,0.000443
_2992_,VGND,li1,218.0400,206.7200,0.000323
_2991_,VGND,li1,224.2500,206.7200,0.000328
_2990_,VGND,li1,223.7900,217.6000,0.000473
_2989_,VGND,li1,219.8800,223.0400,0.001428
_2988_,VGND,li1,221.9500,228.4800,0.000395
_2987_,VGND,li1,221.9500,223.0400,0.001440
_2986_,VGND,li1,223.1000,223.0400,0.001440
_2985_,VGND,li1,219.6500,223.0400,0.001428
_2984_,VGND,li1,205.3900,223.0400,0.001218
_2983_,VGND,li1,212.2900,223.0400,0.001348
_2982_,VGND,li1,206.5400,228.4800,0.000356
_2981_,VGND,li1,202.4000,223.0400,0.001138
_2980_,VGND,li1,181.2400,228.4800,0.000230
_2979_,VGND,li1,188.3700,223.0400,0.000757
_2978_,VGND,li1,186.5300,223.0400,0.000692
_2977_,VGND,li1,179.1700,228.4800,0.000209
_2976_,VGND,li1,177.7900,228.4800,0.000229
_2975_,VGND,li1,154.5600,228.4800,0.000373
_2974_,VGND,li1,175.0300,228.4800,0.000249
_2973_,VGND,li1,157.7800,217.6000,0.000620
_2972_,VGND,li1,161.6900,217.6000,0.000560
_2971_,VGND,li1,154.5600,217.6000,0.000662
_2970_,VGND,li1,156.8600,212.1600,0.000335
_2969_,VGND,li1,153.8700,212.1600,0.000347
_2968_,VGND,li1,149.9600,201.2800,0.000415
_2967_,VGND,li1,146.0500,206.7200,0.000641
_2966_,VGND,li1,142.8300,201.2800,0.000459
_2965_,VGND,li1,136.8500,184.9600,0.000372
_2964_,VGND,li1,132.7100,184.9600,0.000377
_2963_,VGND,li1,132.7100,179.5200,0.000397
_2962_,VGND,li1,129.9500,179.5200,0.000402
_2961_,VGND,li1,135.9300,179.5200,0.000393
_2960_,VGND,li1,175.7200,184.9600,0.000214
_2959_,VGND,li1,184.6900,174.0800,0.000355
_2958_,VGND,li1,123.9700,184.9600,0.000384
_2957_,VGND,li1,131.7900,184.9600,0.000380
_2956_,VGND,li1,128.3400,184.9600,0.000382
_2955_,VGND,li1,129.4900,190.4000,0.000505
_2954_,VGND,li1,148.3500,206.7200,0.000618
_2953_,VGND,li1,141.4500,206.7200,0.000673
_2952_,VGND,li1,141.4500,201.2800,0.000468
_2951_,VGND,li1,130.4100,195.8400,0.000347
_2950_,VGND,li1,124.8900,201.2800,0.000501
_2949_,VGND,li1,124.6600,190.4000,0.000506
_2948_,VGND,li1,126.2700,184.9600,0.000383
_2947_,VGND,li1,123.5100,184.9600,0.000384
_2946_,VGND,li1,120.9800,184.9600,0.000384
_2945_,VGND,li1,124.8900,179.5200,0.000407
_2944_,VGND,li1,118.6800,184.9600,0.000383
_2943_,VGND,li1,126.2700,184.9600,0.000383
_2942_,VGND,li1,123.0500,179.5200,0.000409
_2941_,VGND,li1,162.6100,184.9600,0.000289
_2940_,VGND,li1,118.4500,190.4000,0.000505
_2939_,VGND,li1,137.7700,201.2800,0.000483
_2938_,VGND,li1,154.3300,206.7200,0.000542
_2937_,VGND,li1,143.2900,212.1600,0.000388
_2936_,VGND,li1,136.1600,212.1600,0.000413
_2935_,VGND,li1,130.4100,206.7200,0.000703
_2934_,VGND,li1,129.4900,212.1600,0.000438
_2933_,VGND,li1,125.3500,201.2800,0.000501
_2932_,VGND,li1,123.0500,206.7200,0.000699
_2931_,VGND,li1,121.2100,201.2800,0.000504
_2930_,VGND,li1,130.4100,201.2800,0.000493
_2929_,VGND,li1,129.9500,206.7200,0.000703
_2928_,VGND,li1,128.3400,201.2800,0.000496
_2927_,VGND,li1,120.0600,201.2800,0.000504
_2926_,VGND,li1,118.9100,201.2800,0.000503
_2925_,VGND,li1,116.1500,195.8400,0.000318
_2924_,VGND,li1,120.7500,190.4000,0.000506
_2923_,VGND,li1,119.3700,195.8400,0.000323
_2922_,VGND,li1,115.6900,201.2800,0.000503
_2921_,VGND,li1,130.8700,168.6400,0.000438
_2920_,VGND,li1,116.1500,206.7200,0.000693
_2919_,VGND,li1,127.1900,217.6000,0.000841
_2918_,VGND,li1,140.0700,217.6000,0.000790
_2917_,VGND,li1,149.2700,217.6000,0.000726
_2916_,VGND,li1,152.7200,217.6000,0.000683
_2915_,VGND,li1,151.5700,217.6000,0.000703
_2914_,VGND,li1,145.5900,217.6000,0.000765
_2913_,VGND,li1,148.8100,217.6000,0.000726
_2912_,VGND,li1,139.8400,223.0400,0.000438
_2911_,VGND,li1,136.3900,217.6000,0.000809
_2910_,VGND,li1,140.0700,217.6000,0.000790
_2909_,VGND,li1,143.2900,217.6000,0.000778
_2908_,VGND,li1,134.3200,217.6000,0.000817
_2907_,VGND,li1,137.3100,217.6000,0.000809
_2906_,VGND,li1,125.1200,217.6000,0.000849
_2905_,VGND,li1,119.8300,217.6000,0.000854
_2904_,VGND,li1,129.4900,217.6000,0.000834
_2903_,VGND,li1,132.2500,217.6000,0.000824
_2902_,VGND,li1,131.1000,223.0400,0.000434
_2901_,VGND,li1,128.1100,223.0400,0.000433
_2900_,VGND,li1,130.8700,217.6000,0.000834
_2899_,VGND,li1,123.5100,217.6000,0.000849
_2898_,VGND,li1,117.9900,212.1600,0.000466
_2897_,VGND,li1,116.1500,212.1600,0.000474
_2896_,VGND,li1,115.6900,206.7200,0.000693
_2895_,VGND,li1,120.2900,212.1600,0.000459
_2894_,VGND,li1,114.7700,212.1600,0.000474
_2893_,VGND,li1,146.9700,184.9600,0.000351
_2892_,VGND,li1,116.6100,223.0400,0.000426
_2891_,VGND,li1,129.4900,233.9200,0.000490
_2890_,VGND,li1,143.2900,228.4800,0.000393
_2889_,VGND,li1,149.7300,228.4800,0.000391
_2888_,VGND,li1,149.2700,228.4800,0.000395
_2887_,VGND,li1,152.2600,228.4800,0.000381
_2886_,VGND,li1,143.0600,233.9200,0.000457
_2885_,VGND,li1,138.2300,233.9200,0.000475
_2884_,VGND,li1,145.1300,233.9200,0.000447
_2883_,VGND,li1,143.0600,239.3600,0.000130
_2882_,VGND,li1,139.6100,228.4800,0.000387
_2881_,VGND,li1,127.8800,228.4800,0.000366
_2880_,VGND,li1,122.1300,233.9200,0.000489
_2879_,VGND,li1,127.6500,244.8000,0.000070
_2878_,VGND,li1,123.0500,228.4800,0.000353
_2877_,VGND,li1,118.4500,223.0400,0.000428
_2876_,VGND,li1,115.6900,217.6000,0.000857
_2875_,VGND,li1,114.7700,217.6000,0.000856
_2874_,VGND,li1,120.7500,223.0400,0.000429
_2873_,VGND,li1,111.0900,223.0400,0.000421
_2872_,VGND,li1,138.6900,195.8400,0.000359
_2871_,VGND,li1,115.6900,233.9200,0.000481
_2870_,VGND,li1,135.9300,233.9200,0.000483
_2869_,VGND,li1,152.4900,233.9200,0.000415
_2868_,VGND,li1,145.8200,239.3600,0.000132
_2867_,VGND,li1,145.5900,244.8000,0.000077
_2866_,VGND,li1,143.9800,244.8000,0.000077
_2865_,VGND,li1,130.8700,244.8000,0.000072
_2864_,VGND,li1,124.6600,244.8000,0.000068
_2863_,VGND,li1,128.5700,244.8000,0.000071
_2862_,VGND,li1,133.1700,244.8000,0.000073
_2861_,VGND,li1,128.5700,239.3600,0.000125
_2860_,VGND,li1,183.7700,228.4800,0.000243
_2859_,VGND,li1,179.4000,228.4800,0.000209
_2858_,VGND,li1,177.5600,228.4800,0.000229
_2857_,VGND,li1,172.2700,228.4800,0.000263
_2856_,VGND,li1,169.0500,233.9200,0.000278
_2855_,VGND,li1,149.0400,239.3600,0.000133
_2854_,VGND,li1,171.8100,233.9200,0.000251
_2853_,VGND,li1,155.0200,233.9200,0.000396
_2852_,VGND,li1,155.7100,233.9200,0.000396
_2851_,VGND,li1,150.1900,244.8000,0.000078
_2850_,VGND,li1,145.5900,250.2400,0.000130
_2849_,VGND,li1,145.5900,250.2400,0.000130
_2848_,VGND,li1,143.7500,250.2400,0.000134
_2847_,VGND,li1,145.5900,255.6800,0.000071
_2846_,VGND,li1,143.9800,255.6800,0.000071
_2845_,VGND,li1,136.3900,250.2400,0.000146
_2844_,VGND,li1,146.9700,244.8000,0.000077
_2843_,VGND,li1,144.2100,217.6000,0.000765
_2842_,VGND,li1,154.7900,239.3600,0.000134
_2841_,VGND,li1,138.9200,233.9200,0.000475
_2840_,VGND,li1,132.7100,233.9200,0.000486
_2839_,VGND,li1,133.1700,250.2400,0.000152
_2838_,VGND,li1,130.1800,250.2400,0.000158
_2837_,VGND,li1,136.3900,255.6800,0.000075
_2836_,VGND,li1,132.7100,255.6800,0.000076
_2835_,VGND,li1,128.1100,250.2400,0.000161
_2834_,VGND,li1,133.6300,233.9200,0.000486
_2833_,VGND,li1,126.2700,233.9200,0.000490
_2832_,VGND,li1,118.9100,233.9200,0.000487
_2831_,VGND,li1,118.9100,228.4800,0.000342
_2830_,VGND,li1,125.8100,233.9200,0.000490
_2829_,VGND,li1,120.2900,228.4800,0.000349
_2828_,VGND,li1,154.3300,195.8400,0.000344
_2827_,VGND,li1,162.1500,228.4800,0.000332
_2826_,VGND,li1,160.3100,233.9200,0.000354
_2825_,VGND,li1,167.6700,239.3600,0.000135
_2824_,VGND,li1,175.9500,239.3600,0.000109
_2823_,VGND,li1,207.0000,233.9200,0.000303
_2822_,VGND,li1,204.9300,233.9200,0.000297
_2821_,VGND,li1,178.7100,239.3600,0.000095
_2820_,VGND,li1,180.0900,239.3600,0.000095
_2819_,VGND,li1,163.7600,250.2400,0.000086
_2818_,VGND,li1,181.4700,239.3600,0.000106
_2817_,VGND,li1,169.2800,239.3600,0.000131
_2816_,VGND,li1,166.2900,239.3600,0.000135
_2815_,VGND,li1,170.8900,239.3600,0.000124
_2814_,VGND,li1,163.9900,250.2400,0.000086
_2813_,VGND,li1,167.2100,250.2400,0.000077
_2812_,VGND,li1,162.1500,255.6800,0.000054
_2811_,VGND,li1,162.6100,261.1200,0.000102
_2810_,VGND,li1,170.6600,255.6800,0.000040
_2809_,VGND,li1,157.3200,250.2400,0.000102
_2808_,VGND,li1,151.1100,255.6800,0.000066
_2807_,VGND,li1,148.1200,255.6800,0.000069
_2806_,VGND,li1,149.0400,255.6800,0.000067
_2805_,VGND,li1,149.2700,250.2400,0.000120
_2804_,VGND,li1,172.2700,239.3600,0.000124
_2803_,VGND,li1,163.3000,233.9200,0.000328
_2802_,VGND,li1,165.3700,228.4800,0.000309
_2801_,VGND,li1,157.0900,250.2400,0.000102
_2800_,VGND,li1,156.1700,255.6800,0.000062
_2799_,VGND,li1,154.1000,250.2400,0.000110
_2798_,VGND,li1,152.9500,255.6800,0.000064
_2797_,VGND,li1,159.8500,250.2400,0.000097
_2796_,VGND,li1,163.0700,228.4800,0.000332
_2795_,VGND,li1,163.5300,223.0400,0.000431
_2794_,VGND,li1,162.1500,223.0400,0.000431
_2793_,VGND,li1,158.9300,228.4800,0.000354
_2792_,VGND,li1,164.9100,223.0400,0.000429
_2791_,VGND,li1,159.3900,223.0400,0.000433
_2790_,VGND,li1,166.7500,195.8400,0.000281
_2789_,VGND,li1,168.1300,217.6000,0.000451
_2788_,VGND,li1,176.8700,239.3600,0.000109
_2787_,VGND,li1,183.3100,239.3600,0.000112
_2786_,VGND,li1,203.5500,244.8000,0.000289
_2785_,VGND,li1,214.5900,223.0400,0.001371
_2784_,VGND,li1,214.3600,244.8000,0.000342
_2783_,VGND,li1,209.7600,244.8000,0.000323
_2782_,VGND,li1,205.8500,244.8000,0.000304
_2781_,VGND,li1,206.7700,244.8000,0.000304
_2780_,VGND,li1,178.9400,250.2400,0.000046
_2779_,VGND,li1,209.7600,244.8000,0.000323
_2778_,VGND,li1,188.1400,239.3600,0.000122
_2777_,VGND,li1,187.4500,244.8000,0.000145
_2776_,VGND,li1,186.5300,239.3600,0.000116
_2775_,VGND,li1,179.1700,250.2400,0.000046
_2774_,VGND,li1,179.6300,255.6800,0.000029
_2773_,VGND,li1,177.1000,255.6800,0.000027
_2772_,VGND,li1,179.4000,255.6800,0.000029
_2771_,VGND,li1,177.7900,255.6800,0.000027
_2770_,VGND,li1,175.2600,255.6800,0.000031
_2769_,VGND,li1,168.5900,255.6800,0.000043
_2768_,VGND,li1,158.9300,255.6800,0.000060
_2767_,VGND,li1,170.8900,261.1200,0.000084
_2766_,VGND,li1,170.6600,255.6800,0.000040
_2765_,VGND,li1,165.8300,255.6800,0.000048
_2764_,VGND,li1,183.5400,239.3600,0.000112
_2763_,VGND,li1,176.4100,223.0400,0.000415
_2762_,VGND,li1,176.8700,250.2400,0.000051
_2761_,VGND,li1,182.6200,250.2400,0.000053
_2760_,VGND,li1,183.0800,255.6800,0.000031
_2759_,VGND,li1,185.8400,250.2400,0.000058
_2758_,VGND,li1,188.3700,250.2400,0.000062
_2757_,VGND,li1,179.1700,223.0400,0.000410
_2756_,VGND,li1,176.4100,217.6000,0.000311
_2755_,VGND,li1,175.0300,212.1600,0.000158
_2754_,VGND,li1,170.4300,217.6000,0.000411
_2753_,VGND,li1,177.7900,212.1600,0.000133
_2752_,VGND,li1,173.1900,212.1600,0.000187
_2751_,VGND,li1,180.0900,201.2800,0.000226
_2750_,VGND,li1,180.5500,217.6000,0.000283
_2749_,VGND,li1,182.1600,217.6000,0.000283
_2748_,VGND,li1,191.5900,239.3600,0.000127
_2747_,VGND,li1,220.5700,250.2400,0.000103
_2746_,VGND,li1,214.5900,244.8000,0.000342
_2745_,VGND,li1,223.7900,228.4800,0.000398
_2744_,VGND,li1,221.9500,233.9200,0.000325
_2743_,VGND,li1,219.8800,233.9200,0.000323
_2742_,VGND,li1,216.6600,250.2400,0.000100
_2741_,VGND,li1,220.3400,244.8000,0.000349
_2740_,VGND,li1,218.0400,244.8000,0.000346
_2739_,VGND,li1,217.8100,250.2400,0.000100
_2738_,VGND,li1,218.2700,244.8000,0.000348
_2737_,VGND,li1,213.6700,255.6800,0.000043
_2736_,VGND,li1,210.2200,255.6800,0.000042
_2735_,VGND,li1,206.7700,255.6800,0.000041
_2734_,VGND,li1,203.3200,255.6800,0.000041
_2733_,VGND,li1,201.0200,255.6800,0.000040
_2732_,VGND,li1,197.5700,261.1200,0.000063
_2731_,VGND,li1,181.0100,255.6800,0.000029
_2730_,VGND,li1,175.7200,261.1200,0.000060
_2729_,VGND,li1,179.4000,261.1200,0.000049
_2728_,VGND,li1,174.1100,255.6800,0.000036
_2727_,VGND,li1,220.5700,244.8000,0.000349
_2726_,VGND,li1,194.5800,239.3600,0.000129
_2725_,VGND,li1,191.5900,233.9200,0.000234
_2724_,VGND,li1,192.9700,228.4800,0.000292
_2723_,VGND,li1,191.5900,250.2400,0.000065
_2722_,VGND,li1,196.4200,250.2400,0.000074
_2721_,VGND,li1,197.3400,255.6800,0.000038
_2720_,VGND,li1,194.1200,250.2400,0.000071
_2719_,VGND,li1,193.4300,250.2400,0.000068
_2718_,VGND,li1,191.1300,228.4800,0.000276
_2717_,VGND,li1,195.2700,179.5200,0.000276
_2716_,VGND,li1,184.2300,217.6000,0.000315
_2715_,VGND,li1,191.1300,190.4000,0.000445
_2714_,VGND,li1,214.1300,233.9200,0.000318
_2713_,VGND,li1,217.8100,239.3600,0.000136
_2712_,VGND,li1,215.9700,239.3600,0.000136
_2711_,VGND,li1,221.9500,233.9200,0.000325
_2710_,VGND,li1,227.0100,223.0400,0.001456
_2709_,VGND,li1,223.1000,228.4800,0.000395
_2708_,VGND,li1,197.8000,233.9200,0.000264
_2707_,VGND,li1,226.0900,228.4800,0.000399
_2706_,VGND,li1,220.5700,228.4800,0.000389
_2705_,VGND,li1,218.5000,228.4800,0.000385
_2704_,VGND,li1,217.3500,233.9200,0.000321
_2703_,VGND,li1,200.7900,233.9200,0.000278
_2702_,VGND,li1,197.5700,239.3600,0.000130
_2701_,VGND,li1,196.6500,233.9200,0.000254
_2700_,VGND,li1,199.4100,223.0400,0.001059
_2699_,VGND,li1,195.0400,217.6000,0.000368
_2698_,VGND,li1,200.7900,255.6800,0.000040
_2697_,VGND,li1,197.5700,261.1200,0.000063
_2696_,VGND,li1,196.1900,261.1200,0.000062
_2695_,VGND,li1,197.3400,255.6800,0.000038
_2694_,VGND,li1,194.3500,255.6800,0.000036
_2693_,VGND,li1,218.7300,233.9200,0.000323
_2692_,VGND,li1,216.8900,233.9200,0.000321
_2691_,VGND,li1,215.5100,228.4800,0.000379
_2690_,VGND,li1,214.3600,233.9200,0.000318
_2689_,VGND,li1,220.5700,190.4000,0.000698
_2688_,VGND,li1,199.8700,239.3600,0.000131
_2687_,VGND,li1,195.2700,244.8000,0.000210
_2686_,VGND,li1,192.0500,250.2400,0.000068
_2685_,VGND,li1,193.6600,233.9200,0.000244
_2684_,VGND,li1,210.4500,212.1600,0.000203
_2683_,VGND,li1,205.1600,212.1600,0.000195
_2682_,VGND,li1,222.8700,217.6000,0.000473
_2681_,VGND,li1,218.7300,212.1600,0.000215
_2680_,VGND,li1,220.1100,217.6000,0.000466
_2679_,VGND,li1,221.4900,206.7200,0.000327
_2678_,VGND,li1,220.8000,212.1600,0.000218
_2677_,VGND,li1,224.2500,212.1600,0.000220
_2676_,VGND,li1,222.4100,212.1600,0.000219
_2675_,VGND,li1,219.8800,206.7200,0.000327
_2674_,VGND,li1,222.4100,212.1600,0.000219
_2673_,VGND,li1,206.7700,212.1600,0.000198
_2672_,VGND,li1,201.7100,217.6000,0.000394
_2671_,VGND,li1,198.9500,217.6000,0.000383
_2670_,VGND,li1,195.5000,217.6000,0.000368
_2669_,VGND,li1,191.8200,217.6000,0.000355
_2668_,VGND,li1,197.5700,212.1600,0.000179
_2667_,VGND,li1,199.8700,212.1600,0.000183
_2666_,VGND,li1,193.2000,212.1600,0.000170
_2665_,VGND,li1,217.3500,212.1600,0.000215
_2664_,VGND,li1,220.1100,212.1600,0.000218
_2663_,VGND,li1,225.6300,195.8400,0.000466
_2662_,VGND,li1,206.3100,212.1600,0.000195
_2661_,VGND,li1,214.1300,174.0800,0.000702
_2660_,VGND,li1,215.0500,206.7200,0.000317
_2659_,VGND,li1,215.9700,201.2800,0.000511
_2658_,VGND,li1,212.0600,201.2800,0.000480
_2657_,VGND,li1,214.1300,201.2800,0.000500
_2656_,VGND,li1,209.0700,201.2800,0.000464
_2655_,VGND,li1,217.8100,201.2800,0.000521
_2654_,VGND,li1,229.7700,190.4000,0.000743
_2653_,VGND,li1,201.7100,206.7200,0.000278
_2652_,VGND,li1,204.0100,201.2800,0.000426
_2651_,VGND,li1,196.8800,201.2800,0.000374
_2650_,VGND,li1,201.0200,201.2800,0.000409
_2649_,VGND,li1,221.4900,168.6400,0.000530
_2648_,VGND,li1,204.4700,206.7200,0.000286
_2647_,VGND,li1,197.1100,212.1600,0.000179
_2646_,VGND,li1,195.2700,212.1600,0.000175
_2645_,VGND,li1,191.1300,212.1600,0.000165
_2644_,VGND,li1,188.8300,212.1600,0.000156
_2643_,VGND,li1,197.5700,206.7200,0.000261
_2642_,VGND,li1,193.8900,206.7200,0.000253
_2641_,VGND,li1,194.1200,201.2800,0.000340
_2640_,VGND,li1,198.0300,201.2800,0.000374
_2639_,VGND,li1,193.8900,212.1600,0.000170
_2638_,VGND,li1,180.5500,168.6400,0.000195
_2637_,VGND,li1,110.8600,136.0000,0.000550
_2636_,VGND,li1,112.9300,141.4400,0.000441
_2635_,VGND,li1,119.8300,152.3200,0.000652
_2634_,VGND,li1,120.2900,136.0000,0.000533
_2633_,VGND,li1,103.7300,152.3200,0.000710
_2632_,VGND,li1,91.7700,152.3200,0.000731
_2631_,VGND,li1,27.8300,130.5600,0.000229
_2630_,VGND,li1,23.6900,146.8800,0.000182
_2629_,VGND,li1,25.0700,157.7600,0.000163
_2628_,VGND,li1,39.3300,141.4400,0.000205
_2627_,VGND,li1,42.5500,152.3200,0.000440
_2626_,VGND,li1,42.0900,130.5600,0.000422
_2625_,VGND,li1,54.5100,152.3200,0.000559
_2624_,VGND,li1,61.4100,152.3200,0.000635
_2623_,VGND,li1,81.6500,141.4400,0.000415
_2622_,VGND,li1,94.0700,136.0000,0.000567
_2621_,VGND,li1,117.5300,136.0000,0.000538
_2620_,VGND,li1,109.4800,125.1200,0.000722
_2619_,VGND,li1,107.1800,136.0000,0.000556
_2618_,VGND,li1,116.1500,141.4400,0.000438
_2617_,VGND,li1,116.1500,152.3200,0.000664
_2616_,VGND,li1,114.0800,152.3200,0.000673
_2615_,VGND,li1,123.0500,152.3200,0.000631
_2614_,VGND,li1,118.2200,157.7600,0.000608
_2613_,VGND,li1,114.0800,157.7600,0.000609
_2612_,VGND,li1,119.8300,136.0000,0.000533
_2611_,VGND,li1,115.6900,163.2000,0.000534
_2610_,VGND,li1,97.7500,146.8800,0.000670
_2609_,VGND,li1,97.7500,157.7600,0.000597
_2608_,VGND,li1,85.7900,152.3200,0.000726
_2607_,VGND,li1,88.5500,157.7600,0.000581
_2606_,VGND,li1,24.6100,130.5600,0.000177
_2605_,VGND,li1,49.4500,157.7600,0.000432
_2604_,VGND,li1,31.0500,152.3200,0.000281
_2603_,VGND,li1,46.2300,157.7600,0.000408
_2602_,VGND,li1,45.7700,157.7600,0.000408
_2601_,VGND,li1,29.6700,146.8800,0.000244
_2600_,VGND,li1,33.8100,157.7600,0.000285
_2599_,VGND,li1,29.6700,136.0000,0.000196
_2598_,VGND,li1,37.0300,157.7600,0.000324
_2597_,VGND,li1,34.9600,163.2000,0.000233
_2596_,VGND,li1,39.3300,152.3200,0.000397
_2595_,VGND,li1,40.2500,184.9600,0.000242
_2594_,VGND,li1,37.9500,184.9600,0.000222
_2593_,VGND,li1,42.0900,136.0000,0.000308
_2592_,VGND,li1,42.5500,184.9600,0.000259
_2591_,VGND,li1,39.7900,190.4000,0.000332
_2590_,VGND,li1,41.8600,190.4000,0.000344
_2589_,VGND,li1,37.9500,190.4000,0.000316
_2588_,VGND,li1,32.4300,190.4000,0.000256
_2587_,VGND,li1,39.1000,195.8400,0.000109
_2586_,VGND,li1,55.4300,146.8800,0.000498
_2585_,VGND,li1,54.9700,201.2800,0.000359
_2584_,VGND,li1,64.6300,152.3200,0.000656
_2583_,VGND,li1,60.4900,212.1600,0.000442
_2582_,VGND,li1,58.4200,212.1600,0.000415
_2581_,VGND,li1,81.1900,141.4400,0.000415
_2580_,VGND,li1,86.2500,217.6000,0.000840
_2579_,VGND,li1,94.0700,130.5600,0.000681
_2578_,VGND,li1,90.8500,206.7200,0.000661
_2577_,VGND,li1,90.8500,201.2800,0.000476
_2576_,VGND,li1,89.4700,201.2800,0.000476
_2575_,VGND,li1,89.9300,136.0000,0.000558
_2574_,VGND,li1,87.6300,201.2800,0.000472
_2573_,VGND,li1,86.0200,206.7200,0.000638
_2572_,VGND,li1,85.1000,212.1600,0.000492
_2571_,VGND,li1,85.1000,217.6000,0.000840
_2570_,VGND,li1,82.3400,217.6000,0.000825
_2569_,VGND,li1,62.7900,217.6000,0.000681
_2568_,VGND,li1,60.9500,212.1600,0.000442
_2567_,VGND,li1,55.8900,212.1600,0.000396
_2566_,VGND,li1,52.6700,223.0400,0.000254
_2565_,VGND,li1,52.6700,217.6000,0.000572
_2564_,VGND,li1,55.8900,217.6000,0.000615
_2563_,VGND,li1,62.7900,212.1600,0.000448
_2562_,VGND,li1,61.4100,217.6000,0.000681
_2561_,VGND,li1,63.2500,217.6000,0.000695
_2560_,VGND,li1,58.8800,217.6000,0.000638
_2559_,VGND,li1,55.8900,217.6000,0.000615
_2558_,VGND,li1,56.8100,223.0400,0.000280
_2557_,VGND,li1,56.1200,228.4800,0.000179
_2556_,VGND,li1,58.8800,228.4800,0.000189
_2555_,VGND,li1,71.9900,223.0400,0.000339
_2554_,VGND,li1,72.4500,217.6000,0.000762
_2553_,VGND,li1,38.4100,190.4000,0.000332
_2552_,VGND,li1,36.5700,190.4000,0.000316
_2551_,VGND,li1,34.5000,190.4000,0.000296
_2550_,VGND,li1,38.8700,184.9600,0.000242
_2549_,VGND,li1,39.5600,163.2000,0.000280
_2548_,VGND,li1,36.5700,163.2000,0.000257
_2547_,VGND,li1,35.1900,168.6400,0.000220
_2546_,VGND,li1,39.1000,174.0800,0.000208
_2545_,VGND,li1,36.8000,174.0800,0.000189
_2544_,VGND,li1,34.2700,163.2000,0.000233
_2543_,VGND,li1,34.7300,168.6400,0.000220
_2542_,VGND,li1,43.4700,168.6400,0.000287
_2541_,VGND,li1,36.5700,168.6400,0.000235
_2540_,VGND,li1,30.8200,168.6400,0.000180
_2539_,VGND,li1,40.2500,163.2000,0.000280
_2538_,VGND,li1,48.9900,157.7600,0.000432
_2537_,VGND,li1,49.9100,163.2000,0.000353
_2536_,VGND,li1,53.1300,157.7600,0.000453
_2535_,VGND,li1,55.8900,157.7600,0.000465
_2534_,VGND,li1,92.0000,163.2000,0.000503
_2533_,VGND,li1,87.6300,163.2000,0.000492
_2532_,VGND,li1,92.4600,157.7600,0.000586
_2531_,VGND,li1,109.9400,157.7600,0.000607
_2530_,VGND,li1,113.6200,157.7600,0.000609
_2529_,VGND,li1,116.1500,157.7600,0.000609
_2528_,VGND,li1,112.2400,152.3200,0.000681
_2527_,VGND,li1,108.5600,136.0000,0.000553
_2526_,VGND,li1,116.6100,130.5600,0.000673
_2525_,VGND,li1,108.1000,152.3200,0.000696
_2524_,VGND,li1,111.0900,163.2000,0.000531
_2523_,VGND,li1,106.9500,168.6400,0.000472
_2522_,VGND,li1,112.0100,157.7600,0.000608
_2521_,VGND,li1,110.1700,152.3200,0.000689
_2520_,VGND,li1,117.0700,146.8800,0.000675
_2519_,VGND,li1,106.0300,157.7600,0.000604
_2518_,VGND,li1,110.6300,168.6400,0.000469
_2517_,VGND,li1,110.4000,179.5200,0.000399
_2516_,VGND,li1,95.4500,163.2000,0.000509
_2515_,VGND,li1,95.6800,168.6400,0.000472
_2514_,VGND,li1,98.2100,168.6400,0.000473
_2513_,VGND,li1,105.5700,168.6400,0.000473
_2512_,VGND,li1,114.5400,174.0800,0.000382
_2511_,VGND,li1,112.7000,179.5200,0.000406
_2510_,VGND,li1,109.9400,179.5200,0.000399
_2509_,VGND,li1,111.5500,174.0800,0.000385
_2508_,VGND,li1,121.6700,157.7600,0.000607
_2507_,VGND,li1,103.2700,157.7600,0.000602
_2506_,VGND,li1,106.9500,174.0800,0.000389
_2505_,VGND,li1,101.8900,174.0800,0.000393
_2504_,VGND,li1,94.7600,174.0800,0.000393
_2503_,VGND,li1,89.2400,168.6400,0.000467
_2502_,VGND,li1,87.1700,168.6400,0.000462
_2501_,VGND,li1,92.9200,168.6400,0.000470
_2500_,VGND,li1,97.2900,168.6400,0.000472
_2499_,VGND,li1,90.1600,174.0800,0.000389
_2498_,VGND,li1,92.2300,174.0800,0.000391
_2497_,VGND,li1,104.4200,174.0800,0.000392
_2496_,VGND,li1,100.0500,179.5200,0.000373
_2495_,VGND,li1,100.9700,174.0800,0.000393
_2494_,VGND,li1,104.1900,174.0800,0.000392
_2493_,VGND,li1,102.3500,174.0800,0.000393
_2492_,VGND,li1,123.5100,141.4400,0.000429
_2491_,VGND,li1,100.9700,179.5200,0.000373
_2490_,VGND,li1,105.8000,179.5200,0.000385
_2489_,VGND,li1,107.1800,184.9600,0.000372
_2488_,VGND,li1,104.1900,184.9600,0.000368
_2487_,VGND,li1,92.6900,184.9600,0.000351
_2486_,VGND,li1,89.4700,184.9600,0.000347
_2485_,VGND,li1,91.3100,174.0800,0.000389
_2484_,VGND,li1,86.9400,168.6400,0.000462
_2483_,VGND,li1,51.7500,163.2000,0.000364
_2482_,VGND,li1,47.3800,163.2000,0.000337
_2481_,VGND,li1,55.8900,163.2000,0.000381
_2480_,VGND,li1,84.6400,168.6400,0.000457
_2479_,VGND,li1,84.8700,168.6400,0.000457
_2478_,VGND,li1,85.1000,174.0800,0.000379
_2477_,VGND,li1,81.4200,174.0800,0.000374
_2476_,VGND,li1,87.4000,174.0800,0.000385
_2475_,VGND,li1,88.7800,179.5200,0.000341
_2474_,VGND,li1,94.0700,174.0800,0.000393
_2473_,VGND,li1,90.3900,179.5200,0.000341
_2472_,VGND,li1,100.0500,152.3200,0.000719
_2471_,VGND,li1,85.5600,179.5200,0.000332
_2470_,VGND,li1,90.3900,184.9600,0.000347
_2469_,VGND,li1,90.1600,190.4000,0.000469
_2468_,VGND,li1,99.8200,190.4000,0.000487
_2467_,VGND,li1,92.6900,184.9600,0.000351
_2466_,VGND,li1,81.4200,179.5200,0.000316
_2465_,VGND,li1,71.7600,174.0800,0.000345
_2464_,VGND,li1,55.4300,168.6400,0.000355
_2463_,VGND,li1,54.7400,168.6400,0.000355
_2462_,VGND,li1,48.9900,168.6400,0.000327
_2461_,VGND,li1,49.2200,168.6400,0.000327
_2460_,VGND,li1,51.9800,168.6400,0.000343
_2459_,VGND,li1,46.4600,168.6400,0.000309
_2458_,VGND,li1,51.5200,174.0800,0.000274
_2457_,VGND,li1,48.5300,174.0800,0.000258
_2456_,VGND,li1,35.8800,174.0800,0.000189
_2455_,VGND,li1,62.1000,168.6400,0.000388
_2454_,VGND,li1,53.8200,168.6400,0.000355
_2453_,VGND,li1,59.3400,174.0800,0.000307
_2452_,VGND,li1,56.1200,174.0800,0.000295
_2451_,VGND,li1,74.9800,174.0800,0.000358
_2450_,VGND,li1,73.6000,179.5200,0.000289
_2449_,VGND,li1,72.9100,174.0800,0.000353
_2448_,VGND,li1,69.6900,174.0800,0.000339
_2447_,VGND,li1,71.5300,174.0800,0.000345
_2446_,VGND,li1,66.4700,168.6400,0.000397
_2445_,VGND,li1,68.0800,163.2000,0.000429
_2444_,VGND,li1,71.5300,179.5200,0.000282
_2443_,VGND,li1,78.2000,179.5200,0.000307
_2442_,VGND,li1,80.5000,179.5200,0.000316
_2441_,VGND,li1,80.9600,184.9600,0.000333
_2440_,VGND,li1,75.6700,179.5200,0.000300
_2439_,VGND,li1,70.1500,179.5200,0.000282
_2438_,VGND,li1,73.6000,179.5200,0.000289
_2437_,VGND,li1,83.2600,184.9600,0.000337
_2436_,VGND,li1,87.1700,190.4000,0.000465
_2435_,VGND,li1,79.5800,190.4000,0.000446
_2434_,VGND,li1,68.0800,184.9600,0.000314
_2433_,VGND,li1,53.8200,179.5200,0.000222
_2432_,VGND,li1,56.1200,179.5200,0.000231
_2431_,VGND,li1,53.3600,184.9600,0.000286
_2430_,VGND,li1,55.6600,184.9600,0.000291
_2429_,VGND,li1,64.8600,184.9600,0.000308
_2428_,VGND,li1,70.3800,184.9600,0.000317
_2427_,VGND,li1,68.0800,190.4000,0.000421
_2426_,VGND,li1,66.4700,179.5200,0.000264
_2425_,VGND,li1,64.4000,179.5200,0.000256
_2424_,VGND,li1,70.3800,190.4000,0.000427
_2423_,VGND,li1,75.9000,190.4000,0.000441
_2422_,VGND,li1,81.8800,190.4000,0.000452
_2421_,VGND,li1,76.5900,190.4000,0.000441
_2420_,VGND,li1,78.4300,195.8400,0.000222
_2419_,VGND,li1,73.8300,190.4000,0.000436
_2418_,VGND,li1,66.4700,190.4000,0.000416
_2417_,VGND,li1,51.9800,184.9600,0.000281
_2416_,VGND,li1,59.1100,168.6400,0.000377
_2415_,VGND,li1,58.1900,168.6400,0.000367
_2414_,VGND,li1,60.0300,168.6400,0.000377
_2413_,VGND,li1,63.7100,168.6400,0.000388
_2412_,VGND,li1,23.6900,163.2000,0.000138
_2411_,VGND,li1,60.9500,179.5200,0.000249
_2410_,VGND,li1,65.3200,163.2000,0.000418
_2409_,VGND,li1,88.0900,152.3200,0.000728
_2408_,VGND,li1,36.5700,168.6400,0.000235
_2407_,VGND,li1,33.5800,174.0800,0.000172
_2406_,VGND,li1,33.1200,168.6400,0.000200
_2405_,VGND,li1,29.6700,179.5200,0.000112
_2404_,VGND,li1,24.8400,163.2000,0.000133
_2403_,VGND,li1,31.7400,174.0800,0.000151
_2402_,VGND,li1,34.0400,179.5200,0.000135
_2401_,VGND,li1,31.2800,184.9600,0.000178
_2400_,VGND,li1,22.3100,163.2000,0.000138
_2399_,VGND,li1,15.8700,163.2000,0.000145
_2398_,VGND,li1,19.5500,163.2000,0.000143
_2397_,VGND,li1,13.5700,163.2000,0.000146
_2396_,VGND,li1,15.8700,179.5200,0.000095
_2395_,VGND,li1,26.4500,163.2000,0.000133
_2394_,VGND,li1,24.1500,136.0000,0.000129
_2393_,VGND,li1,29.2100,184.9600,0.000159
_2392_,VGND,li1,48.7600,184.9600,0.000275
_2391_,VGND,li1,54.2800,184.9600,0.000286
_2390_,VGND,li1,53.3600,190.4000,0.000377
_2389_,VGND,li1,12.1900,179.5200,0.000096
_2388_,VGND,li1,8.5100,179.5200,0.000097
_2387_,VGND,li1,13.8000,184.9600,0.000106
_2386_,VGND,li1,10.8100,184.9600,0.000107
_2385_,VGND,li1,8.0500,179.5200,0.000097
_2384_,VGND,li1,55.6600,190.4000,0.000387
_2383_,VGND,li1,63.0200,190.4000,0.000404
_2382_,VGND,li1,69.0000,190.4000,0.000421
_2381_,VGND,li1,64.1700,190.4000,0.000411
_2380_,VGND,li1,64.1700,195.8400,0.000184
_2379_,VGND,li1,60.0300,190.4000,0.000399
_2378_,VGND,li1,52.4400,195.8400,0.000147
_2377_,VGND,li1,23.4600,195.8400,0.000052
_2376_,VGND,li1,29.4400,184.9600,0.000159
_2375_,VGND,li1,29.9000,179.5200,0.000112
_2374_,VGND,li1,34.9600,190.4000,0.000296
_2373_,VGND,li1,32.6600,190.4000,0.000256
_2372_,VGND,li1,34.0400,184.9600,0.000203
_2371_,VGND,li1,25.3000,190.4000,0.000178
_2370_,VGND,li1,28.5200,190.4000,0.000223
_2369_,VGND,li1,27.3700,184.9600,0.000130
_2368_,VGND,li1,24.8400,190.4000,0.000152
_2367_,VGND,li1,22.0800,190.4000,0.000153
_2366_,VGND,li1,20.4700,179.5200,0.000091
_2365_,VGND,li1,22.7700,179.5200,0.000087
_2364_,VGND,li1,20.4700,179.5200,0.000091
_2363_,VGND,li1,23.2300,179.5200,0.000087
_2362_,VGND,li1,17.2500,179.5200,0.000093
_2361_,VGND,li1,13.8000,174.0800,0.000094
_2360_,VGND,li1,16.1000,195.8400,0.000055
_2359_,VGND,li1,13.8000,168.6400,0.000112
_2358_,VGND,li1,20.9300,152.3200,0.000190
_2357_,VGND,li1,8.0500,163.2000,0.000147
_2356_,VGND,li1,10.8100,163.2000,0.000147
_2355_,VGND,li1,10.8100,168.6400,0.000113
_2354_,VGND,li1,20.0100,190.4000,0.000154
_2353_,VGND,li1,20.2400,195.8400,0.000053
_2352_,VGND,li1,25.7600,195.8400,0.000050
_2351_,VGND,li1,20.2400,195.8400,0.000053
_2350_,VGND,li1,13.1100,195.8400,0.000057
_2349_,VGND,li1,14.4900,190.4000,0.000155
_2348_,VGND,li1,9.8900,195.8400,0.000057
_2347_,VGND,li1,10.3500,190.4000,0.000155
_2346_,VGND,li1,7.5900,195.8400,0.000057
_2345_,VGND,li1,22.5400,195.8400,0.000052
_2344_,VGND,li1,50.1400,195.8400,0.000141
_2343_,VGND,li1,55.8900,190.4000,0.000387
_2342_,VGND,li1,52.4400,190.4000,0.000377
_2341_,VGND,li1,57.7300,190.4000,0.000393
_2340_,VGND,li1,48.5300,190.4000,0.000365
_2339_,VGND,li1,15.4100,212.1600,0.000111
_2338_,VGND,li1,17.0200,217.6000,0.000172
_2337_,VGND,li1,27.1400,212.1600,0.000130
_2336_,VGND,li1,32.4300,201.2800,0.000179
_2335_,VGND,li1,37.7200,201.2800,0.000227
_2334_,VGND,li1,39.5600,201.2800,0.000242
_2333_,VGND,li1,35.4200,201.2800,0.000199
_2332_,VGND,li1,34.2700,206.7200,0.000236
_2331_,VGND,li1,33.3500,206.7200,0.000216
_2330_,VGND,li1,20.2400,206.7200,0.000144
_2329_,VGND,li1,35.4200,206.7200,0.000236
_2328_,VGND,li1,29.4400,212.1600,0.000153
_2327_,VGND,li1,27.6000,217.6000,0.000204
_2326_,VGND,li1,20.4700,206.7200,0.000142
_2325_,VGND,li1,23.0000,206.7200,0.000138
_2324_,VGND,li1,16.7900,206.7200,0.000145
_2323_,VGND,li1,26.9100,206.7200,0.000155
_2322_,VGND,li1,16.1000,174.0800,0.000094
_2321_,VGND,li1,20.0100,174.0800,0.000093
_2320_,VGND,li1,25.9900,146.8800,0.000210
_2319_,VGND,li1,12.6500,179.5200,0.000096
_2318_,VGND,li1,11.7300,174.0800,0.000095
_2317_,VGND,li1,21.3900,163.2000,0.000140
_2316_,VGND,li1,29.9000,217.6000,0.000240
_2315_,VGND,li1,20.7000,217.6000,0.000169
_2314_,VGND,li1,19.3200,217.6000,0.000171
_2313_,VGND,li1,14.7200,223.0400,0.000081
_2312_,VGND,li1,14.4900,206.7200,0.000145
_2311_,VGND,li1,15.1800,206.7200,0.000145
_2310_,VGND,li1,12.1900,206.7200,0.000145
_2309_,VGND,li1,17.0200,223.0400,0.000080
_2308_,VGND,li1,13.8000,217.6000,0.000174
_2307_,VGND,li1,13.8000,212.1600,0.000111
_2306_,VGND,li1,10.8100,212.1600,0.000112
_2305_,VGND,li1,12.1900,217.6000,0.000174
_2304_,VGND,li1,8.0500,212.1600,0.000112
_2303_,VGND,li1,17.0200,223.0400,0.000080
_2302_,VGND,li1,27.8300,223.0400,0.000098
_2301_,VGND,li1,36.5700,217.6000,0.000344
_2300_,VGND,li1,39.7900,217.6000,0.000392
_2299_,VGND,li1,43.4700,217.6000,0.000427
_2298_,VGND,li1,44.3900,223.0400,0.000211
_2297_,VGND,li1,46.6900,223.0400,0.000227
_2296_,VGND,li1,42.3200,223.0400,0.000191
_2295_,VGND,li1,39.3300,223.0400,0.000178
_2294_,VGND,li1,36.5700,223.0400,0.000162
_2293_,VGND,li1,36.5700,217.6000,0.000344
_2292_,VGND,li1,38.8700,223.0400,0.000178
_2291_,VGND,li1,32.4300,223.0400,0.000132
_2290_,VGND,li1,30.5900,223.0400,0.000113
_2289_,VGND,li1,24.8400,228.4800,0.000049
_2288_,VGND,li1,30.3600,228.4800,0.000073
_2287_,VGND,li1,17.9400,228.4800,0.000052
_2286_,VGND,li1,14.9500,223.0400,0.000081
_2285_,VGND,li1,14.2600,228.4800,0.000053
_2284_,VGND,li1,20.0100,228.4800,0.000051
_2283_,VGND,li1,10.3500,228.4800,0.000053
_2282_,VGND,li1,32.4300,228.4800,0.000082
_2281_,VGND,li1,44.3900,228.4800,0.000128
_2280_,VGND,li1,43.2400,228.4800,0.000128
_2279_,VGND,li1,51.2900,223.0400,0.000254
_2278_,VGND,li1,53.5900,223.0400,0.000265
_2277_,VGND,li1,53.1300,228.4800,0.000162
_2276_,VGND,li1,51.7500,228.4800,0.000162
_2275_,VGND,li1,53.8200,228.4800,0.000170
_2274_,VGND,li1,47.1500,228.4800,0.000137
_2273_,VGND,li1,46.2300,228.4800,0.000137
_2272_,VGND,li1,49.2200,228.4800,0.000152
_2271_,VGND,li1,28.9800,228.4800,0.000062
_2270_,VGND,li1,26.2200,228.4800,0.000049
_2269_,VGND,li1,27.8300,228.4800,0.000062
_2268_,VGND,li1,28.7500,233.9200,0.000067
_2267_,VGND,li1,22.3100,228.4800,0.000050
_2266_,VGND,li1,61.8700,228.4800,0.000198
_2265_,VGND,li1,65.3200,233.9200,0.000278
_2264_,VGND,li1,68.3100,228.4800,0.000217
_2263_,VGND,li1,52.6700,217.6000,0.000572
_2262_,VGND,li1,50.1400,206.7200,0.000380
_2261_,VGND,li1,54.5100,206.7200,0.000416
_2260_,VGND,li1,46.0000,206.7200,0.000344
_2259_,VGND,li1,55.2000,201.2800,0.000359
_2258_,VGND,li1,38.8700,212.1600,0.000246
_2257_,VGND,li1,30.3600,206.7200,0.000194
_2256_,VGND,li1,33.8100,141.4400,0.000163
_2255_,VGND,li1,24.6100,206.7200,0.000138
_2254_,VGND,li1,28.2900,206.7200,0.000155
_2253_,VGND,li1,28.7500,201.2800,0.000127
_2252_,VGND,li1,42.0900,206.7200,0.000309
_2251_,VGND,li1,46.6900,146.8800,0.000426
_2250_,VGND,li1,43.4700,212.1600,0.000290
_2249_,VGND,li1,43.9300,206.7200,0.000326
_2248_,VGND,li1,46.6900,206.7200,0.000344
_2247_,VGND,li1,79.5800,217.6000,0.000808
_2246_,VGND,li1,76.5900,217.6000,0.000790
_2245_,VGND,li1,78.4300,223.0400,0.000361
_2244_,VGND,li1,80.7300,223.0400,0.000367
_2243_,VGND,li1,76.3600,223.0400,0.000354
_2242_,VGND,li1,74.9800,223.0400,0.000348
_2241_,VGND,li1,68.3100,206.7200,0.000520
_2240_,VGND,li1,71.5300,206.7200,0.000536
_2239_,VGND,li1,54.7400,206.7200,0.000416
_2238_,VGND,li1,52.2100,206.7200,0.000397
_2237_,VGND,li1,54.9700,136.0000,0.000399
_2236_,VGND,li1,51.7500,206.7200,0.000380
_2235_,VGND,li1,50.8300,201.2800,0.000328
_2234_,VGND,li1,68.7700,212.1600,0.000459
_2233_,VGND,li1,65.7800,206.7200,0.000505
_2232_,VGND,li1,72.4500,223.0400,0.000339
_2231_,VGND,li1,74.0600,228.4800,0.000237
_2230_,VGND,li1,71.9900,228.4800,0.000231
_2229_,VGND,li1,67.6200,228.4800,0.000217
_2228_,VGND,li1,67.8500,233.9200,0.000292
_2227_,VGND,li1,65.0900,228.4800,0.000208
_2226_,VGND,li1,64.6300,228.4800,0.000208
_2225_,VGND,li1,77.5100,217.6000,0.000790
_2224_,VGND,li1,86.2500,206.7200,0.000638
_2223_,VGND,li1,82.5700,206.7200,0.000619
_2222_,VGND,li1,79.3500,212.1600,0.000479
_2221_,VGND,li1,78.4300,206.7200,0.000593
_2220_,VGND,li1,76.1300,206.7200,0.000579
_2219_,VGND,li1,74.7500,212.1600,0.000473
_2218_,VGND,li1,88.5500,206.7200,0.000650
_2217_,VGND,li1,81.6500,206.7200,0.000606
_2216_,VGND,li1,84.8700,201.2800,0.000465
_2215_,VGND,li1,85.7900,201.2800,0.000465
_2214_,VGND,li1,86.2500,141.4400,0.000427
_2213_,VGND,li1,78.2000,206.7200,0.000593
_2212_,VGND,li1,67.8500,201.2800,0.000408
_2211_,VGND,li1,60.4900,146.8800,0.000531
_2210_,VGND,li1,65.0900,201.2800,0.000398
_2209_,VGND,li1,65.0900,201.2800,0.000398
_2208_,VGND,li1,73.3700,206.7200,0.000560
_2207_,VGND,li1,86.2500,195.8400,0.000240
_2206_,VGND,li1,77.0500,201.2800,0.000438
_2205_,VGND,li1,76.3600,201.2800,0.000438
_2204_,VGND,li1,78.6600,201.2800,0.000446
_2203_,VGND,li1,74.7500,146.8800,0.000595
_2202_,VGND,li1,71.9900,141.4400,0.000367
_2201_,VGND,li1,246.7900,146.8800,0.000343
_2200_,VGND,li1,196.1900,152.3200,0.000415
_2199_,VGND,li1,255.5300,157.7600,0.000946
_2198_,VGND,li1,179.6300,157.7600,0.000308
_2197_,VGND,li1,142.3700,174.0800,0.000336
_2196_,VGND,li1,149.7300,163.2000,0.000455
_2195_,VGND,li1,255.5300,141.4400,0.000616
_2194_,VGND,li1,158.0100,146.8800,0.000401
_2193_,VGND,li1,256.9100,125.1200,0.000787
_2192_,VGND,li1,148.3500,130.5600,0.000584
_2191_,VGND,li1,162.6100,174.0800,0.000275
_2190_,VGND,li1,162.6100,168.6400,0.000274
_2189_,VGND,li1,252.7700,125.1200,0.000786
_2188_,VGND,li1,190.6700,125.1200,0.000384
_2187_,VGND,li1,256.9100,174.0800,0.000813
_2186_,VGND,li1,198.0300,168.6400,0.000355
_2185_,VGND,li1,254.6100,119.6800,0.000368
_2184_,VGND,li1,205.3900,119.6800,0.000293
_2183_,VGND,li1,255.0700,163.2000,0.000760
_2182_,VGND,li1,209.0700,163.2000,0.000573
_2181_,VGND,li1,248.1700,119.6800,0.000363
_2180_,VGND,li1,242.6500,119.6800,0.000360
_2179_,VGND,li1,246.3300,152.3200,0.000626
_2178_,VGND,li1,223.7900,152.3200,0.000586
_2177_,VGND,li1,249.5500,163.2000,0.000758
_2176_,VGND,li1,238.9700,157.7600,0.000931
_2175_,VGND,li1,247.2500,141.4400,0.000608
_2174_,VGND,li1,240.8100,141.4400,0.000600
_2173_,VGND,li1,252.7700,168.6400,0.000636
_2172_,VGND,li1,240.3500,168.6400,0.000620
_2171_,VGND,li1,255.0700,136.0000,0.000533
_2170_,VGND,li1,220.1100,141.4400,0.000525
_2169_,VGND,li1,136.8500,32.6400,0.000156
_2168_,VGND,li1,136.8500,103.3600,0.000585
_2167_,VGND,li1,140.0700,27.2000,0.000278
_2166_,VGND,li1,146.0500,92.4800,0.000372
_2165_,VGND,li1,155.2500,43.5200,0.000098
_2164_,VGND,li1,154.3300,48.9600,0.000186
_2163_,VGND,li1,149.7300,32.6400,0.000140
_2162_,VGND,li1,146.9700,38.0800,0.000167
_2161_,VGND,li1,123.9700,21.7600,0.000141
_2160_,VGND,li1,125.8100,32.6400,0.000165
_2159_,VGND,li1,112.4700,21.7600,0.000141
_2158_,VGND,li1,116.1500,76.1600,0.000365
_2157_,VGND,li1,13.5700,103.3600,0.000150
_2156_,VGND,li1,33.8100,108.8000,0.000281
_2155_,VGND,li1,15.4100,43.5200,0.000071
_2154_,VGND,li1,33.8100,48.9600,0.000121
_2153_,VGND,li1,15.4100,54.4000,0.000133
_2152_,VGND,li1,36.5700,54.4000,0.000216
_2151_,VGND,li1,12.1900,87.0400,0.000136
_2150_,VGND,li1,23.2300,87.0400,0.000126
_2149_,VGND,li1,12.6500,103.3600,0.000151
_2148_,VGND,li1,46.6900,92.4800,0.000230
_2147_,VGND,li1,20.9300,114.2400,0.000152
_2146_,VGND,li1,27.8300,125.1200,0.000206
_2145_,VGND,li1,13.1100,119.6800,0.000136
_2144_,VGND,li1,59.5700,119.6800,0.000394
_2143_,VGND,li1,11.7300,136.0000,0.000137
_2142_,VGND,li1,72.4500,136.0000,0.000499
_2141_,VGND,li1,13.1100,125.1200,0.000169
_2140_,VGND,li1,89.9300,125.1200,0.000743
_2139_,VGND,li1,123.9700,168.6400,0.000451
_2138_,VGND,li1,117.9900,119.6800,0.000449
_2137_,VGND,li1,156.6300,152.3200,0.000413
_2136_,VGND,li1,100.5100,195.8400,0.000275
_2135_,VGND,li1,186.5300,136.0000,0.000256
_2134_,VGND,li1,230.2300,146.8800,0.000318
_2133_,VGND,li1,122.5900,130.5600,0.000662
_2132_,VGND,li1,181.0100,21.7600,0.000032
_2131_,VGND,li1,184.6900,21.7600,0.000032
